journey_id,user_id,conversion_timestamp,order_value_usd,n_touchpoints,journey_span_days,converting_channel,segment
j_186d33f4aa,u_dbdc0f6692fc,2023-02-11 11:11:24,176.58,1,0,paid_social_facebook,repeat_customer
j_8e665bc91d,u_66a7938e3f52,2023-07-05 02:12:51,62.06,1,0,direct,high_intent_shopper
j_598e246034,u_419f33caaada,2023-06-14 20:48:28,119.99,3,2,email_newsletter,high_intent_shopper
j_d8092b793c,u_c56bc28e84c7,2023-10-27 09:39:53,130.27,1,0,paid_search_bing,high_intent_shopper
j_561dac4c6f,u_e5cb318b18c3,2023-02-14 01:33:57,88.95,1,0,paid_social_instagram,high_intent_shopper
j_749f699bd4,u_fd8eda6ad9e4,2023-10-22 23:30:58,134.76,2,12,display_programmatic,high_intent_shopper
j_a1d98e6823,u_aece21efadd3,2023-01-31 14:50:02,57.7,6,23,paid_search_google,price_sensitive
j_70d36b1c8a,u_22c893262f84,2023-04-27 01:42:13,73.73,1,0,display_programmatic,repeat_customer
j_3ebe9e7b72,u_71d9371ed583,2023-05-22 13:27:41,67.67,4,19,paid_search_google,price_sensitive
j_c3e2acd8de,u_b2a5346648ed,2023-04-01 23:06:43,45.21,3,20,paid_social_instagram,new_visitor
j_e1932508c4,u_df0f4ff38a36,2023-12-22 01:26:51,90.38,1,0,paid_search_bing,repeat_customer
j_215cd236f0,u_56cb341d76b4,2023-05-25 02:51:55,87.27,6,19,paid_search_bing,new_visitor
j_fe07efe8bc,u_0c7a11693653,2023-10-19 00:15:16,40.81,4,15,direct,brand_aware_browser
j_3b767ec8bf,u_af632c3f07b2,2023-02-05 08:18:09,67.85,9,28,direct,new_visitor
j_97313fe021,u_55a22c0cbaef,2023-08-20 17:29:18,76.07,3,14,email_newsletter,high_intent_shopper
j_466544c131,u_4ee8e827c1c0,2023-02-21 09:12:12,82.78,2,14,paid_search_bing,high_intent_shopper
j_4581b34717,u_7c754705e478,2023-07-08 06:03:51,112.55,8,18,organic_search_seo,new_visitor
j_e25cff7cbd,u_418954349452,2023-09-30 16:21:39,40.71,4,25,paid_social_facebook,new_visitor
j_352895710e,u_5c54bf543623,2023-10-09 10:41:47,41.35,1,0,paid_search_bing,high_intent_shopper
j_7a63fbbede,u_4cb202dc7c69,2023-04-03 09:11:29,135.9,6,17,paid_search_google,repeat_customer
j_b9c6d23485,u_2a0bf328c7a3,2023-11-16 21:24:37,83.22,1,0,direct,high_intent_shopper
j_962a414501,u_7b66f1494819,2023-10-29 12:57:06,46.75,8,28,paid_search_google,brand_aware_browser
j_95da977430,u_29354439cc6c,2023-07-03 21:57:23,89.14,1,0,paid_social_facebook,repeat_customer
j_b5bccb86ae,u_7ce2def1da44,2023-04-10 00:35:11,139.54,2,9,influencer,high_intent_shopper
j_cc1ada1719,u_9e1081e7e330,2023-08-28 18:41:05,120.06,1,0,display_programmatic,repeat_customer
j_c77a35a58d,u_f0ab877f54bd,2023-09-23 16:02:00,32.44,2,20,display_programmatic,price_sensitive
j_7704ad4e2b,u_c45f42b3c360,2023-10-07 22:49:31,82.85,6,9,paid_search_google,brand_aware_browser
j_79bf1e4cc5,u_ca3e5c50fdda,2023-10-14 10:37:40,86.07,3,5,paid_social_facebook,repeat_customer
j_718db2b660,u_e8bb16b46075,2023-02-14 06:31:41,185.44,1,0,email_newsletter,repeat_customer
j_9c682edcc6,u_a2fd069cbfcd,2023-09-08 04:56:12,37.28,5,22,email_retargeting,price_sensitive
j_2040becc67,u_eb5437ee368e,2023-05-09 07:02:22,53.5,4,11,paid_search_google,price_sensitive
j_025b8b6e77,u_0ad64927c48f,2023-04-21 13:29:11,120.26,2,16,email_newsletter,high_intent_shopper
j_bedb9aeb26,u_e5e331ad1605,2023-11-07 22:25:28,79.56,2,0,paid_search_google,high_intent_shopper
j_5fc891d45e,u_9a62ea080a84,2023-02-09 06:35:53,127.68,5,21,email_retargeting,repeat_customer
j_8a37c4570a,u_889422b912c3,2023-12-06 15:09:06,52.13,3,17,direct,price_sensitive
j_51818b9ed3,u_e6800fa6f565,2023-05-20 21:08:43,206.34,4,14,paid_search_bing,brand_aware_browser
j_a31fd7f0ad,u_7923a4652c6b,2023-11-30 04:53:22,50.12,2,0,paid_search_bing,price_sensitive
j_b07f68db12,u_c625daca8153,2023-11-01 10:42:25,56.6,1,0,paid_search_bing,new_visitor
j_c304b3e77f,u_5e807f0a98cc,2023-03-31 13:37:28,22.12,5,28,paid_search_google,price_sensitive
j_b48bedb89f,u_f87033cc93ae,2023-10-26 02:20:04,162.76,2,12,direct,high_intent_shopper
j_c00c184b18,u_90d48bf5dbc0,2023-05-19 18:27:31,111.18,1,0,paid_social_facebook,high_intent_shopper
j_02d4411f26,u_c16916db63d3,2023-02-11 23:31:52,80.38,1,0,paid_social_facebook,repeat_customer
j_8ae94e6fd7,u_6ff4b8f7ef0e,2023-11-06 17:40:42,49.82,4,7,paid_search_google,brand_aware_browser
j_6b5a67c12f,u_62ac5141f279,2023-09-26 23:37:06,100.3,6,24,paid_search_google,brand_aware_browser
j_2aabbbd04c,u_c2141327ea3f,2023-10-06 07:58:53,86.93,3,23,direct,high_intent_shopper
j_24006646df,u_6515b6db5b17,2023-03-07 11:50:47,95.28,2,13,email_newsletter,high_intent_shopper
j_37758a1ebc,u_2006ca489f02,2023-07-31 07:21:10,116.35,9,28,paid_search_google,new_visitor
j_5da8f944b8,u_a2ce4a120070,2023-10-26 12:45:12,82.11,2,0,paid_search_google,high_intent_shopper
j_a56630e81c,u_e0c3b3b16b32,2023-07-06 18:09:04,93.59,3,16,paid_search_google,high_intent_shopper
j_383c048532,u_655cb476625b,2023-10-13 13:39:50,136.36,6,16,paid_search_google,high_intent_shopper
j_230182e23a,u_09b4387df05a,2023-11-05 21:14:57,58.43,3,20,paid_search_google,high_intent_shopper
j_0d9cf1467c,u_b4d76719e230,2023-10-03 15:55:27,112.6,2,1,paid_search_google,brand_aware_browser
j_752686cc8a,u_425ee9c84d8d,2023-11-08 01:11:54,91.06,2,18,email_newsletter,high_intent_shopper
j_d58229f6af,u_61b05e9b97e6,2023-05-28 16:04:13,48.91,3,10,influencer,new_visitor
j_1164842a57,u_494dc256d373,2023-11-26 03:51:48,108.27,3,10,email_retargeting,high_intent_shopper
j_9a0db31c6c,u_76841c72d5c1,2023-11-26 04:47:12,84.85,6,21,email_retargeting,high_intent_shopper
j_6dbf946d9d,u_c5ec86e917d3,2023-02-12 09:38:25,146.07,2,16,paid_search_google,repeat_customer
j_7e1ade25bd,u_c447db092201,2023-09-16 05:39:34,86.51,4,28,paid_search_google,high_intent_shopper
j_759c7d38fa,u_d3ca2a338132,2023-02-01 05:12:15,47.58,2,2,paid_search_google,price_sensitive
j_b6485159e7,u_00b05f5de9b1,2023-04-18 15:30:04,92.35,3,19,paid_social_instagram,high_intent_shopper
j_2565b23a41,u_c1665fa3a584,2023-09-08 02:14:38,116.01,1,0,paid_social_facebook,repeat_customer
j_e5c7dbfcbe,u_0f725b36a0d2,2023-05-27 09:57:46,78.08,3,5,display_programmatic,high_intent_shopper
j_ac67cffbb8,u_dbd24757b53a,2023-03-17 23:47:15,63.72,5,23,paid_search_bing,brand_aware_browser
j_e6a0c3edf3,u_65037a76e533,2023-07-09 04:50:44,159.56,2,5,paid_search_google,repeat_customer
j_306bcded0b,u_143ec9f3f2e5,2023-09-24 11:54:54,75.0,2,4,email_newsletter,high_intent_shopper
j_9afca57136,u_43bacddf2ed7,2023-06-06 16:50:17,161.6,1,0,paid_social_instagram,repeat_customer
j_9c216a012b,u_20a53485aaa1,2023-06-03 20:57:31,69.18,1,0,organic_search_seo,high_intent_shopper
j_8944d6959c,u_f0c5c3bb13cc,2023-01-17 17:53:07,180.98,2,10,email_retargeting,repeat_customer
j_a6fbf58567,u_964734788596,2023-08-20 20:34:57,100.63,5,22,organic_search_seo,repeat_customer
j_563678bb3e,u_f9a2ecdfe2c3,2023-02-05 07:40:57,61.23,1,0,paid_social_facebook,repeat_customer
j_5e298f76a1,u_44318bd800e2,2023-02-13 08:01:12,266.66,1,0,paid_search_google,high_intent_shopper
j_d55a8064ba,u_71008bf02490,2023-12-26 19:45:32,71.87,3,19,influencer,high_intent_shopper
j_962a82233d,u_3ede32e09ee4,2023-03-01 14:51:10,74.49,6,28,paid_search_google,price_sensitive
j_50f7bdbb4b,u_d2d8fe705f45,2023-02-04 20:18:52,54.06,1,0,paid_social_facebook,repeat_customer
j_362f7f67f9,u_ead1ca4d3139,2023-08-22 12:07:09,69.63,6,10,paid_social_facebook,price_sensitive
j_c429afc670,u_2ca650a6917f,2023-04-02 17:39:08,105.3,2,8,paid_social_facebook,high_intent_shopper
j_6a45c37938,u_3713f9cd86a1,2023-11-28 17:33:50,339.99,3,12,paid_search_google,repeat_customer
j_ba738c95cf,u_51a21dbccc8d,2023-03-05 06:19:24,54.49,8,22,paid_search_google,new_visitor
j_558a51e6e5,u_62030f7ffd0a,2023-12-15 19:42:54,51.18,6,23,paid_social_facebook,brand_aware_browser
j_879c930d46,u_887597945883,2023-10-01 12:52:46,27.48,6,21,paid_social_facebook,new_visitor
j_182facbe26,u_767d4ae1a279,2023-08-27 19:08:43,127.03,3,8,email_retargeting,high_intent_shopper
j_86cef4e112,u_a6e723353392,2023-09-29 07:43:37,155.22,3,13,organic_search_seo,repeat_customer
j_e1d64181bc,u_ffc4b242a2ab,2023-08-04 18:39:50,48.93,4,25,email_newsletter,price_sensitive
j_6b7bff7f7c,u_6aa3864f70e8,2023-11-25 14:57:07,35.17,4,16,paid_search_google,new_visitor
j_6a865eaf8e,u_f43da3a7b030,2023-09-22 08:32:35,172.26,1,0,paid_search_google,repeat_customer
j_b650b07575,u_1cd391d20798,2023-02-17 18:52:28,144.56,1,0,paid_social_facebook,high_intent_shopper
j_1e232c58ba,u_f25eb8a543e0,2023-09-21 21:29:46,70.9,1,0,paid_search_google,high_intent_shopper
j_57f4f4e82f,u_c256d6d10d14,2023-06-09 12:22:19,76.35,4,18,direct,new_visitor
j_cd770c96e6,u_bd2da10ca612,2023-11-25 04:02:44,99.29,1,0,email_newsletter,high_intent_shopper
j_785a6fbe50,u_dabe17567a71,2023-09-08 17:27:00,157.53,1,0,paid_search_bing,repeat_customer
j_69ea043216,u_7f41fe4b0eb6,2023-12-19 10:06:06,139.84,1,0,paid_search_google,repeat_customer
j_2a19828417,u_45e063fd5665,2023-03-17 15:54:01,116.61,3,20,paid_search_google,repeat_customer
j_d4ba804175,u_b7ce9eed2038,2023-09-22 06:29:31,67.07,1,0,display_programmatic,repeat_customer
j_53400dab8a,u_8da0c11ded7a,2023-07-12 18:49:29,61.05,4,11,paid_search_google,brand_aware_browser
j_c33c855ff0,u_8980de8b3681,2023-05-01 07:52:18,100.82,1,0,paid_social_instagram,repeat_customer
j_1641f781b4,u_3a2065b99e52,2023-10-18 07:20:17,93.48,4,9,paid_search_google,new_visitor
j_9461a5f7c3,u_d1ae9df56158,2023-04-03 17:07:05,57.46,6,16,email_newsletter,brand_aware_browser
j_56049f6805,u_3fcd4b8ff08e,2023-06-17 07:19:07,85.02,4,9,display_programmatic,new_visitor
j_e45f59fb96,u_6cd192c086d3,2023-08-26 05:27:06,116.11,1,0,influencer,repeat_customer
j_b5938edc5d,u_abeeb9aa4645,2023-09-01 11:10:05,80.53,3,10,paid_social_facebook,brand_aware_browser
j_af85db8da4,u_7e14116a3687,2023-02-01 10:29:48,83.72,6,25,paid_social_instagram,new_visitor
j_8bb85acfdb,u_6db0252803e9,2023-06-15 07:04:09,283.67,1,0,paid_social_facebook,repeat_customer
j_f9878a6433,u_ecfbd3b66e19,2023-07-24 14:05:26,140.81,2,21,direct,repeat_customer
j_4b46ef7240,u_f3ec070c88cf,2023-03-15 22:16:14,131.75,1,0,email_retargeting,repeat_customer
j_381dcea6fe,u_2267dedadac9,2023-10-21 03:05:33,97.37,2,20,paid_search_bing,repeat_customer
j_cdf31c664a,u_dbad8c97b36e,2023-03-31 08:48:09,93.69,5,22,paid_social_instagram,price_sensitive
j_6f2b56fbb3,u_0486a59b026a,2023-05-13 14:41:31,243.92,1,0,paid_social_facebook,repeat_customer
j_f062004787,u_18551cdc3da5,2023-02-07 08:50:14,42.07,1,0,paid_social_facebook,high_intent_shopper
j_24b021af44,u_78c8973121f2,2023-06-04 19:30:01,49.27,4,24,paid_social_facebook,price_sensitive
j_741660c065,u_abf67aaeea6e,2023-08-09 03:12:48,138.45,1,0,email_retargeting,repeat_customer
j_9dd6bd9b04,u_b8ac741933d0,2023-02-03 23:52:53,186.24,1,0,paid_social_instagram,repeat_customer
j_fa38f10e7f,u_859154f6ef33,2023-06-13 05:13:06,119.8,1,0,paid_social_instagram,high_intent_shopper
j_1ace146658,u_b58e5f8015fa,2023-10-23 05:34:09,126.96,2,6,paid_search_google,repeat_customer
j_67ecb8bbab,u_7ecd7e127e78,2023-10-10 12:39:14,131.53,1,0,paid_social_facebook,high_intent_shopper
j_be56d6ab33,u_69defc3c89b8,2023-10-21 05:04:27,150.41,1,0,display_programmatic,high_intent_shopper
j_cc87f6f7de,u_e4758c314754,2023-08-07 00:22:51,58.87,6,6,paid_search_google,high_intent_shopper
j_d18c231691,u_1efc4c81257c,2023-02-26 01:07:10,34.48,5,24,paid_search_google,price_sensitive
j_073a834453,u_b86b3b68ee84,2023-02-19 14:17:53,204.07,1,0,email_newsletter,repeat_customer
j_2a61a96497,u_8fe74b339c26,2023-04-02 13:46:45,167.86,3,21,organic_search_seo,repeat_customer
j_0ea6f64f10,u_c8bf27918d57,2023-10-09 08:05:43,58.06,4,23,email_newsletter,new_visitor
j_9f94967bec,u_d7f6d21ae7ef,2023-09-22 20:05:54,50.84,1,0,paid_social_facebook,high_intent_shopper
j_12abb83bf3,u_549a6fa7120d,2023-07-17 05:09:41,82.51,2,2,paid_search_google,repeat_customer
j_c7da3359cb,u_c3b53121fd0b,2023-02-07 05:56:39,181.5,4,22,email_retargeting,high_intent_shopper
j_2d41c06bd7,u_06a3d7ca9dfe,2023-12-08 14:21:25,86.48,1,0,influencer,repeat_customer
j_b22d005561,u_b7927ac29693,2023-04-06 11:33:55,70.92,4,15,paid_search_google,price_sensitive
j_ddc079f571,u_e4d8d595e1fd,2023-12-03 07:02:10,41.2,9,26,paid_search_google,new_visitor
j_c7b70c1a9e,u_9f1393f7db78,2023-08-15 10:31:47,80.66,4,17,direct,brand_aware_browser
j_0ced3dd6b3,u_988c7e0e31a4,2023-08-30 07:05:34,83.13,2,1,paid_search_google,high_intent_shopper
j_00d04b4489,u_ad2921661499,2023-04-01 19:35:47,99.82,1,0,email_newsletter,high_intent_shopper
j_6d6f0f3ba9,u_ba99c39ba1c5,2023-03-05 16:15:45,162.2,2,3,paid_search_google,brand_aware_browser
j_73842d9fd6,u_090ecf2ab932,2023-03-19 10:10:11,296.89,1,0,influencer,repeat_customer
j_67ab5f4b91,u_2dd18ae22033,2023-04-15 00:27:42,361.55,2,7,influencer,repeat_customer
j_58c5a5b938,u_69770aa56e4e,2023-04-21 00:31:47,51.01,2,0,paid_search_bing,high_intent_shopper
j_21eff393d8,u_e70f30dcbb72,2023-06-04 06:50:39,117.4,2,4,email_newsletter,new_visitor
j_c5906e8ba9,u_c3aafbde4470,2023-12-10 18:27:07,92.49,2,23,influencer,repeat_customer
j_ffc254c0d7,u_6da4171fb00b,2023-06-30 04:58:49,84.34,6,20,organic_search_seo,brand_aware_browser
j_37da7e8a46,u_a118250aa427,2023-07-03 08:16:09,50.3,1,0,paid_social_facebook,high_intent_shopper
j_89a30fe7e9,u_273578f9934f,2023-07-19 04:38:58,51.64,2,8,paid_search_google,high_intent_shopper
j_cdcfd7d2c6,u_45cbe5cdcc90,2023-02-05 06:06:39,58.11,10,23,email_newsletter,new_visitor
j_1968005b69,u_070148bfcdef,2023-07-11 16:19:38,150.7,2,10,paid_search_bing,brand_aware_browser
j_d1598e0eb0,u_bd927f92a803,2023-04-19 06:20:45,164.79,3,21,paid_search_google,repeat_customer
j_6e628c458d,u_502b09713d3a,2023-04-13 21:39:17,134.49,3,5,paid_search_google,high_intent_shopper
j_167f51fecc,u_88e578cc2d16,2023-11-15 11:16:59,104.25,2,1,paid_social_facebook,new_visitor
j_d10a58f4a3,u_918394b961cf,2023-12-15 17:40:36,107.02,1,0,paid_social_facebook,high_intent_shopper
j_6f62061419,u_9e613f0f470c,2023-05-24 18:11:37,309.97,3,29,paid_social_facebook,high_intent_shopper
j_0e66f67e4a,u_3f9e7ba314d8,2023-04-22 11:03:31,34.72,3,9,paid_social_facebook,price_sensitive
j_49b48c9ce7,u_854424e86bee,2023-03-31 04:58:47,171.78,4,27,influencer,high_intent_shopper
j_00ebf6fc12,u_7e4cee75d0c6,2023-11-26 01:18:16,90.63,1,0,paid_social_facebook,high_intent_shopper
j_c3fa8940c6,u_2e6688e9cb45,2023-10-07 10:45:04,138.8,5,18,display_programmatic,brand_aware_browser
j_bb02a326f9,u_1ce2b35d8f03,2023-01-27 04:38:38,118.42,3,19,organic_search_seo,repeat_customer
j_474be9f4f5,u_1fd38bb66d6c,2023-07-24 18:29:56,129.52,2,21,direct,repeat_customer
j_44854bcf44,u_265d087c3aa3,2023-01-18 22:59:15,138.96,1,0,display_programmatic,repeat_customer
j_c1bd8d3b36,u_c6c7d91c941a,2023-11-20 21:54:17,29.83,4,26,paid_search_google,price_sensitive
j_77983cbf24,u_5a5cc0042f78,2023-04-14 06:05:34,113.41,3,11,paid_social_instagram,high_intent_shopper
j_88a95f6af9,u_beeeed7ba4ba,2023-11-21 15:31:33,114.97,2,3,display_programmatic,repeat_customer
j_6e57d04628,u_c846b1f23b68,2023-02-16 11:26:00,195.86,1,0,paid_search_google,repeat_customer
j_8d1ace1ee7,u_70e9a40a61cd,2023-12-28 21:33:46,65.38,1,0,paid_social_facebook,price_sensitive
j_2bfe39af08,u_8e30de0067a1,2023-02-17 14:20:55,54.34,2,7,paid_search_bing,high_intent_shopper
j_c0c4b47dbe,u_bc8d45371078,2023-12-13 21:31:09,17.75,3,14,paid_social_facebook,price_sensitive
j_5ee333306c,u_55d8d643707d,2023-09-30 19:06:10,66.88,8,22,email_retargeting,new_visitor
j_06870831f8,u_a01d7b9b42aa,2023-10-02 08:54:11,212.08,1,0,display_programmatic,high_intent_shopper
j_dcd75f265e,u_f997106893ca,2023-06-14 00:00:22,96.55,2,3,organic_search_seo,high_intent_shopper
j_151727204f,u_b712fae31a78,2023-02-07 18:21:19,162.68,6,17,paid_search_google,repeat_customer
j_761fd666de,u_909daa1ee83c,2023-06-18 13:48:27,166.52,4,22,paid_search_bing,brand_aware_browser
j_afcfad6cb7,u_261b7d32eea7,2023-09-13 19:25:56,126.16,1,0,paid_search_bing,repeat_customer
j_8f96035871,u_5ad3b7707fe5,2023-11-14 04:01:27,91.07,3,16,paid_search_google,high_intent_shopper
j_454afe8cb0,u_92be01d5ccc3,2023-11-05 05:24:34,108.79,2,7,direct,high_intent_shopper
j_ec64724d1e,u_866086791e58,2023-12-02 15:26:59,125.21,1,0,paid_social_facebook,repeat_customer
j_01e20af91c,u_738094b40f41,2023-03-06 08:31:43,229.66,1,0,display_programmatic,repeat_customer
j_ea6484c54c,u_b8d1e8d74faa,2023-03-23 18:03:50,60.99,4,22,direct,price_sensitive
j_8f31e37667,u_2247167cafb3,2023-04-29 02:55:25,178.73,10,23,direct,brand_aware_browser
j_b1e3e2a8a3,u_343a159728bf,2023-08-11 13:50:12,44.55,1,0,paid_search_google,high_intent_shopper
j_3c90cb788e,u_1727ab6ef72e,2023-12-13 14:03:40,80.75,3,21,paid_search_google,repeat_customer
j_b812283f19,u_8866b7a3986e,2023-06-30 13:16:44,257.2,2,10,paid_search_google,repeat_customer
j_de3ab3d77a,u_4381482257c6,2023-12-10 23:08:18,51.81,8,28,paid_search_google,price_sensitive
j_9583c35def,u_29bebfb80a53,2023-04-07 13:00:06,224.8,2,6,paid_search_google,repeat_customer
j_bfabeb8118,u_4185e5d63159,2023-12-19 04:36:03,246.98,3,18,paid_search_bing,high_intent_shopper
j_1da92a69a4,u_c53b50ff85fd,2023-12-22 08:12:17,60.56,11,27,paid_social_facebook,new_visitor
j_6ce7029c7c,u_3cd661f43678,2023-06-07 21:21:48,104.52,2,4,paid_search_google,repeat_customer
j_0f87d4e0f0,u_d88e63597008,2023-08-03 20:51:40,88.63,1,0,paid_social_instagram,high_intent_shopper
j_0a24bcabca,u_78105758d7d8,2023-04-06 04:37:29,57.59,8,23,paid_search_google,new_visitor
j_f5dfc6fc68,u_c29d67de2809,2023-12-12 12:06:33,63.73,6,23,organic_search_seo,brand_aware_browser
j_3fd7a9d7b5,u_99b783533085,2023-05-02 14:58:08,175.74,1,0,display_programmatic,repeat_customer
j_ce9c09948d,u_ea3da7c75ce6,2023-10-18 21:06:35,120.32,2,12,email_retargeting,high_intent_shopper
j_68b48524f6,u_9fcc4310c9b5,2023-05-19 23:55:51,19.51,1,0,influencer,price_sensitive
j_bc92f4319a,u_3f010319f599,2023-11-03 08:38:35,54.03,1,0,influencer,repeat_customer
j_de822a07fc,u_6863056cbfa1,2023-11-04 23:45:28,155.4,1,0,email_retargeting,repeat_customer
j_5330d157a2,u_6469c720220a,2023-07-09 11:43:52,178.57,3,15,direct,repeat_customer
j_d9df3f5eac,u_fe3f976eb65b,2023-05-25 05:14:35,88.93,2,20,paid_search_google,repeat_customer
j_dcb0fba393,u_4ef5a78791d0,2023-02-15 17:57:53,159.02,5,17,direct,new_visitor
j_832f6ad233,u_2092570eda23,2023-05-16 04:25:03,231.92,1,0,email_retargeting,repeat_customer
j_197db1750a,u_a71cdedd09c0,2023-03-08 02:26:37,60.36,1,0,paid_social_instagram,repeat_customer
j_9864c9b0b8,u_f382a37331dc,2023-06-16 07:21:32,59.85,4,13,direct,high_intent_shopper
j_8bd1a520c9,u_c53acaf17cd8,2023-02-04 16:29:20,93.15,1,0,paid_social_instagram,high_intent_shopper
j_c8e573993f,u_43ae3db0c934,2023-11-05 08:45:01,59.4,1,0,influencer,repeat_customer
j_3e921ee3be,u_0a2fb3890c77,2023-12-24 13:41:24,74.52,7,15,email_newsletter,new_visitor
j_dd19240b3b,u_36ccbaa8ca91,2023-05-19 13:51:52,152.46,1,0,paid_social_facebook,repeat_customer
j_1850d5c96c,u_371f8234d238,2023-03-18 15:14:12,182.92,3,18,paid_search_google,high_intent_shopper
j_13664f1103,u_311d232e6e4a,2023-06-23 02:57:00,87.38,1,0,email_newsletter,repeat_customer
j_2b6b9f3227,u_ea6894c4eb14,2023-07-02 07:18:33,112.27,5,22,paid_social_facebook,brand_aware_browser
j_5b6997867f,u_d760b108880c,2023-03-20 10:02:23,76.69,1,0,display_programmatic,repeat_customer
j_723a638a40,u_fca7c0aefbf2,2023-11-09 10:09:54,80.76,4,4,direct,brand_aware_browser
j_d1b4d3a770,u_d5a040e73f3a,2023-03-28 13:51:16,42.68,1,0,paid_social_instagram,price_sensitive
j_b470095727,u_c5379ae516d5,2023-12-29 01:35:22,85.89,2,9,email_retargeting,price_sensitive
j_fa77411137,u_1a7600ff3fae,2023-10-15 11:30:08,71.21,5,13,paid_search_google,brand_aware_browser
j_71ce5663c7,u_c7fa8a1a6017,2023-04-26 16:11:24,94.97,4,15,direct,high_intent_shopper
j_8ec7d3a7f9,u_dac120f2b8a4,2023-07-23 15:20:14,82.6,5,27,email_newsletter,price_sensitive
j_f99254816a,u_97e8ffe68c2c,2023-11-17 02:41:27,98.35,1,0,paid_social_facebook,repeat_customer
j_afd5ae7c4d,u_d777914cb2f6,2023-04-22 21:05:25,110.27,1,0,paid_social_facebook,high_intent_shopper
j_efb6e09ca0,u_8e8261a9ffc5,2023-07-24 05:08:49,84.68,1,0,display_programmatic,price_sensitive
j_e30183614f,u_55349cc7b71a,2023-04-16 06:29:35,117.89,1,0,direct,repeat_customer
j_980a696ceb,u_3bbd4ac8c6fa,2023-02-03 23:55:42,54.16,2,3,email_retargeting,new_visitor
j_9687c6b17e,u_c9e8cebf5ba5,2023-06-03 13:37:18,140.35,1,0,display_programmatic,high_intent_shopper
j_4fa94dce96,u_2a1f0b8937ca,2023-04-09 07:51:23,71.5,2,1,paid_social_instagram,repeat_customer
j_0fabe9546b,u_fbb9b42ee615,2023-07-31 00:14:49,38.45,6,21,email_newsletter,new_visitor
j_cbc8ccbf73,u_ea0e6649d16e,2023-03-12 21:22:15,138.16,2,18,display_programmatic,high_intent_shopper
j_2b2563724a,u_d0111c25cbba,2023-10-13 15:56:30,124.31,1,0,influencer,repeat_customer
j_8c476617e6,u_cd749879b359,2023-06-22 07:26:45,103.44,2,22,paid_search_google,high_intent_shopper
j_2dd9113c08,u_346f99159037,2023-11-05 00:42:24,105.2,1,0,paid_search_google,price_sensitive
j_7b6a9846ba,u_54f70172dfdf,2023-11-19 13:13:41,110.89,1,0,paid_search_google,high_intent_shopper
j_6526e55693,u_1205237a9f79,2023-08-22 09:28:51,123.47,7,24,direct,brand_aware_browser
j_ad4b035542,u_a2a38ac82b6a,2023-04-18 00:02:48,165.77,1,0,organic_search_seo,repeat_customer
j_5be00b1464,u_3e8cd97d47d1,2023-02-10 04:59:18,36.05,4,12,paid_search_google,brand_aware_browser
j_9d7fbec7cc,u_aac645bba422,2023-08-27 19:15:38,74.75,1,0,influencer,high_intent_shopper
j_dbe9abedba,u_42cda49bd51e,2023-09-20 05:10:17,53.57,1,0,paid_social_facebook,high_intent_shopper
j_185f7b218d,u_ed3e8d3795b2,2023-06-04 18:52:21,118.57,2,15,email_newsletter,high_intent_shopper
j_fcd1b881a5,u_759495b9e6bd,2023-07-18 05:19:16,42.09,4,23,paid_social_facebook,price_sensitive
j_3263504199,u_a94e1c7c8e5b,2023-10-11 01:38:55,49.25,10,24,email_retargeting,brand_aware_browser
j_9db8e6cc9d,u_ea0b154d3690,2023-03-09 22:20:38,75.89,4,13,paid_search_google,new_visitor
j_680e24cd4d,u_f5e8bd8fc3ac,2023-06-27 13:36:20,162.15,1,0,display_programmatic,repeat_customer
j_fb1bc4430c,u_7e37ccf2f196,2023-07-09 18:42:34,84.27,4,19,email_retargeting,repeat_customer
j_78ed965c23,u_b4bd32138a8b,2023-09-02 22:09:16,52.4,5,18,email_newsletter,price_sensitive
j_a40a2d1d23,u_ec78c7d90be6,2023-10-04 06:05:40,66.21,1,0,paid_search_google,high_intent_shopper
j_173f56be51,u_ab606b706b1d,2023-03-05 13:01:41,209.48,1,0,paid_search_google,repeat_customer
j_e36ed9f096,u_d00bbc98c3d7,2023-05-19 07:28:17,60.2,3,10,paid_search_google,brand_aware_browser
j_f4bb1d2d96,u_a89191e08eec,2023-08-25 23:14:18,63.42,5,17,paid_search_bing,price_sensitive
j_ef5518eb69,u_828d360390bd,2023-07-09 01:00:29,65.18,2,22,paid_social_facebook,repeat_customer
j_beb243e25f,u_776095fb42d1,2023-02-03 09:45:27,51.31,1,0,display_programmatic,high_intent_shopper
j_71ec64b907,u_61bb6b7204d4,2023-12-20 17:16:34,150.72,3,22,email_retargeting,high_intent_shopper
j_47595a7532,u_347683b886aa,2023-07-30 11:19:35,113.91,1,0,organic_search_seo,repeat_customer
j_a9af056db7,u_1bd4a079daaa,2023-02-24 08:59:07,104.02,2,3,email_retargeting,high_intent_shopper
j_bb88999ea7,u_735fe5aadcda,2023-02-22 20:22:12,52.25,5,5,direct,high_intent_shopper
j_a4b406c6f4,u_febdffd91bf3,2023-12-21 04:33:47,64.18,2,0,influencer,high_intent_shopper
j_3abf13792a,u_b7a61a2e2e73,2023-12-29 19:04:34,124.6,4,24,email_newsletter,high_intent_shopper
j_bdfb9c743c,u_fde1027bf62e,2023-06-28 22:30:43,85.27,3,7,paid_social_instagram,repeat_customer
j_40e57323d6,u_9bbe6dbe7fbb,2023-08-11 22:34:00,109.67,1,0,paid_social_instagram,high_intent_shopper
j_9cee68bc89,u_78d1b7c08d33,2023-11-21 05:53:10,77.7,1,0,display_programmatic,repeat_customer
j_c300258d14,u_bd840b530d9f,2023-02-06 01:33:02,53.12,3,18,email_retargeting,high_intent_shopper
j_3801f62890,u_74bd29b5aacf,2023-07-12 05:31:44,143.38,2,14,influencer,high_intent_shopper
j_20c78b3afc,u_40402c43755f,2023-12-11 03:55:33,133.42,1,0,display_programmatic,repeat_customer
j_0b139d0f9d,u_c0c27d5c3b58,2023-06-23 09:28:57,98.71,1,0,display_programmatic,high_intent_shopper
j_381433bc51,u_915a174b012b,2023-12-07 19:41:06,103.2,5,21,paid_search_google,high_intent_shopper
j_c02d9118cd,u_e72eeb5c5ded,2023-10-24 07:21:14,48.26,8,26,paid_social_facebook,new_visitor
j_de1f13c381,u_02156a63e8f5,2023-03-03 05:50:58,226.68,1,0,paid_social_facebook,repeat_customer
j_d37bc583ff,u_b050588b8c0b,2023-11-07 08:45:57,25.62,2,10,paid_search_bing,price_sensitive
j_8999b6c0a4,u_10ab8654cefa,2023-12-12 01:18:26,216.86,1,0,paid_social_facebook,repeat_customer
j_e7444a5dab,u_8285f4bac6a5,2023-08-06 09:14:54,155.46,2,3,paid_search_bing,high_intent_shopper
j_6ba262a657,u_d4c36c493448,2023-05-14 12:27:07,82.6,5,17,direct,brand_aware_browser
j_0df4af2637,u_cba5e853aaad,2023-02-12 02:44:02,92.62,1,0,paid_social_facebook,price_sensitive
j_990d87ad64,u_4ebe9eee7b48,2023-10-10 21:04:14,53.2,1,0,paid_social_instagram,price_sensitive
j_0b869e9046,u_65c1e3f9079b,2023-09-25 08:50:25,98.13,5,26,paid_social_facebook,repeat_customer
j_672b345d93,u_87bbddca7d10,2023-09-30 02:08:22,25.34,5,17,paid_search_bing,price_sensitive
j_0e3e3b7882,u_0640bfa206b1,2023-03-05 05:10:16,68.48,6,25,paid_search_google,price_sensitive
j_f0faa9ed42,u_527a27c5cd98,2023-10-13 20:21:00,132.08,1,0,paid_social_instagram,repeat_customer
j_3b0d24a0d8,u_4dc6b7fabde9,2023-10-30 10:27:41,84.53,1,0,paid_social_instagram,repeat_customer
j_4df812f8e6,u_736b9cce4176,2023-04-25 23:28:56,69.21,2,14,email_retargeting,repeat_customer
j_185e01e069,u_015c2d885a55,2023-02-24 01:13:58,130.83,1,0,paid_social_instagram,high_intent_shopper
j_505310f136,u_a868a333ce47,2023-01-14 22:41:15,61.05,2,6,direct,repeat_customer
j_abf2df981d,u_dbee98aa50b9,2023-08-18 18:03:35,52.42,4,23,paid_search_google,repeat_customer
j_8e0e0ead74,u_359607d2bd53,2023-04-10 11:38:48,84.13,1,0,email_newsletter,repeat_customer
j_3fa757ad2b,u_52e148f156de,2023-06-25 10:05:45,73.88,3,17,direct,high_intent_shopper
j_642ae6d453,u_16dce53c470f,2023-08-20 01:33:44,68.41,1,0,paid_social_facebook,repeat_customer
j_b035dc5aec,u_a9e2088f7feb,2023-09-11 03:37:25,92.52,1,0,email_newsletter,high_intent_shopper
j_9533b28669,u_2ae112f8edc1,2023-05-31 12:41:10,214.05,2,2,paid_search_google,repeat_customer
j_c1cc2ca1d1,u_8ff9ca603c6c,2023-05-01 06:51:25,63.46,7,18,paid_search_google,brand_aware_browser
j_68f0d01867,u_8df9fbcb3621,2023-09-29 20:46:33,131.37,1,0,paid_social_facebook,repeat_customer
j_0f4b0ed1f8,u_3a5d4b535662,2023-12-19 05:45:42,51.64,1,0,paid_social_instagram,high_intent_shopper
j_5f00456abe,u_f57b42ea7612,2023-05-23 20:33:16,89.44,1,0,direct,high_intent_shopper
j_5d3231f61d,u_6c6aa14b4278,2023-05-27 04:43:19,68.63,1,0,email_newsletter,high_intent_shopper
j_6281b0e082,u_21ff8f7014dc,2023-02-03 23:08:43,95.8,1,0,paid_social_facebook,high_intent_shopper
j_91afed5932,u_ea9a1a136bdf,2023-02-28 22:19:29,94.16,1,0,direct,high_intent_shopper
j_230b7db4b0,u_22e3b3a15902,2023-04-04 04:52:07,95.73,2,14,paid_social_facebook,high_intent_shopper
j_631585c780,u_0eb14d13f82c,2023-12-13 19:16:57,54.17,4,15,paid_social_facebook,brand_aware_browser
j_8538ab914e,u_fc124b9ac240,2023-04-03 11:28:04,93.52,1,0,paid_social_facebook,repeat_customer
j_49b4f64532,u_bd007bccf683,2023-05-31 11:08:15,67.37,2,10,paid_search_google,high_intent_shopper
j_6d167cdf90,u_b5fcead0c2cd,2023-04-19 03:52:30,70.7,2,13,direct,repeat_customer
j_8c14625852,u_6202b398b1ad,2023-12-19 23:09:14,59.12,3,12,direct,high_intent_shopper
j_2d012d3c00,u_dd539c57e9bf,2023-03-23 19:21:32,67.02,2,4,paid_social_facebook,high_intent_shopper
j_b1a2d40fbc,u_73c82d86f89c,2023-05-29 10:15:15,189.36,4,25,paid_social_facebook,high_intent_shopper
j_de37b91b0c,u_3f7fe0df0a6c,2023-03-04 06:33:29,97.14,6,22,paid_search_google,brand_aware_browser
j_3a342fc1f2,u_d9cff07f467d,2023-07-21 18:54:49,53.6,6,23,paid_social_facebook,price_sensitive
j_3333c2f499,u_a4bdc9915fdb,2023-04-06 10:16:35,83.0,2,7,influencer,new_visitor
j_06ad02c909,u_1b3d6c00d216,2023-05-03 22:10:28,135.98,1,0,paid_social_facebook,repeat_customer
j_9e7c52a6c0,u_1951dd215fc4,2023-11-18 08:44:45,119.1,3,2,paid_social_instagram,high_intent_shopper
j_162724fa0b,u_576568c0a5b1,2023-11-19 14:24:54,63.3,2,5,paid_search_google,high_intent_shopper
j_31770e986f,u_75b30afdbcde,2023-11-03 07:20:57,104.27,2,18,influencer,repeat_customer
j_84a90c707b,u_f5c6b74d900b,2023-09-03 03:56:41,198.23,2,16,direct,high_intent_shopper
j_b0500de96c,u_06addb3ac9be,2023-05-27 11:27:20,38.02,4,22,paid_social_instagram,price_sensitive
j_906b0ba1d6,u_3722d71d9836,2023-10-20 07:17:40,295.87,2,21,paid_social_facebook,repeat_customer
j_a150b8521b,u_863d8aa5a507,2023-08-08 10:17:43,41.85,4,17,email_newsletter,price_sensitive
j_f9419d1d8f,u_4d5a6e7829ae,2023-03-02 01:56:44,179.59,5,21,paid_search_google,high_intent_shopper
j_5069303e7e,u_0429419eb414,2023-09-15 16:33:33,69.39,2,0,paid_search_google,price_sensitive
j_d4fb0e1b9f,u_c54499a12baf,2023-10-14 17:32:27,230.38,6,24,email_retargeting,high_intent_shopper
j_3dd0fa26e8,u_752a1f3adf21,2023-07-21 12:31:52,46.64,3,9,direct,high_intent_shopper
j_b3958c543e,u_37a8b6ba6b35,2023-09-22 01:10:55,150.62,1,0,display_programmatic,repeat_customer
j_15093f9d98,u_9ee785534361,2023-02-06 18:59:12,17.97,3,14,paid_search_google,brand_aware_browser
j_25ebca45d7,u_7f7f5aeb8a73,2023-02-17 21:44:57,274.37,2,5,email_retargeting,repeat_customer
j_0597e5e13e,u_e4105f971875,2023-12-13 14:57:17,91.55,1,0,email_newsletter,repeat_customer
j_22cf7af31c,u_383354cf2de5,2023-12-16 15:54:27,35.79,7,26,direct,new_visitor
j_1137793701,u_715cfedec863,2023-04-29 19:40:30,258.85,4,20,organic_search_seo,repeat_customer
j_c87227efe3,u_164aa8658e88,2023-09-16 11:37:12,127.57,1,0,display_programmatic,repeat_customer
j_243dfd0b05,u_cf6e6c31579f,2023-07-15 07:36:02,70.45,2,18,paid_social_instagram,high_intent_shopper
j_4445d0ce88,u_ac67570083ee,2023-01-16 00:13:09,91.81,1,0,influencer,repeat_customer
j_b318c9f2f4,u_e044225cf7d2,2023-06-19 11:05:07,99.51,2,1,direct,high_intent_shopper
j_c5925be42f,u_a91b8396c7ad,2023-04-04 05:02:48,135.86,3,18,email_newsletter,repeat_customer
j_a2d045ce5e,u_39fc9eca478e,2023-02-14 07:19:29,71.2,2,15,paid_search_google,high_intent_shopper
j_f1b4097fd4,u_546a10396b0c,2023-06-03 04:44:38,48.42,5,20,paid_search_google,price_sensitive
j_039f7c4461,u_1253886e7978,2023-07-15 02:02:30,176.1,1,0,paid_search_google,high_intent_shopper
j_84aaeb25f0,u_ce25f33e1294,2023-08-13 17:53:58,165.9,4,12,paid_search_google,repeat_customer
j_14e90c6428,u_44789dd7718d,2023-03-12 14:03:56,84.92,1,0,paid_social_facebook,repeat_customer
j_a610fdb830,u_4466dacdf211,2023-03-08 05:41:50,158.79,3,9,paid_search_google,high_intent_shopper
j_a4a52fff9c,u_e47a9b69a960,2023-10-03 04:14:56,170.51,1,0,display_programmatic,repeat_customer
j_e3112a696d,u_cdce35780c55,2023-08-02 09:33:58,185.87,1,0,influencer,repeat_customer
j_6b0c39915d,u_468f7c86bdf1,2023-03-01 09:33:12,67.38,2,8,paid_search_google,high_intent_shopper
j_9bdf02df9a,u_cdc64dce8233,2023-06-22 19:09:17,46.2,3,10,direct,high_intent_shopper
j_9938c72bbe,u_bed5289e17d6,2023-02-04 07:49:11,135.15,1,0,paid_search_google,repeat_customer
j_86e1afb79a,u_2b1e37932d26,2023-12-12 21:08:54,134.88,1,0,direct,repeat_customer
j_140803b284,u_6c5f37c1daa6,2023-08-26 18:54:09,77.43,1,0,paid_search_google,repeat_customer
j_5692c70f2c,u_56622415f4e7,2023-05-25 22:50:07,56.63,1,0,paid_search_google,repeat_customer
j_50f1bd5d8a,u_0052c5d6bdff,2023-11-20 00:30:57,67.82,3,28,paid_search_google,high_intent_shopper
j_cddb0176dc,u_1598b61551e2,2023-02-22 20:38:13,199.02,1,0,influencer,repeat_customer
j_316b9053a2,u_83331cfdca72,2023-07-05 07:21:48,35.75,5,10,paid_search_bing,brand_aware_browser
j_5f0007bd91,u_9ca66b22311f,2023-07-27 16:27:22,141.85,3,2,paid_search_google,high_intent_shopper
j_aeff16c67e,u_549a2791f9c8,2023-09-12 04:17:08,111.3,6,23,paid_social_facebook,high_intent_shopper
j_0e9dac949f,u_112ca9371f79,2023-12-26 04:37:15,110.02,3,17,organic_search_seo,brand_aware_browser
j_93cd63a9c9,u_4bc7b1af18ff,2023-03-12 07:30:18,40.09,4,22,organic_search_seo,price_sensitive
j_e9957d0b57,u_0b676f663643,2023-07-19 21:12:23,144.14,1,0,paid_social_facebook,repeat_customer
j_06e46f18b9,u_292643b15fb0,2023-05-31 12:52:02,134.79,1,0,paid_social_instagram,repeat_customer
j_849ea6906a,u_26c42b620553,2023-05-28 10:22:15,59.78,2,3,email_retargeting,high_intent_shopper
j_5dc64177fa,u_ccb4c12d84f7,2023-05-31 15:59:30,47.3,2,0,paid_search_google,high_intent_shopper
j_f85f71e0d6,u_2198e14b1885,2023-03-09 06:42:45,68.37,3,1,direct,high_intent_shopper
j_5d541ffced,u_765066c86550,2023-01-12 16:41:14,263.59,1,0,paid_social_facebook,repeat_customer
j_2aa05e9b83,u_d6b1ae9dbddc,2023-04-27 16:19:29,47.72,3,8,paid_social_facebook,price_sensitive
j_78aa19862f,u_87b6be66e887,2023-06-27 03:28:47,35.13,4,11,organic_search_seo,price_sensitive
j_1ccd6e3347,u_a5c10d1eba70,2023-04-08 20:11:58,51.6,6,19,paid_social_instagram,brand_aware_browser
j_dc98a496fa,u_683462674afb,2023-11-17 12:20:27,151.25,1,0,paid_social_facebook,repeat_customer
j_ebf5420b80,u_54ee2ef3b842,2023-05-15 13:30:27,73.42,4,21,paid_search_google,new_visitor
j_c340660e95,u_f1c2dcb24398,2023-12-19 09:44:04,55.99,4,19,paid_search_google,high_intent_shopper
j_1008458427,u_0430800bc566,2023-12-09 10:41:02,148.29,1,0,email_newsletter,repeat_customer
j_fad56c9788,u_6ddc1f83f0fb,2023-09-26 22:20:51,58.59,1,0,paid_social_facebook,high_intent_shopper
j_5c8b1cf94c,u_24bd2ccaeeb8,2023-10-06 03:22:04,65.98,3,19,direct,brand_aware_browser
j_618f17ed99,u_cbad5b53ad2e,2023-12-27 11:33:43,95.92,4,12,organic_search_seo,high_intent_shopper
j_3f871142ca,u_f4e93f0a6407,2023-10-17 19:22:40,116.68,4,21,direct,high_intent_shopper
j_7a2dda5104,u_46097a5a791a,2023-11-01 12:09:32,234.25,3,5,paid_search_google,repeat_customer
j_dfca87d59a,u_c6c612002b30,2023-08-25 08:35:03,62.34,2,18,email_retargeting,high_intent_shopper
j_cd6203b7ee,u_0b87732a1b97,2023-11-23 09:26:49,252.63,3,20,paid_search_google,repeat_customer
j_050628c200,u_4d1205d99d1c,2023-08-28 15:17:20,84.19,2,20,paid_social_facebook,high_intent_shopper
j_2348b4183b,u_b8bc6917310a,2023-07-20 12:42:23,52.81,6,22,paid_search_google,new_visitor
j_4ecdd983f4,u_af30039d9e6d,2023-05-10 10:02:25,95.37,4,25,email_retargeting,new_visitor
j_1de2fde442,u_c6aed63b7b67,2023-05-30 14:57:20,57.71,1,0,paid_social_facebook,high_intent_shopper
j_13509fac41,u_43392336e978,2023-08-27 21:47:26,111.21,1,0,paid_search_bing,high_intent_shopper
j_073c9f7d39,u_4458e846df65,2023-12-22 15:21:18,74.53,5,22,email_retargeting,price_sensitive
j_f4b69b8daf,u_4b3a4f1b29ab,2023-02-07 05:20:23,106.23,2,4,display_programmatic,high_intent_shopper
j_a686bcf302,u_3b0a469d0aa0,2023-05-26 03:59:53,84.8,8,26,email_retargeting,brand_aware_browser
j_2e9406cc81,u_e838c8449aeb,2023-02-06 10:04:20,40.15,1,0,paid_social_facebook,high_intent_shopper
j_62ee04c016,u_22d32717c9c1,2023-03-01 15:20:06,106.45,1,0,paid_social_instagram,high_intent_shopper
j_b4ac24fba2,u_020f4fff05ab,2023-01-23 19:06:58,91.14,1,0,paid_social_facebook,high_intent_shopper
j_11c0fa99e7,u_96c4016c3878,2023-06-30 00:47:46,222.93,1,0,paid_search_google,repeat_customer
j_9ebbb3072a,u_2a88dec53d3f,2023-10-22 06:14:22,49.37,3,21,paid_social_instagram,high_intent_shopper
j_3094072c10,u_251578ed1e19,2023-04-09 12:59:50,58.16,6,19,paid_social_facebook,price_sensitive
j_4f4a98761b,u_6ba5ec479d9a,2023-03-17 08:21:42,37.93,2,13,email_retargeting,price_sensitive
j_5000b00ecc,u_557151c95c40,2023-07-17 11:31:38,48.39,2,4,paid_social_instagram,high_intent_shopper
j_0fbb6ff82d,u_9ef1c6de1760,2023-02-09 07:10:31,184.94,3,14,paid_search_google,high_intent_shopper
j_881476b65e,u_641a02114b0f,2023-11-30 15:25:52,25.99,3,16,paid_search_google,price_sensitive
j_b2ffce1a9d,u_8ee446b9ecdb,2023-12-25 03:23:15,95.45,1,0,influencer,high_intent_shopper
j_f025c651d6,u_c5a1f8262574,2023-04-14 14:38:53,223.69,1,0,paid_search_google,repeat_customer
j_0979558285,u_3330b65603d4,2023-01-30 21:47:37,73.91,1,0,display_programmatic,high_intent_shopper
j_fb4a34290d,u_14b36b788674,2023-01-09 20:14:38,68.08,2,1,paid_search_google,price_sensitive
j_366b8021e2,u_c0e023011671,2023-03-12 15:49:45,142.02,2,6,paid_search_bing,repeat_customer
j_2e7c35d099,u_055830572f71,2023-02-28 14:02:49,101.31,3,22,paid_social_instagram,high_intent_shopper
j_ace51ac29b,u_1898e3638a62,2023-11-20 07:47:34,46.12,3,21,paid_search_google,price_sensitive
j_352fe950ef,u_5c3429d22043,2023-12-05 20:26:43,57.45,2,21,paid_social_facebook,price_sensitive
j_aaf2cbcc0e,u_d26ee1ae01a1,2023-11-14 13:13:44,128.68,2,22,display_programmatic,repeat_customer
j_7792014725,u_d3d25b14a2af,2023-07-21 23:48:41,123.0,1,0,paid_social_facebook,repeat_customer
j_d6fe4d79fe,u_835420a2f402,2023-11-17 13:42:53,51.81,5,18,paid_search_google,price_sensitive
j_104cd5a209,u_ab3e8d3fa2bb,2023-03-24 20:24:21,172.19,2,1,organic_search_seo,high_intent_shopper
j_07c1ea96a4,u_95972dbdb115,2023-11-18 07:59:53,39.99,1,0,influencer,high_intent_shopper
j_ab9226decd,u_de6e5020f8e8,2023-11-08 08:33:43,102.11,2,8,email_retargeting,high_intent_shopper
j_9215dde5c4,u_e27eb0bae001,2023-05-10 12:55:00,55.7,1,0,paid_social_instagram,high_intent_shopper
j_08e0cb674e,u_23c17f61c7de,2023-05-30 07:29:44,38.7,4,13,paid_search_bing,price_sensitive
j_929b3472be,u_9b960acb811f,2023-08-11 22:36:42,160.83,4,15,paid_search_google,high_intent_shopper
j_842528e4e1,u_ba380b631b25,2023-03-06 09:49:56,229.82,1,0,paid_social_facebook,repeat_customer
j_54b8d03ab5,u_2176385f1c33,2023-04-14 12:44:41,58.92,4,20,paid_search_google,price_sensitive
j_9209c27af4,u_70b610547010,2023-06-03 02:30:22,39.48,5,25,paid_social_instagram,brand_aware_browser
j_975289da22,u_42cf766538f6,2023-07-26 01:31:40,89.43,1,0,paid_search_bing,repeat_customer
j_bce5606e4e,u_9a349c157f8f,2023-12-27 22:56:29,143.72,1,0,display_programmatic,repeat_customer
j_bb2a1a6c37,u_538a97b6dd2a,2023-04-12 13:34:48,48.76,8,16,paid_search_bing,brand_aware_browser
j_1016446333,u_04d5a8499ffe,2023-06-15 08:10:38,34.64,5,8,email_retargeting,brand_aware_browser
j_575e29916a,u_929921d450f2,2023-05-29 12:36:10,164.46,4,13,paid_social_facebook,high_intent_shopper
j_39d8431fb8,u_929ad79e2314,2023-12-26 01:04:15,78.86,6,22,email_retargeting,brand_aware_browser
j_1e6ca376bf,u_f393758ae075,2023-05-30 21:42:22,49.33,5,20,paid_search_google,price_sensitive
j_5dff3817df,u_dc1a28cff902,2023-10-26 13:12:30,50.57,1,0,email_newsletter,repeat_customer
j_a513ed78d1,u_82c39c66753b,2023-06-30 06:52:00,150.75,3,12,direct,repeat_customer
j_e02f23bc59,u_025ebacb83b1,2023-06-10 14:06:41,145.32,1,0,paid_search_bing,high_intent_shopper
j_109bab4b70,u_6a57ab41972b,2023-08-19 11:41:33,252.53,1,0,influencer,high_intent_shopper
j_603306382f,u_84981faff7cc,2023-11-06 05:11:06,69.71,1,0,email_retargeting,high_intent_shopper
j_fb915a8684,u_e39d7315dc31,2023-02-07 11:08:01,70.89,2,7,paid_search_bing,price_sensitive
j_496e621f09,u_3d7b0df82971,2023-03-06 07:43:31,36.24,2,4,paid_search_bing,price_sensitive
j_324b80a49f,u_be97a1a1b122,2023-07-07 09:06:00,169.25,3,22,paid_social_facebook,high_intent_shopper
j_56a0909172,u_e1d3e5625dc2,2023-06-28 23:25:25,24.7,6,29,paid_search_google,price_sensitive
j_cc530a64fa,u_bb41eb5f7c2a,2023-07-24 10:07:14,112.55,2,1,paid_search_google,high_intent_shopper
j_692d74f60a,u_4e8db2278018,2023-06-06 16:09:52,71.06,4,24,direct,brand_aware_browser
j_54b72d783f,u_be8423f25bec,2023-11-08 08:10:22,85.69,1,0,paid_search_google,high_intent_shopper
j_4b121277ef,u_6d0ee0d05bee,2023-04-30 23:25:45,88.72,2,5,paid_search_google,repeat_customer
j_8e49935951,u_eb2143f72247,2023-11-28 08:39:36,72.4,4,15,email_newsletter,high_intent_shopper
j_6999b6cff0,u_b64de21c7c69,2023-03-22 12:03:02,54.38,3,20,display_programmatic,price_sensitive
j_459f9d7dbd,u_1a6fc5611293,2023-12-17 00:14:02,105.83,3,1,email_newsletter,repeat_customer
j_e93626c6e1,u_6ec1b18b2b46,2023-02-26 10:44:38,176.51,1,0,paid_social_facebook,high_intent_shopper
j_67a7a90205,u_6c5e8d9ff003,2023-11-07 23:35:06,55.63,3,12,paid_social_instagram,brand_aware_browser
j_6c114b8613,u_86c4abe8cf6b,2023-12-14 07:55:48,122.83,6,18,email_newsletter,brand_aware_browser
j_5d285ad2ec,u_71cd0dd061c0,2023-05-27 04:13:03,65.49,2,8,paid_social_instagram,new_visitor
j_9edd33cf8b,u_1908c8f694f7,2023-08-17 21:30:15,142.85,2,9,paid_search_google,repeat_customer
j_97a17fb186,u_d7be06de501f,2023-04-13 00:20:49,78.87,1,0,email_newsletter,high_intent_shopper
j_2785b55b0e,u_0b7c2d86150f,2023-06-19 09:27:12,71.01,1,0,paid_social_facebook,repeat_customer
j_c9c1bfc04a,u_16966eaf875c,2023-04-16 04:21:19,57.27,4,16,paid_search_google,price_sensitive
j_aa40e1eff8,u_4de9605aa89c,2023-07-02 22:43:03,59.14,1,0,paid_search_google,brand_aware_browser
j_c8ea7dc064,u_62630d1c635d,2023-11-27 08:35:55,81.16,2,2,paid_search_google,repeat_customer
j_9698b8d2d5,u_36d06fbc7a28,2023-08-03 20:25:57,144.22,3,16,paid_social_facebook,high_intent_shopper
j_3e14f8d9fe,u_a02b6948fbb0,2023-06-03 22:10:48,112.9,2,6,paid_search_google,brand_aware_browser
j_55b0aead1e,u_aec420553fe5,2023-03-07 21:58:57,128.51,4,8,paid_social_facebook,brand_aware_browser
j_e5684faed8,u_b19c9056bc36,2023-10-19 23:05:06,81.71,4,19,direct,repeat_customer
j_bc5870ece5,u_7f59183813a3,2023-04-21 16:39:24,90.13,3,18,paid_social_facebook,brand_aware_browser
j_fd0c3b57c8,u_9154ccc829b4,2023-07-18 13:02:39,48.53,5,24,email_newsletter,price_sensitive
j_1588139923,u_28887489bf77,2023-01-23 02:35:25,83.16,2,5,email_newsletter,high_intent_shopper
j_eef7099baf,u_c784c5a2c944,2023-03-08 01:04:55,70.85,2,3,paid_social_instagram,high_intent_shopper
j_cb24199225,u_7782b74105d0,2023-11-18 06:41:34,74.95,1,0,paid_social_facebook,repeat_customer
j_659ef61952,u_8da84cca3477,2023-03-19 12:41:10,68.7,2,1,paid_search_google,high_intent_shopper
j_8fd68e81cd,u_fb8b4d705886,2023-02-03 16:53:07,39.02,3,21,organic_search_seo,price_sensitive
j_0d00bdcae8,u_b7f3cf7c904b,2023-03-07 16:13:11,314.36,1,0,paid_social_instagram,high_intent_shopper
j_030a8774ca,u_16c247d662cc,2023-03-19 00:30:07,113.34,2,5,organic_search_seo,repeat_customer
j_cd9932d954,u_7b920aa7068f,2023-03-13 15:37:33,33.8,4,18,paid_search_google,price_sensitive
j_8c3a4b6728,u_ada0b99e23a0,2023-05-20 03:12:20,26.47,1,0,paid_social_facebook,price_sensitive
j_d271483822,u_ed91e21613aa,2023-04-04 08:36:39,97.75,1,0,paid_social_instagram,high_intent_shopper
j_9281041e0e,u_c4c49202cb1e,2023-12-09 23:12:20,47.24,6,22,paid_search_google,brand_aware_browser
j_904fbeaac1,u_5d77deacab30,2023-10-28 07:19:37,148.08,1,0,paid_social_instagram,high_intent_shopper
j_e7102064ed,u_8d082a8903a1,2023-06-07 01:19:56,61.7,1,0,paid_social_instagram,price_sensitive
j_7adcf836af,u_03030fc8b834,2023-08-29 15:26:14,50.93,5,27,paid_social_facebook,price_sensitive
j_27f6e997b7,u_7055308c93ff,2023-02-22 13:28:21,84.07,2,7,paid_search_google,high_intent_shopper
j_d966013647,u_ce59429e8aeb,2023-09-27 21:57:21,38.89,3,9,display_programmatic,brand_aware_browser
j_de97ea265b,u_6c2f1e2d0d5c,2023-09-14 20:04:41,42.48,7,14,paid_search_google,new_visitor
j_44994dbf12,u_9d9bda45aea7,2023-03-16 04:28:23,178.56,4,22,paid_search_google,repeat_customer
j_cd58d16ba1,u_f92dec031ec4,2023-07-15 21:13:11,85.15,2,9,paid_search_google,high_intent_shopper
j_f2be1f87c9,u_5146305a9a84,2023-06-26 00:36:51,155.07,3,27,organic_search_seo,high_intent_shopper
j_6e9679eb33,u_14bd7b4a2330,2023-05-02 19:32:03,378.66,3,21,paid_search_google,repeat_customer
j_7780b884a8,u_f8e4214a31c2,2023-06-04 05:23:22,162.26,1,0,paid_social_facebook,high_intent_shopper
j_5093fac41e,u_c14768dc8ff3,2023-09-08 08:23:47,131.76,1,0,paid_social_instagram,repeat_customer
j_4dd2fa6594,u_a1f1cd43411b,2023-03-04 23:56:42,140.63,2,9,paid_search_google,high_intent_shopper
j_a891d9e3e0,u_136dbdc624b9,2023-04-08 05:01:59,312.9,3,9,paid_search_google,repeat_customer
j_31e86ed4e3,u_87661cf4a1ed,2023-04-19 02:46:34,88.27,1,0,paid_search_google,repeat_customer
j_95aca0add1,u_216b029f94ad,2023-06-19 00:48:58,198.42,1,0,influencer,repeat_customer
j_04f322cc28,u_edc97a9ba423,2023-07-23 08:42:08,120.7,1,0,paid_social_facebook,repeat_customer
j_bd907b8e16,u_c07615676b18,2023-12-25 08:50:47,82.64,6,28,paid_social_instagram,new_visitor
j_e6294bc2fa,u_72deadc8d608,2023-06-11 02:08:30,74.88,4,7,paid_search_google,repeat_customer
j_5a9341f63a,u_4d5a49136167,2023-10-17 08:05:26,142.04,2,8,paid_search_google,high_intent_shopper
j_15c254c75a,u_b72e69205bb1,2023-12-06 07:17:21,51.89,5,20,email_retargeting,price_sensitive
j_09adc24f3f,u_b34b94e8edc4,2023-09-14 20:49:10,165.1,1,0,email_newsletter,repeat_customer
j_2e9f9faacd,u_1716ced202a8,2023-10-16 05:59:27,83.45,2,18,paid_social_instagram,high_intent_shopper
j_744c7b38b0,u_8bdde146d949,2023-11-27 15:55:51,28.57,9,23,paid_search_google,price_sensitive
j_acc5a9d46f,u_72c6c00d918e,2023-07-27 07:26:11,46.39,3,22,paid_social_facebook,price_sensitive
j_1b157db7e2,u_5ec84518013a,2023-06-02 06:04:26,46.34,1,0,direct,high_intent_shopper
j_45e8824d59,u_679d645ffbc1,2023-08-31 10:06:55,51.74,2,0,paid_search_google,price_sensitive
j_02a6f502d5,u_b909e49b7773,2023-05-29 12:27:27,56.96,3,20,paid_search_google,new_visitor
j_4afec7a7c5,u_cc63cd9baa3b,2023-10-31 07:24:08,61.04,1,0,paid_social_facebook,repeat_customer
j_dd66e83cf2,u_b52ccc09ca65,2023-05-06 15:02:56,56.89,4,16,paid_search_bing,high_intent_shopper
j_7537f528d4,u_5e8d239b0153,2023-08-13 21:18:20,76.66,4,15,paid_search_bing,new_visitor
j_167d270d36,u_5b20714f44a0,2023-02-05 23:53:44,25.69,3,16,paid_social_instagram,high_intent_shopper
j_febf39b0c6,u_484b8a781ffb,2023-03-26 14:45:43,103.46,1,0,paid_social_instagram,repeat_customer
j_11c1771cab,u_9548da8fd395,2023-10-08 16:43:44,168.16,4,19,paid_social_instagram,repeat_customer
j_c491b06b6d,u_1eb60b35b56b,2023-07-05 07:36:54,60.74,1,0,organic_search_seo,high_intent_shopper
j_79787e1842,u_6e312d182aef,2023-01-24 17:29:27,53.9,1,0,display_programmatic,repeat_customer
j_6c33eb3b53,u_c5913e1c2c37,2023-12-17 16:01:40,64.56,4,7,paid_social_facebook,price_sensitive
j_f2db4d7cb6,u_33e5c61d16b6,2023-08-01 06:13:03,88.54,4,16,influencer,brand_aware_browser
j_00fb995ee8,u_7f81e0ce7262,2023-12-02 11:16:06,164.79,1,0,paid_search_google,repeat_customer
j_d6683b994a,u_617f92ff5099,2023-07-14 12:53:26,42.41,3,16,email_retargeting,brand_aware_browser
j_87a92c50c3,u_9a5e55a3bf31,2023-07-19 13:36:05,46.63,4,20,paid_search_google,brand_aware_browser
j_c028370916,u_2caa03e09ed8,2023-04-11 06:13:14,136.02,1,0,paid_search_bing,repeat_customer
j_ecb8c8b44c,u_6fc58b9ece33,2023-12-26 10:07:56,49.87,4,10,email_newsletter,brand_aware_browser
j_81d9471ac5,u_2f55c6fc1a9b,2023-08-01 18:36:04,31.88,9,21,influencer,brand_aware_browser
j_3667f0d3f2,u_e3bda9ea9c79,2023-05-10 14:20:09,24.62,5,20,email_newsletter,price_sensitive
j_28f77589ff,u_e7c9f747aeb8,2023-02-18 04:57:40,180.96,1,0,paid_social_facebook,high_intent_shopper
j_4ffbab7448,u_a3e351b026fd,2023-06-02 16:19:50,98.97,2,3,paid_search_google,high_intent_shopper
j_584b234997,u_de8948aa9f70,2023-07-18 16:53:28,110.0,1,0,display_programmatic,repeat_customer
j_52969e29fe,u_d275b75bedb7,2023-10-17 00:14:48,136.04,3,11,direct,high_intent_shopper
j_4c8c5579aa,u_48081e41a4fa,2023-05-13 04:39:26,64.7,2,23,paid_search_google,price_sensitive
j_06efd0a17b,u_541fe7446f08,2023-12-09 04:06:33,83.87,1,0,display_programmatic,repeat_customer
j_59bb22b9be,u_cf3a41fdec24,2023-06-01 03:39:45,84.01,1,0,display_programmatic,high_intent_shopper
j_dbaa1f70e6,u_4fa10134b07d,2023-09-22 15:05:25,117.3,1,0,paid_social_facebook,repeat_customer
j_acea3cfebf,u_fe0ca841d869,2023-08-15 11:49:18,180.21,1,0,email_newsletter,repeat_customer
j_0655830cc8,u_8f37ddef6bb6,2023-02-27 05:35:01,91.26,1,0,paid_social_facebook,high_intent_shopper
j_3cba715789,u_58319466fd4e,2023-04-24 05:46:12,138.64,2,8,email_newsletter,high_intent_shopper
j_6988319c70,u_87d3f319e010,2023-05-10 07:07:43,177.08,3,9,paid_social_facebook,repeat_customer
j_11be12b17a,u_f48ecb243c79,2023-03-05 22:02:19,86.7,4,5,paid_social_instagram,repeat_customer
j_888fb49642,u_bbbf5525c106,2023-09-25 23:56:43,67.41,3,24,influencer,new_visitor
j_278aac9cbf,u_ae20923096ed,2023-11-21 20:37:30,41.76,3,9,influencer,high_intent_shopper
j_cc55239d34,u_d50ca2362cd7,2023-04-14 06:58:54,57.43,4,10,paid_search_google,brand_aware_browser
j_8f81c09b06,u_8096372e13ad,2023-11-28 09:06:04,115.82,1,0,organic_search_seo,repeat_customer
j_bd8a42f55a,u_a2edbac2f05f,2023-01-27 18:08:08,61.06,2,18,paid_social_facebook,brand_aware_browser
j_c440c7d269,u_9a5f26dc7c8e,2023-05-13 10:04:46,68.91,5,10,paid_search_google,price_sensitive
j_444bf7bf39,u_01b06ac382e4,2023-11-26 18:46:43,87.86,3,13,email_newsletter,high_intent_shopper
j_0f799961cb,u_4047445068d6,2023-12-08 21:45:22,130.45,4,16,paid_search_google,high_intent_shopper
j_9d4d4eae72,u_ac756ca3aece,2023-06-10 12:15:17,35.05,1,0,email_newsletter,price_sensitive
j_8f0762ef56,u_ad064e7c1c92,2023-05-31 18:55:04,222.8,1,0,paid_social_facebook,high_intent_shopper
j_c93a27113a,u_40f7cee5306c,2023-11-06 15:00:47,50.81,2,5,paid_search_google,new_visitor
j_4ddcd8842e,u_663fdf358a12,2023-05-15 23:20:21,54.8,2,10,email_retargeting,brand_aware_browser
j_cace75401d,u_547377c015a2,2023-12-23 03:38:21,56.84,3,12,paid_social_facebook,high_intent_shopper
j_6681495855,u_c26118d8105d,2023-03-27 19:17:01,30.3,4,16,paid_social_instagram,price_sensitive
j_f43b79ecae,u_2813dfa16466,2023-05-11 01:03:39,99.75,3,8,paid_search_google,high_intent_shopper
j_53015b09f1,u_14a2057f1b66,2023-11-27 05:55:25,121.45,5,20,paid_social_facebook,price_sensitive
j_b61cb4ae4b,u_709f1acd9c5a,2023-07-26 00:27:50,127.85,1,0,display_programmatic,high_intent_shopper
j_964e488806,u_0db3e1570403,2023-05-04 14:27:38,246.37,5,11,paid_search_google,repeat_customer
j_3ddd702539,u_9c6cfb7aa88e,2023-06-06 14:50:24,84.14,3,22,paid_search_google,price_sensitive
j_bd66a5963f,u_8fed161ea88c,2023-09-27 01:47:29,73.51,3,25,email_newsletter,high_intent_shopper
j_6b43845f61,u_775b1248dcae,2023-03-16 05:01:16,125.44,1,0,paid_search_google,repeat_customer
j_bea0ceb8a3,u_617f0b470752,2023-07-19 21:02:37,79.64,5,19,paid_search_bing,brand_aware_browser
j_0310810961,u_12921f3bc30b,2023-12-07 11:18:58,52.14,3,20,paid_search_google,price_sensitive
j_fea6c81643,u_b6d76ab6b953,2023-02-28 16:19:42,135.51,1,0,influencer,repeat_customer
j_8a7e55a5d0,u_ac469b79b842,2023-05-08 23:25:14,86.1,3,7,paid_search_bing,price_sensitive
j_ebc1b00946,u_e2409706b45c,2023-12-24 11:41:30,206.1,2,4,direct,repeat_customer
j_cc40c567ca,u_048e455b8ccc,2023-10-10 22:19:59,81.05,7,25,paid_search_google,brand_aware_browser
j_bfe01cd8a6,u_9f5d87807ac8,2023-08-02 21:16:58,18.73,5,18,paid_social_facebook,brand_aware_browser
j_611ebabc02,u_4519b0cf0390,2023-10-30 11:06:30,95.88,1,0,paid_social_facebook,high_intent_shopper
j_4d3dd0d51d,u_052baddc9e0c,2023-09-03 04:04:03,211.31,1,0,paid_social_instagram,repeat_customer
j_5ccdff81fd,u_4de458662f44,2023-11-24 02:54:45,92.87,2,26,paid_social_facebook,brand_aware_browser
j_505a7ebaa9,u_f1eab0da7265,2023-12-21 11:00:21,105.56,3,25,paid_search_google,high_intent_shopper
j_0929391a42,u_6f70de62f049,2023-10-16 01:57:19,42.34,1,0,paid_social_facebook,price_sensitive
j_99c057a888,u_3eaa1f2593f1,2023-05-18 09:51:48,44.91,3,16,paid_search_bing,price_sensitive
j_3ccb8c578a,u_c0e68f420ef0,2023-03-18 20:01:50,88.29,1,0,display_programmatic,brand_aware_browser
j_fb85777dbd,u_b6028c386436,2023-11-24 23:07:12,91.36,2,3,organic_search_seo,high_intent_shopper
j_f3ccea5ce2,u_3fd80fc3da70,2023-11-02 02:48:15,164.19,2,8,paid_social_facebook,repeat_customer
j_7549494014,u_a969ae2b4371,2023-03-09 03:51:43,148.3,9,23,paid_search_google,brand_aware_browser
j_09b97d4608,u_81053026072b,2023-09-16 16:21:05,183.81,1,0,paid_social_facebook,repeat_customer
j_01d305846f,u_04f970779022,2023-08-23 22:46:27,50.88,1,0,paid_social_facebook,repeat_customer
j_042b4ed059,u_f20b36747dd8,2023-12-27 03:35:58,86.06,5,26,direct,new_visitor
j_b5f13536d1,u_055d87d7c22d,2023-07-19 08:14:40,72.58,2,12,direct,high_intent_shopper
j_7143083be6,u_45cfc33717ed,2023-11-08 11:07:02,31.09,4,9,email_newsletter,price_sensitive
j_8c235672c2,u_7560e001eb0f,2023-05-12 22:42:26,100.24,2,1,paid_search_google,high_intent_shopper
j_9b473650c5,u_b23513882ef9,2023-09-07 08:16:22,64.91,8,19,email_newsletter,new_visitor
j_8b66b325b9,u_7c28e6d3b25d,2023-02-17 01:06:34,130.84,5,20,paid_search_google,high_intent_shopper
j_83745d098b,u_4a04454208d6,2023-05-07 22:53:43,154.8,3,4,paid_social_facebook,repeat_customer
j_f862772e34,u_fc43145bf338,2023-04-20 11:31:14,162.84,4,17,paid_search_google,brand_aware_browser
j_a778f21c63,u_d10bb249a371,2023-08-08 21:28:42,93.99,8,25,paid_social_instagram,high_intent_shopper
j_847218725e,u_ef00299c672a,2023-08-19 11:39:19,137.36,2,8,email_retargeting,high_intent_shopper
j_e9a27a7bd7,u_4d56272901a7,2023-11-18 17:08:55,74.46,1,0,paid_social_instagram,repeat_customer
j_d36b39ba1b,u_5ae0ec427d6d,2023-03-31 09:27:52,165.65,1,0,email_newsletter,repeat_customer
j_b683da5ab0,u_a3e9cecba1b3,2023-04-07 11:57:24,68.91,1,0,paid_social_instagram,high_intent_shopper
j_bc5595d0bd,u_5bfa178702c7,2023-11-17 17:04:34,33.86,3,16,paid_search_google,price_sensitive
j_80dd557f30,u_92bfb9a02320,2023-11-11 03:58:42,73.36,3,15,paid_social_facebook,brand_aware_browser
j_c8b03dc8b4,u_6c802c0dc882,2023-06-05 03:59:54,37.81,1,0,influencer,high_intent_shopper
j_2fd6a0b5a7,u_4a672d759ae7,2023-04-20 06:09:18,117.07,2,1,paid_search_google,repeat_customer
j_7f6c01137a,u_d2860144ebdb,2023-10-31 08:00:16,88.98,1,0,paid_social_facebook,repeat_customer
j_57a3477d06,u_fa6e07d6bb07,2023-02-12 11:43:53,92.44,3,19,organic_search_seo,price_sensitive
j_04a30b5ea1,u_c22d4bc255e0,2023-03-13 05:06:10,86.99,2,19,paid_social_facebook,price_sensitive
j_0d4153c31a,u_b571d4c786e8,2023-12-25 10:31:42,67.48,4,19,paid_search_bing,brand_aware_browser
j_587af1f69c,u_09ca1d36f3da,2023-08-31 12:22:47,34.52,4,26,influencer,price_sensitive
j_5a1a0a1e0d,u_3172d21dd6f9,2023-03-24 06:05:03,75.0,5,24,paid_search_google,price_sensitive
j_9c1c953617,u_f8992b9753c4,2023-02-10 03:31:26,25.47,7,24,email_retargeting,new_visitor
j_b4e65a7b86,u_4fdf0b26adbf,2023-11-23 08:39:01,217.85,2,21,paid_social_instagram,high_intent_shopper
j_6c9d9c3be5,u_b103d8bf41b2,2023-11-26 23:01:10,80.95,2,20,paid_search_google,brand_aware_browser
j_1ff0b80fce,u_9b1e1de30a54,2023-12-12 08:31:31,97.22,1,0,paid_social_instagram,high_intent_shopper
j_890610696f,u_a20b41447a3a,2023-08-19 02:33:10,97.5,2,4,paid_search_google,high_intent_shopper
j_80e78a7f28,u_46be6ea02497,2023-06-30 03:43:38,83.48,1,0,paid_social_facebook,repeat_customer
j_4f68c1d0ca,u_c56e545ea496,2023-03-06 15:02:34,69.6,2,14,direct,high_intent_shopper
j_8dd5783a46,u_930d1d84ca81,2023-12-12 12:44:16,113.78,5,18,organic_search_seo,high_intent_shopper
j_3065eea109,u_2ff3efca33f9,2023-09-19 09:25:07,113.31,2,2,paid_search_google,repeat_customer
j_87f376c26f,u_1ec9d76347df,2023-01-18 08:03:13,83.2,1,0,paid_search_google,repeat_customer
j_7cf4ac1e01,u_fb643d7df8d1,2023-05-17 18:11:27,89.05,1,0,paid_search_google,repeat_customer
j_be59b68d04,u_6c1af0e8b087,2023-10-10 00:46:35,164.27,1,0,email_retargeting,repeat_customer
j_a82341eadf,u_14a0f8615b5f,2023-04-17 14:14:32,60.68,6,19,direct,new_visitor
j_3a6829874d,u_d2780aaa6172,2023-11-25 04:16:59,74.6,6,15,paid_social_facebook,brand_aware_browser
j_ef722df740,u_0fa535b8ae30,2023-03-05 05:59:11,175.61,4,26,paid_search_google,brand_aware_browser
j_7a4a60ce96,u_cdaaaa141ec3,2023-12-08 05:03:12,77.61,3,27,email_retargeting,repeat_customer
j_4810d9bc6b,u_488638f4acd1,2023-10-19 12:30:59,72.13,5,15,paid_social_instagram,high_intent_shopper
j_bfb4e0b0da,u_ca6544a10d0b,2023-10-07 10:28:07,87.67,3,25,paid_social_instagram,brand_aware_browser
j_835a9e76fa,u_a951724a1f7a,2023-04-03 05:39:49,52.67,2,17,email_retargeting,high_intent_shopper
j_afb9e272ad,u_4325274ba30f,2023-07-01 12:23:50,117.42,3,13,email_retargeting,high_intent_shopper
j_fab7ba54a1,u_2c12385188eb,2023-12-10 11:52:26,269.69,2,10,paid_search_google,high_intent_shopper
j_f2537b12b5,u_75260eee4e1a,2023-04-15 14:23:09,226.67,1,0,paid_social_facebook,high_intent_shopper
j_cefe506c86,u_62c575a62107,2023-04-03 14:45:03,302.28,3,5,email_retargeting,repeat_customer
j_266a0cd895,u_90b437d5c80f,2023-05-02 08:28:24,28.05,4,27,email_newsletter,price_sensitive
j_5b15643955,u_5d1ed69c5024,2023-03-17 19:40:44,52.29,5,12,paid_search_bing,brand_aware_browser
j_e9ef2ef940,u_91b1c5ecf51a,2023-03-01 17:56:12,99.65,4,20,paid_search_google,high_intent_shopper
j_7b98f6a43c,u_f4781b533736,2023-08-12 19:47:05,127.21,1,0,paid_social_facebook,high_intent_shopper
j_060f769835,u_ca5b7e2f33c0,2023-07-31 07:47:44,71.21,3,25,paid_search_google,brand_aware_browser
j_9fccad1f6c,u_3119cc2930e0,2023-09-17 05:34:20,152.15,2,12,paid_social_facebook,repeat_customer
j_c318204f58,u_66742a9a02ad,2023-07-07 21:41:49,125.31,3,8,paid_search_google,repeat_customer
j_0901d42850,u_2389eeae7f4a,2023-08-17 12:57:03,174.53,1,0,email_newsletter,repeat_customer
j_ad499ef027,u_7c19b22bc5ae,2023-12-08 07:07:14,68.54,1,0,paid_search_bing,repeat_customer
j_41d339e7e2,u_166255392547,2023-08-03 06:28:41,97.86,1,0,paid_search_google,high_intent_shopper
j_7db0eb3013,u_31b89de83bd9,2023-03-24 00:32:39,137.54,1,0,display_programmatic,high_intent_shopper
j_937a5ad9ad,u_36370731a77d,2023-09-10 01:31:09,128.46,1,0,email_newsletter,repeat_customer
j_68ac9333ac,u_801c7553bb57,2023-09-13 09:16:23,208.54,1,0,display_programmatic,repeat_customer
j_bae460fb9c,u_0e226dfc906e,2023-03-30 17:06:23,88.18,4,27,paid_search_google,high_intent_shopper
j_3e56013af5,u_4f969cf5efdd,2023-10-24 07:45:35,134.66,1,0,paid_social_facebook,repeat_customer
j_7c038a3116,u_b9d569e0e399,2023-08-07 05:14:45,129.52,2,6,paid_social_instagram,repeat_customer
j_8e42f191a9,u_6130db694c47,2023-08-19 23:52:00,180.26,2,22,paid_search_google,repeat_customer
j_b71733f486,u_5ee550c48c55,2023-12-20 10:46:44,70.34,1,0,influencer,high_intent_shopper
j_0899d07a86,u_e8b8c2294e1f,2023-11-15 19:34:04,83.18,1,0,email_newsletter,repeat_customer
j_f9b2305606,u_b354555625d1,2023-08-06 21:13:28,91.99,4,22,email_newsletter,new_visitor
j_0cfc7b2ad1,u_0d4699903fa2,2023-11-09 14:17:59,142.62,1,0,direct,high_intent_shopper
j_e3ed942e0f,u_b631425ae2f4,2023-02-16 20:45:15,63.7,2,6,paid_social_instagram,price_sensitive
j_7a3b4b7069,u_f11e0d33e439,2023-08-13 17:50:13,51.77,5,24,paid_search_google,high_intent_shopper
j_07040ab81b,u_ab4911b55fdc,2023-04-14 01:57:16,284.84,2,10,paid_social_facebook,repeat_customer
j_1184f7e2d0,u_fb2a9a520e7a,2023-10-10 17:53:44,50.63,3,26,paid_search_google,repeat_customer
j_8c34882ba4,u_d1919666b74b,2023-08-18 22:56:19,47.82,5,20,paid_social_facebook,price_sensitive
j_a9dbff9132,u_b35387d7abb1,2023-07-14 13:30:39,190.47,2,0,paid_search_google,price_sensitive
j_d3c29772f0,u_c8c1c0795a2b,2023-05-24 04:08:19,131.65,2,25,direct,high_intent_shopper
j_e2b63f60e5,u_c283ac79f273,2023-03-19 12:29:45,69.15,1,0,paid_social_facebook,repeat_customer
j_99326dca87,u_7310b6ac4e34,2023-03-10 10:42:06,213.24,3,14,paid_search_google,repeat_customer
j_69b031c1ec,u_befa30d23565,2023-10-17 17:21:43,27.77,3,17,influencer,price_sensitive
j_e6068ac0b4,u_17fcfc57a7a1,2023-03-28 13:58:54,246.85,1,0,paid_search_google,repeat_customer
j_2d8fa61e1a,u_b931c89458e6,2023-04-05 14:38:51,220.48,1,0,paid_social_facebook,repeat_customer
j_efd8554b66,u_d974adb30e48,2023-10-25 22:40:53,179.75,2,11,paid_search_google,repeat_customer
j_46610c9603,u_3eef411cf45f,2023-10-11 18:19:23,350.44,1,0,paid_social_facebook,repeat_customer
j_af763bc183,u_81b81d7366ff,2023-11-02 12:33:10,115.13,1,0,email_retargeting,repeat_customer
j_1582bd1fe5,u_5a93bfe21c99,2023-12-03 18:38:08,115.53,1,0,paid_search_google,repeat_customer
j_1254f26c96,u_726968096a47,2023-07-17 12:51:51,82.53,3,14,paid_social_facebook,repeat_customer
j_901a48950b,u_85000076ec57,2023-07-10 08:15:30,197.0,1,0,paid_search_google,repeat_customer
j_26aca3159b,u_72e6356f52d4,2023-05-12 18:21:26,217.96,2,1,paid_search_google,high_intent_shopper
j_ee44f755a5,u_20f102775dfa,2023-10-22 15:26:38,106.34,3,23,paid_search_google,high_intent_shopper
j_32e24ca289,u_e5161db796f8,2023-04-07 20:48:51,118.77,1,0,paid_social_facebook,brand_aware_browser
j_01b60e3e9d,u_ab2384eee3e2,2023-11-26 00:19:50,90.78,1,0,paid_search_google,high_intent_shopper
j_3e1ced3039,u_d6ed9d5c4096,2023-11-13 22:44:27,153.77,4,17,direct,repeat_customer
j_b509d1efd5,u_070f7cd8bf57,2023-03-07 22:01:53,57.24,1,0,paid_social_facebook,price_sensitive
j_3d053df1c9,u_1461802064c8,2023-12-15 12:48:39,143.49,2,3,email_newsletter,high_intent_shopper
j_ad93005055,u_c66b908794df,2023-08-23 11:14:00,43.73,7,22,direct,brand_aware_browser
j_926a260a5f,u_94028d135946,2023-03-04 09:19:28,53.33,1,0,paid_social_instagram,high_intent_shopper
j_d7e07ebb37,u_1d9d275db915,2023-08-20 21:12:04,38.36,2,16,email_retargeting,price_sensitive
j_a1d54c1d47,u_8e1c15a6d504,2023-10-24 14:53:41,94.92,4,5,paid_social_facebook,brand_aware_browser
j_3b9137792f,u_565e1aa6f750,2023-10-10 07:21:55,166.21,1,0,paid_social_facebook,repeat_customer
j_88b8240f6d,u_6f37f09b56f7,2023-06-22 20:13:16,86.27,1,0,paid_search_bing,high_intent_shopper
j_dedb9b0fc1,u_f24e95e8ae7b,2023-05-30 12:28:39,100.26,3,17,email_retargeting,brand_aware_browser
j_3491aef7dd,u_db8a6df53a35,2023-10-09 06:06:50,71.57,1,0,display_programmatic,high_intent_shopper
j_0c3cbf0ec6,u_190586f5eacc,2023-04-17 08:39:21,45.35,1,0,paid_social_instagram,repeat_customer
j_9a328e3e8c,u_a580ee0e2a6d,2023-05-21 14:56:41,208.37,1,0,email_newsletter,repeat_customer
j_9afbc417a6,u_80978d90cf93,2023-04-17 10:13:41,117.31,1,0,email_retargeting,repeat_customer
j_f6ffeecc2b,u_3c77eab73f89,2023-11-29 20:25:50,63.99,3,16,paid_search_bing,high_intent_shopper
j_58a7c8ba6a,u_dbbaeb22e0e9,2023-10-13 08:45:07,154.94,2,4,email_newsletter,high_intent_shopper
j_756ebe63a7,u_e6ec87595930,2023-03-01 03:01:32,58.52,5,13,paid_search_google,price_sensitive
j_34f152b233,u_f3aa772b7d4d,2023-04-16 18:39:04,186.85,4,27,paid_search_google,repeat_customer
j_07e093bcaf,u_e5a2705b778e,2023-12-06 10:26:04,58.44,1,0,paid_social_instagram,repeat_customer
j_7a30ba93c8,u_eb51e5d57c8b,2023-09-01 01:10:57,181.55,1,0,paid_search_google,price_sensitive
j_32b0876a10,u_8575cdd00534,2023-08-11 17:08:44,88.33,4,15,paid_search_bing,high_intent_shopper
j_1635d2eefb,u_ddffa486e88b,2023-02-27 20:43:06,82.59,1,0,display_programmatic,repeat_customer
j_1b81ac84b0,u_750d0bbb90b6,2023-03-29 07:28:59,81.11,1,0,paid_social_facebook,repeat_customer
j_34bcc13358,u_c3be2be1b4d2,2023-09-08 23:02:01,108.53,5,26,paid_social_instagram,brand_aware_browser
j_c213db32ae,u_2a1ccc699038,2023-03-21 22:46:22,196.78,2,12,paid_social_instagram,brand_aware_browser
j_bfd9ce3306,u_b3ba14694d20,2023-02-13 10:48:30,272.45,2,12,paid_social_instagram,repeat_customer
j_971a9f0629,u_74e6d92f0547,2023-08-18 19:45:18,112.0,1,0,paid_search_bing,high_intent_shopper
j_f28868af09,u_e9095a63195b,2023-07-11 02:06:42,123.22,2,4,paid_search_bing,high_intent_shopper
j_3147e46c4f,u_bba6f24a6885,2023-12-03 12:28:28,35.06,5,26,paid_social_facebook,brand_aware_browser
j_c779bc2493,u_9f7803e0fd4e,2023-07-14 23:31:38,86.3,3,15,display_programmatic,high_intent_shopper
j_6831113f4e,u_40fbf54e8896,2023-08-18 07:35:28,182.61,3,3,email_retargeting,repeat_customer
j_f62e667835,u_5b363d1be248,2023-06-24 00:38:04,111.03,9,20,email_retargeting,brand_aware_browser
j_632cfde557,u_fa1a62171edd,2023-06-25 08:29:18,38.26,8,13,email_retargeting,price_sensitive
j_97f838e152,u_2222cae6fcd7,2023-08-11 13:58:03,72.35,1,0,paid_social_instagram,price_sensitive
j_8f40a7d3c6,u_5712d01a7c17,2023-02-20 09:41:29,71.59,2,19,display_programmatic,high_intent_shopper
j_6369a76fec,u_8205f69ab4b9,2023-05-22 22:07:28,93.4,1,0,paid_social_instagram,high_intent_shopper
j_f5fc490c04,u_ffd11a2f4e03,2023-03-06 19:30:52,142.38,3,17,paid_search_google,high_intent_shopper
j_e566e0c87e,u_e10f10c156d6,2023-12-02 12:23:24,58.01,4,17,display_programmatic,new_visitor
j_c004e9437c,u_7af1ee598a72,2023-05-02 20:22:03,48.12,6,24,paid_search_google,brand_aware_browser
j_108b9cb28c,u_216afd8db1d8,2023-05-11 21:01:57,77.28,3,27,email_retargeting,high_intent_shopper
j_de9a048369,u_29d0710e1f01,2023-09-04 05:14:16,107.64,3,14,email_newsletter,high_intent_shopper
j_ed87fd57ff,u_e0619de8a76a,2023-09-12 01:19:36,293.08,3,14,direct,repeat_customer
j_c5f45721c5,u_75b32d951e99,2023-04-29 16:23:49,108.34,1,0,display_programmatic,repeat_customer
j_f190696f93,u_c51561229e7f,2023-02-01 00:12:02,85.07,3,4,paid_social_facebook,high_intent_shopper
j_81b006de87,u_1e6bb8e6e51b,2023-03-23 02:38:26,142.69,1,0,paid_social_facebook,high_intent_shopper
j_19c71e80c9,u_6c1beea13f82,2023-04-28 10:44:26,89.59,5,22,email_newsletter,high_intent_shopper
j_bea16d9fed,u_aa62296034d1,2023-04-22 18:46:11,58.56,2,6,paid_search_google,high_intent_shopper
j_0188f722a1,u_f5bfdf539de8,2023-07-28 15:42:52,196.37,1,0,organic_search_seo,repeat_customer
j_3d5941849a,u_5d22d3ab70a5,2023-10-10 14:00:51,24.22,3,19,paid_social_instagram,price_sensitive
j_b498c49ea4,u_4f18d2c10f25,2023-07-06 15:38:01,176.38,1,0,paid_social_facebook,repeat_customer
j_ff23ce7313,u_e0045f397781,2023-10-04 15:16:12,129.64,1,0,email_newsletter,repeat_customer
j_b90f845b85,u_b6dfb3fbfd47,2023-02-19 09:13:24,56.13,1,0,paid_social_facebook,high_intent_shopper
j_c374fcb5f8,u_879b44d71338,2023-04-13 08:27:30,59.27,4,15,influencer,new_visitor
j_7e7a461da2,u_faa64d24b8da,2023-11-28 15:16:36,92.38,3,11,direct,high_intent_shopper
j_cb01e01393,u_eab4e57fe9db,2023-01-26 16:16:14,30.67,1,0,paid_social_facebook,high_intent_shopper
j_29871ce9e4,u_9091c677fa77,2023-08-13 01:09:19,139.58,1,0,paid_social_facebook,price_sensitive
j_e1ff23ff1a,u_eca9e864550e,2023-03-05 07:17:44,71.62,1,0,display_programmatic,repeat_customer
j_854a9bca29,u_6ec634163d19,2023-10-02 15:19:17,122.45,1,0,influencer,repeat_customer
j_3d87e856fb,u_f7958f5593c9,2023-05-11 09:38:41,97.81,1,0,display_programmatic,high_intent_shopper
j_befabc6507,u_3b93c4d0d4e1,2023-10-13 23:39:32,55.04,2,5,email_retargeting,brand_aware_browser
j_845ccd8de3,u_a4842d2689b2,2023-12-01 17:13:18,107.61,2,19,paid_search_bing,repeat_customer
j_26763d0d58,u_f54b68f34751,2023-06-10 02:18:05,79.09,5,21,organic_search_seo,high_intent_shopper
j_fc4301cf40,u_d9391c2b8ce0,2023-04-03 17:50:30,79.93,3,11,email_retargeting,repeat_customer
j_db9aabfb56,u_7765bc9ea0a1,2023-02-25 05:25:31,110.34,2,0,paid_search_google,high_intent_shopper
j_4941cd726f,u_85d3458de069,2023-10-23 21:32:22,69.48,2,21,display_programmatic,repeat_customer
j_61365725dc,u_e6ded086c07f,2023-12-26 22:00:07,97.0,4,22,email_newsletter,brand_aware_browser
j_ea63b9b2cd,u_6e4a9aa275b4,2023-04-19 13:47:43,96.94,1,0,paid_social_instagram,repeat_customer
j_96eb8aabd5,u_1b0b2b88e4f5,2023-11-19 20:05:00,108.15,5,26,paid_social_facebook,high_intent_shopper
j_db555571b1,u_8b2058d59dc6,2023-11-11 03:07:50,97.47,4,10,display_programmatic,high_intent_shopper
j_cf9db1d355,u_219d120b3c1e,2023-02-10 10:15:52,129.52,1,0,paid_social_facebook,high_intent_shopper
j_504b5105d8,u_4f537fc65310,2023-02-19 09:43:14,100.93,1,0,influencer,repeat_customer
j_19cc7226c8,u_be6dc52512d9,2023-09-26 04:39:45,146.6,3,20,display_programmatic,repeat_customer
j_395882681a,u_44b2f351936d,2023-04-11 21:50:24,44.46,4,26,paid_search_google,brand_aware_browser
j_887213ef6c,u_772b25612dff,2023-11-14 20:35:35,132.63,1,0,paid_social_instagram,repeat_customer
j_1aad60f1b2,u_54cde2a0793a,2023-08-26 15:52:31,143.95,9,28,paid_search_google,new_visitor
j_6ce65aaf2c,u_45bb92b91f23,2023-05-27 19:49:13,59.21,2,4,paid_search_google,high_intent_shopper
j_4d20310f60,u_0425ca6895f3,2023-04-20 14:28:02,40.04,9,23,email_retargeting,price_sensitive
j_0143be9931,u_88a0996b0ba7,2023-07-23 14:42:08,82.49,2,17,organic_search_seo,high_intent_shopper
j_adca82929b,u_c44465a01e2b,2023-04-06 10:20:09,240.84,4,17,paid_search_google,high_intent_shopper
j_9a2d202826,u_64ec7fadedbb,2023-04-26 05:05:23,217.86,1,0,paid_social_facebook,repeat_customer
j_08405c5bf0,u_c4da2dea67cc,2023-03-14 17:26:33,149.79,5,18,paid_search_google,repeat_customer
j_cf29790bba,u_c1bb3ccc8b6d,2023-09-10 21:51:36,93.67,4,24,paid_search_bing,repeat_customer
j_61b7a920f5,u_fe96de41de65,2023-12-13 16:56:49,112.2,3,16,paid_search_google,high_intent_shopper
j_8e649d5bad,u_beecbce0d331,2023-11-01 01:16:17,246.9,7,23,paid_social_instagram,high_intent_shopper
j_0f1ceb54e2,u_f48a8ca1dbb1,2023-12-09 14:01:12,51.67,1,0,paid_search_bing,high_intent_shopper
j_e3f021ca39,u_dcc0ac107d13,2023-08-08 00:59:07,62.67,1,0,display_programmatic,high_intent_shopper
j_207e9bf367,u_df5ace3a5bc9,2023-02-27 05:55:04,112.06,7,27,email_retargeting,high_intent_shopper
j_9de4dd8819,u_59bc1ae80588,2023-08-23 20:45:36,67.62,11,20,email_newsletter,brand_aware_browser
j_c4a92b992a,u_3deb07c17b8c,2023-05-07 13:46:08,48.96,1,0,paid_social_facebook,brand_aware_browser
j_c15b6f62f5,u_58277a75c263,2023-06-17 20:03:16,120.47,3,17,paid_social_facebook,repeat_customer
j_dfea83e7de,u_7cb0ba9a523a,2023-08-13 16:03:46,36.55,1,0,display_programmatic,high_intent_shopper
j_18d2196b1d,u_f1aaaa864bf5,2023-05-02 18:41:53,30.88,4,14,paid_social_facebook,price_sensitive
j_194740006c,u_23054a399230,2023-04-30 03:59:48,113.25,1,0,email_newsletter,high_intent_shopper
j_18e727fba6,u_ca03af9122f4,2023-11-04 13:30:13,56.09,1,0,paid_search_bing,high_intent_shopper
j_dae22f608c,u_30f58d38843c,2023-11-15 10:18:10,41.39,1,0,paid_social_instagram,repeat_customer
j_d2bb22d503,u_e5da6aa55d38,2023-07-15 07:04:26,52.71,4,21,paid_social_facebook,brand_aware_browser
j_ee234dbb11,u_d79f0b8f1f52,2023-10-04 07:09:35,131.04,2,10,email_newsletter,repeat_customer
j_24d08c4e05,u_70b85b54fbe6,2023-05-30 06:04:03,157.39,4,13,email_newsletter,repeat_customer
j_d1588455c2,u_5b628299c73a,2023-07-17 06:53:35,158.59,2,7,display_programmatic,high_intent_shopper
j_931a98a9a8,u_f7055b1d1a92,2023-04-07 17:56:54,68.34,1,0,influencer,high_intent_shopper
j_b6aef0bcde,u_5a97a626a098,2023-12-21 07:47:51,86.66,1,0,paid_search_google,high_intent_shopper
j_2cddf7aef1,u_aa2a47f257d9,2023-09-17 09:24:06,137.12,2,11,display_programmatic,repeat_customer
j_8e0cc5b02d,u_109ba9c20d73,2023-12-22 01:47:04,135.65,4,22,email_newsletter,high_intent_shopper
j_70913b4cd4,u_007af841584a,2023-09-14 16:15:50,113.97,3,2,paid_search_bing,high_intent_shopper
j_69c6e39ad9,u_cf1aae45de8f,2023-03-10 00:12:47,42.19,1,0,influencer,high_intent_shopper
j_919e8c7ebd,u_74711239a040,2023-12-16 18:27:42,82.36,4,20,paid_search_google,high_intent_shopper
j_edf3803129,u_34ef1ada9ac3,2023-04-19 13:38:51,53.64,7,25,direct,brand_aware_browser
j_7a446c6725,u_a27126e345ef,2023-04-21 19:34:38,91.89,9,27,influencer,brand_aware_browser
j_75ca48c4fe,u_94977718d166,2023-04-17 17:05:41,140.46,3,20,paid_search_bing,repeat_customer
j_0dedadc6cc,u_307477b2fe28,2023-07-16 23:55:48,329.78,1,0,paid_social_facebook,repeat_customer
j_e42094f156,u_a28320bc1bc7,2023-04-01 14:35:08,176.62,1,0,paid_social_facebook,high_intent_shopper
j_c30c6dc79e,u_9a867ac6555d,2023-10-16 16:30:53,65.25,1,0,paid_social_instagram,high_intent_shopper
j_37411e4064,u_7eb4cbeecc35,2023-02-24 05:24:50,100.46,5,26,paid_search_google,brand_aware_browser
j_9aa02e2ab9,u_a202941f52bf,2023-10-03 06:53:02,182.63,3,10,paid_search_google,repeat_customer
j_9209bf970c,u_ed6f7b1b726c,2023-10-04 01:31:17,168.01,2,9,paid_search_google,high_intent_shopper
j_4c67659f16,u_9c6d198f9d34,2023-07-31 00:22:43,69.35,2,12,paid_search_bing,repeat_customer
j_56fb351465,u_5c13527e02a3,2023-10-31 05:40:16,64.54,2,28,direct,high_intent_shopper
j_5001f6509c,u_1d87dacab6c1,2023-12-15 13:50:05,32.52,2,4,paid_search_google,price_sensitive
j_70d1d47ae4,u_e44f4c1d5d77,2023-03-27 17:53:33,93.92,1,0,display_programmatic,price_sensitive
j_2beeb4cfac,u_f90ce7bae56d,2023-05-30 00:18:35,192.93,1,0,paid_social_facebook,repeat_customer
j_f535ea464f,u_a83cf0f22c35,2023-12-04 04:15:31,52.77,3,19,influencer,price_sensitive
j_736197d6fc,u_fd0119cd7af5,2023-11-26 16:18:17,77.08,1,0,paid_social_instagram,high_intent_shopper
j_b632314b4c,u_5f74095af012,2023-05-29 07:39:17,105.2,3,23,paid_social_instagram,high_intent_shopper
j_68bff30763,u_ed9a608c6455,2023-02-11 11:41:28,111.2,2,4,email_newsletter,repeat_customer
j_4e515e6305,u_be9b8398b747,2023-08-19 00:18:38,77.93,2,20,paid_social_facebook,repeat_customer
j_9f9a615bb3,u_108af4a17280,2023-03-05 21:53:25,113.11,4,27,paid_social_instagram,high_intent_shopper
j_456609ac80,u_a486b1752ab1,2023-03-23 10:41:46,181.83,3,6,email_retargeting,high_intent_shopper
j_28dfb5c4ef,u_31cc81be5ab3,2023-04-10 15:15:43,183.52,1,0,paid_search_google,brand_aware_browser
j_543632a2da,u_d1c754004fd2,2023-09-09 10:23:51,66.81,1,0,paid_social_facebook,high_intent_shopper
j_60857b7e0b,u_a6d7d85de110,2023-11-27 05:53:52,133.4,2,0,paid_search_google,repeat_customer
j_5ff992e506,u_4fdfaeee7cc4,2023-11-12 17:02:11,99.92,6,21,paid_search_bing,new_visitor
j_7989eda6ac,u_30e9e7b6769c,2023-10-13 12:28:26,190.76,1,0,paid_search_google,repeat_customer
j_48f74564f9,u_1d93f7433919,2023-03-01 17:43:46,45.06,5,16,paid_search_bing,high_intent_shopper
j_a2778bc2a6,u_3d710f12593f,2023-03-18 12:03:32,276.11,1,0,paid_social_facebook,repeat_customer
j_112fb977e8,u_bdfb96888646,2023-08-05 12:18:50,109.05,2,5,paid_search_google,high_intent_shopper
j_478a04c8c8,u_e16da6c2e7da,2023-05-14 14:27:12,89.8,1,0,paid_search_google,high_intent_shopper
j_33b67f10c4,u_b32e10d1f628,2023-06-18 23:04:57,52.81,3,9,paid_search_bing,brand_aware_browser
j_8f65322710,u_71feefb46de7,2023-04-02 16:24:49,61.32,3,12,paid_social_facebook,brand_aware_browser
j_f13baceef1,u_25f57be3345d,2023-03-31 19:00:49,119.84,3,8,organic_search_seo,brand_aware_browser
j_404d13719a,u_5ab0c7ad99be,2023-11-09 15:31:15,310.1,1,0,influencer,high_intent_shopper
j_59c8333fbd,u_c84aa6249a14,2023-02-17 07:33:01,98.19,2,17,organic_search_seo,repeat_customer
j_0a1068a8d5,u_bbae92d297e8,2023-03-30 22:33:40,90.95,1,0,organic_search_seo,repeat_customer
j_28ea066872,u_672174809ba3,2023-03-06 23:00:06,45.05,3,19,paid_search_google,price_sensitive
j_4667d41439,u_abedab0a042f,2023-07-13 19:44:12,162.4,1,0,paid_social_instagram,repeat_customer
j_5294ac4d06,u_3c425a8d2296,2023-04-03 07:58:08,136.72,2,20,paid_search_google,high_intent_shopper
j_071843de5c,u_c1916f701edc,2023-11-04 23:51:05,110.45,1,0,paid_social_instagram,repeat_customer
j_4f4fc6ebd7,u_23017813b5b5,2023-10-18 22:29:13,257.19,1,0,display_programmatic,high_intent_shopper
j_f464eefaca,u_d682b0d9a302,2023-06-07 09:05:09,191.23,1,0,paid_social_facebook,high_intent_shopper
j_4b2beb3dab,u_1ef6fdf86068,2023-05-02 00:11:45,49.32,2,3,email_retargeting,high_intent_shopper
j_6f45b1608e,u_b6760c06e31b,2023-06-11 21:08:32,223.93,1,0,paid_social_facebook,high_intent_shopper
j_7e979f6bd6,u_60316e48307e,2023-05-15 18:09:07,49.89,3,17,paid_search_bing,high_intent_shopper
j_772451dcfb,u_902d8a94835b,2023-04-29 02:58:37,114.4,3,10,paid_social_facebook,high_intent_shopper
j_93ffdcf8b6,u_97508bfd8875,2023-07-27 23:11:30,59.77,4,16,organic_search_seo,high_intent_shopper
j_82bddb8b8f,u_49f612996f7d,2023-06-09 21:59:09,29.6,8,24,email_retargeting,new_visitor
j_aecb2ee754,u_7ce97fac102b,2023-09-01 07:00:23,161.27,8,19,paid_search_google,price_sensitive
j_d858bdc5d7,u_d8cb21dce4a5,2023-02-05 10:49:20,186.25,1,0,display_programmatic,high_intent_shopper
j_b38837712c,u_6db0764b5b0b,2023-10-25 01:13:10,189.2,1,0,paid_social_facebook,high_intent_shopper
j_45fba996f7,u_2c6994651711,2023-09-15 21:01:08,204.28,3,11,email_newsletter,high_intent_shopper
j_86cfe5fbf4,u_53ab060779ac,2023-04-19 02:06:22,123.26,1,0,display_programmatic,high_intent_shopper
j_d5fc85dc43,u_9cb2dbae8f0d,2023-02-21 13:09:51,82.31,1,0,paid_social_instagram,repeat_customer
j_a0d6029f99,u_0b4b7b68ec3e,2023-11-07 20:51:16,93.8,1,0,paid_social_facebook,high_intent_shopper
j_03c851301c,u_5c1007e3d87b,2023-10-28 13:40:51,228.45,3,15,paid_search_google,high_intent_shopper
j_2e146131a2,u_06182d7947cc,2023-02-18 06:52:00,124.79,1,0,influencer,repeat_customer
j_562624749f,u_ad3961c9dc63,2023-05-19 10:17:53,170.86,3,18,paid_search_google,repeat_customer
j_8ec7c13bed,u_b9159e224da6,2023-06-21 02:37:55,34.34,2,4,paid_social_facebook,new_visitor
j_ffeb7a8251,u_df328ff7233e,2023-07-09 19:09:27,76.42,3,26,paid_search_google,new_visitor
j_0a670693f6,u_4773f84f3aeb,2023-05-18 19:34:57,63.53,5,11,organic_search_seo,high_intent_shopper
j_3d714ee359,u_0d3896c9573e,2023-12-30 13:09:10,76.55,3,18,paid_social_instagram,high_intent_shopper
j_4352d38d0f,u_c9ecab27929b,2023-09-25 20:59:10,45.54,1,0,email_newsletter,high_intent_shopper
j_569bfcd357,u_6a4f76875484,2023-10-12 18:03:58,25.82,1,0,paid_social_facebook,high_intent_shopper
j_1f515e78ac,u_e60800468ce5,2023-06-13 10:28:12,78.44,1,0,influencer,high_intent_shopper
j_730faee1ed,u_2edf14d97899,2023-12-06 22:27:29,100.85,2,5,email_newsletter,repeat_customer
j_5c3d306a7f,u_5555e81936b3,2023-12-09 08:23:56,50.95,6,18,paid_search_google,price_sensitive
j_06bc951b44,u_fc53abf98867,2023-09-22 19:05:51,193.35,3,2,paid_search_bing,high_intent_shopper
j_2f90b87bab,u_6166d247e96c,2023-08-12 15:19:42,160.3,1,0,influencer,repeat_customer
j_4cfbd0b163,u_20ed791cf292,2023-03-12 22:00:06,151.9,1,0,paid_social_facebook,repeat_customer
j_723ecbe81e,u_538ae021b4e3,2023-10-09 16:47:17,80.62,1,0,paid_social_facebook,high_intent_shopper
j_76c339c638,u_14b90832581b,2023-10-17 12:12:44,112.94,3,8,influencer,brand_aware_browser
j_c9721b5cad,u_d65281ce8e09,2023-10-17 22:20:33,105.62,5,21,email_newsletter,new_visitor
j_2487e1a032,u_cf18a953456a,2023-10-15 04:48:32,92.77,1,0,direct,high_intent_shopper
j_01d1327eec,u_a244a5a25fb6,2023-01-15 12:43:10,47.25,3,6,paid_social_facebook,price_sensitive
j_d29087d843,u_eb18ba03a9d5,2023-12-13 22:02:50,19.77,2,14,direct,brand_aware_browser
j_0b832b9e11,u_47b5c39ed2c4,2023-03-01 06:23:01,52.53,6,20,paid_search_bing,new_visitor
j_1841aab3bd,u_9687fdfe8b3d,2023-12-23 07:31:23,40.44,4,17,paid_search_google,price_sensitive
j_c95077c4f8,u_55d6c32001fe,2023-03-04 07:39:57,89.69,1,0,paid_social_instagram,high_intent_shopper
j_48dba5a917,u_4af675afd293,2023-03-26 10:47:06,143.79,2,2,paid_search_google,repeat_customer
j_6efedaa7a5,u_59096115d72f,2023-12-22 07:42:39,197.44,3,16,paid_social_facebook,repeat_customer
j_907abd214d,u_09cce10034b9,2023-11-17 12:47:36,213.36,4,16,paid_search_google,new_visitor
j_0ccc891404,u_1b8a6c075890,2023-11-09 19:37:55,65.32,6,26,paid_search_google,brand_aware_browser
j_7ccf8e9587,u_974159b58703,2023-07-12 22:40:02,42.4,6,15,direct,price_sensitive
j_8d86881fd8,u_9ba075148b45,2023-04-27 22:29:17,95.26,2,0,paid_search_google,high_intent_shopper
j_83fc674c33,u_4cac3167b293,2023-03-11 16:09:21,108.95,3,8,display_programmatic,high_intent_shopper
j_fe9500aed6,u_58a3380a2027,2023-03-21 23:09:13,169.91,1,0,display_programmatic,high_intent_shopper
j_6326aa29ce,u_055bda754911,2023-06-04 14:56:20,68.04,3,10,display_programmatic,brand_aware_browser
j_f2694ac3a4,u_548e51a3a672,2023-11-21 08:29:53,86.97,1,0,paid_social_instagram,high_intent_shopper
j_8b90861e30,u_d652af8d00a7,2023-02-15 11:02:00,123.72,3,10,paid_social_facebook,high_intent_shopper
j_fdc102de06,u_a92bf45ecdd0,2023-10-07 16:38:55,49.38,4,9,paid_search_google,new_visitor
j_a35559dac9,u_911d1685c2e6,2023-03-30 23:39:59,178.45,1,0,paid_search_google,repeat_customer
j_697c390f44,u_e31bc629850b,2023-11-16 00:15:08,68.03,4,12,paid_social_facebook,new_visitor
j_7ea758d209,u_fe031618680f,2023-05-25 13:35:46,232.74,1,0,paid_social_instagram,repeat_customer
j_fb5efbf165,u_73e992d6fe08,2023-08-15 16:22:00,156.7,2,9,paid_search_google,repeat_customer
j_6607ab72cb,u_b67d6745bf8f,2023-04-25 23:17:26,125.73,1,0,paid_social_instagram,high_intent_shopper
j_f325d61134,u_f580b4381cac,2023-10-16 06:10:28,33.62,1,0,paid_search_bing,price_sensitive
j_73224137e1,u_8b518a5509da,2023-03-09 03:41:32,23.47,1,0,paid_social_facebook,high_intent_shopper
j_e6780c560c,u_577db7083b9f,2023-05-08 05:13:12,158.98,3,12,paid_social_instagram,repeat_customer
j_9d6a7ffaf3,u_cd094f87f60e,2023-08-13 23:01:41,57.88,3,6,direct,repeat_customer
j_e756c42e3d,u_6d6f7e7dee30,2023-06-09 13:15:15,26.62,2,6,paid_search_google,high_intent_shopper
j_bdd61009da,u_193aa234b288,2023-11-19 19:54:42,111.68,3,18,paid_search_google,high_intent_shopper
j_fcdda5720b,u_a44ee052a0e1,2023-12-10 22:26:03,108.59,3,25,paid_search_google,high_intent_shopper
j_8fb2a835e4,u_1b34e2bf9453,2023-11-29 07:00:44,69.67,1,0,organic_search_seo,high_intent_shopper
j_64057dc617,u_5b6bff58732a,2023-08-21 12:54:00,151.86,1,0,influencer,repeat_customer
j_57b8c62596,u_2ed2a530143c,2023-02-02 21:11:34,115.68,2,4,paid_search_bing,repeat_customer
j_1dafbd8586,u_3bc0655e4e02,2023-08-19 22:29:45,62.37,7,20,display_programmatic,price_sensitive
j_8f87a51fd6,u_1b8792886783,2023-12-11 06:05:32,65.11,7,20,paid_search_google,new_visitor
j_0cf6d47d4b,u_45d7c9972bd9,2023-03-31 13:40:37,98.1,2,27,email_retargeting,repeat_customer
j_b03d3f2bad,u_3196db9e070e,2023-11-27 12:59:38,98.39,1,0,paid_social_facebook,repeat_customer
j_8771a4867e,u_1f8b52f1df93,2023-02-16 00:08:19,288.58,1,0,paid_social_facebook,repeat_customer
j_d5fc1ef955,u_6fbd1c7f0fe6,2023-06-04 07:27:25,146.96,3,0,paid_search_bing,high_intent_shopper
j_9853fcb288,u_da8ac0bc6fb6,2023-07-31 09:26:27,72.65,5,21,organic_search_seo,price_sensitive
j_5f176b5dff,u_c2ecae6e7928,2023-09-03 22:14:12,71.07,7,19,paid_search_google,brand_aware_browser
j_28bade9d54,u_5cef7b790464,2023-07-01 03:09:35,44.18,7,26,email_retargeting,brand_aware_browser
j_ec72d0371d,u_5fdb5afa62f9,2023-04-08 18:40:45,128.44,4,19,organic_search_seo,high_intent_shopper
j_ee6b12c418,u_4e05d61c7879,2023-04-08 16:32:54,50.97,5,24,paid_search_google,price_sensitive
j_298ab90677,u_f91e138b037a,2023-04-07 11:21:33,81.27,7,16,paid_search_google,new_visitor
j_e4a2704749,u_98298897a464,2023-07-09 01:35:14,65.42,6,16,paid_social_facebook,price_sensitive
j_4c76d72142,u_ecdc915ed854,2023-06-20 20:46:55,32.3,4,16,display_programmatic,price_sensitive
j_ed6df2ad7e,u_41e9ad400166,2023-12-17 14:07:48,41.09,2,6,paid_search_google,brand_aware_browser
j_de83232d2d,u_372909023a95,2023-11-01 16:39:05,80.29,3,15,paid_search_google,price_sensitive
j_aa95439183,u_abe2e39688d5,2023-08-23 23:19:00,98.5,3,5,email_retargeting,high_intent_shopper
j_4401b0115c,u_1bede513bc20,2023-09-02 18:30:17,62.61,2,3,paid_social_facebook,repeat_customer
j_afe016bd16,u_451b1c0d8ef7,2023-09-16 05:04:27,63.89,4,1,email_retargeting,high_intent_shopper
j_eef08e6c73,u_c4005a369a87,2023-11-07 19:44:21,198.77,6,20,paid_search_google,brand_aware_browser
j_1564b0721d,u_6fad2b8df20b,2023-08-07 18:21:11,184.89,1,0,organic_search_seo,high_intent_shopper
j_5fc07b5bb2,u_3a069fb46d82,2023-10-22 05:21:30,52.13,2,16,direct,price_sensitive
j_46a0752210,u_776c096f7561,2023-11-11 15:36:18,101.73,1,0,email_newsletter,price_sensitive
j_1a93274f7d,u_a74abbf93662,2023-11-27 13:29:29,103.01,3,8,email_retargeting,high_intent_shopper
j_5e6b29d208,u_6e0171ea4e9a,2023-12-31 07:18:18,67.06,1,0,email_newsletter,repeat_customer
j_1eea2012b0,u_697a9508e916,2023-01-24 02:23:20,84.13,1,0,paid_social_instagram,price_sensitive
j_d5879ff2d0,u_5d4ef7ff1661,2023-10-16 07:39:11,76.44,2,9,email_retargeting,repeat_customer
j_99bba66b1b,u_e40214c1c61a,2023-12-05 08:03:37,143.1,2,1,paid_search_google,repeat_customer
j_159cca567c,u_7644aca106e6,2023-09-30 04:32:43,44.94,5,12,paid_search_bing,price_sensitive
j_cc42ee8747,u_752780c09731,2023-06-24 01:38:23,62.34,3,18,paid_search_bing,price_sensitive
j_f462be25a8,u_1688f38d3085,2023-06-18 21:55:19,146.61,3,23,organic_search_seo,repeat_customer
j_7d6dc0a4a4,u_d3f133d0a7d2,2023-07-08 22:27:52,89.65,3,17,paid_search_google,high_intent_shopper
j_6cd37c37f0,u_2207d929e0c4,2023-04-23 07:46:43,120.27,1,0,organic_search_seo,high_intent_shopper
j_a50d103b55,u_9c1c654c0db9,2023-11-02 10:03:41,69.36,1,0,paid_social_instagram,high_intent_shopper
j_26db9538b4,u_5185cfc1cb3c,2023-08-29 16:01:18,39.48,4,25,paid_search_google,price_sensitive
j_bd5a86a910,u_2617eaae29f5,2023-11-16 14:48:21,62.41,6,16,paid_search_bing,repeat_customer
j_62f66dde93,u_fb7cafe01bee,2023-02-08 09:38:38,32.1,1,0,email_newsletter,high_intent_shopper
j_741d6b6c82,u_484be880259a,2023-02-16 16:32:09,62.22,1,0,paid_search_google,high_intent_shopper
j_0ae5812fee,u_0180fe7fb542,2023-02-19 04:35:54,104.71,1,0,paid_search_google,repeat_customer
j_3c48729baa,u_68cbb930bb61,2023-03-13 23:12:45,228.44,1,0,paid_social_instagram,repeat_customer
j_fb45aadaff,u_4d6cd79cc35b,2023-08-05 21:24:09,122.82,1,0,display_programmatic,high_intent_shopper
j_5c99e0c4ba,u_8b7c6dc11401,2023-08-15 20:26:17,56.47,5,27,email_newsletter,new_visitor
j_a5596c9acf,u_ae288962dc3d,2023-09-01 12:28:14,124.55,1,0,paid_social_instagram,repeat_customer
j_1847e479c3,u_53baef2f49e6,2023-01-29 03:31:27,37.8,2,1,paid_social_facebook,price_sensitive
j_5016bb188f,u_e6443cf6c0ab,2023-08-02 18:46:03,108.17,1,0,organic_search_seo,high_intent_shopper
j_7c7dc1b84d,u_2c233a434635,2023-11-28 23:03:50,32.54,2,9,influencer,price_sensitive
j_16f4df4b66,u_563c8ff5242f,2023-07-19 01:33:47,23.17,3,19,paid_social_facebook,price_sensitive
j_8a573573f8,u_78c292dd4b6c,2023-05-03 04:45:21,70.55,5,24,paid_search_google,new_visitor
j_0c4d7d3541,u_28eabe5c99cd,2023-03-16 11:23:32,95.04,4,12,paid_search_google,new_visitor
j_86899a69cf,u_0531efd2a68e,2023-04-09 12:18:13,48.58,1,0,paid_social_facebook,high_intent_shopper
j_3679af9973,u_ad552178454a,2023-08-21 23:46:03,127.01,2,13,direct,high_intent_shopper
j_f23f5a707c,u_d987652dadad,2023-10-11 16:18:47,70.09,3,7,display_programmatic,price_sensitive
j_958706a15a,u_c9e672f8286f,2023-11-21 02:21:19,48.21,1,0,influencer,brand_aware_browser
j_a00e683d89,u_5b27fb3f8f26,2023-06-08 06:38:29,252.36,2,22,email_retargeting,repeat_customer
j_09b691ae4d,u_26a5feb3b9bf,2023-06-23 00:30:29,48.05,1,0,email_retargeting,high_intent_shopper
j_366d6b70e2,u_9c76002ed9d9,2023-12-20 05:35:17,58.54,2,15,paid_search_google,high_intent_shopper
j_929053cc34,u_a6e71c6c48d2,2023-07-13 09:58:40,158.0,1,0,paid_search_google,repeat_customer
j_4a757b5b3b,u_b823d78619fa,2023-06-03 23:36:44,146.92,4,20,paid_social_facebook,high_intent_shopper
j_a930e9871e,u_ea4a79f86d45,2023-05-21 14:20:57,137.88,1,0,display_programmatic,repeat_customer
j_e0fbb61959,u_42791f8df1cd,2023-03-02 20:04:31,117.59,2,8,paid_search_google,repeat_customer
j_d8da8f19a0,u_4ddddc5867fb,2023-05-28 22:40:16,54.01,5,27,paid_search_google,new_visitor
j_939a5695b1,u_85257426f72e,2023-05-10 02:48:24,89.32,4,12,paid_search_google,repeat_customer
j_bb0d216712,u_50a0e5115fcf,2023-02-02 15:45:54,74.31,2,2,paid_search_google,high_intent_shopper
j_a478a030b8,u_131f95b618ac,2023-03-01 03:59:10,103.89,2,0,direct,repeat_customer
j_a9a4c76832,u_7da2927dd941,2023-08-03 02:07:17,108.7,3,10,paid_search_google,high_intent_shopper
j_3507558043,u_4f0fee11d808,2023-07-12 20:52:42,25.87,5,22,paid_search_bing,price_sensitive
j_20a5f5cf35,u_732809ea472b,2023-10-17 20:58:54,152.1,2,22,paid_search_google,repeat_customer
j_a80f2775cd,u_326d1b7d5f02,2023-03-05 18:48:58,59.51,2,20,email_retargeting,price_sensitive
j_65c4290609,u_813d5bda1b7e,2023-02-23 08:34:14,232.83,1,0,direct,repeat_customer
j_c2da7747d3,u_ff61078377b6,2023-08-04 18:46:51,211.71,1,0,email_newsletter,repeat_customer
j_323284c3db,u_45c39a9d29c4,2023-11-03 10:40:55,65.91,1,0,display_programmatic,high_intent_shopper
j_beb2ee9d91,u_d2688da1513e,2023-09-16 22:13:27,161.99,3,20,paid_search_google,repeat_customer
j_2e9c1cadac,u_cf0095adac5b,2023-03-03 17:40:16,108.88,2,16,paid_search_google,high_intent_shopper
j_400a136502,u_33c91d7432ff,2023-10-07 09:09:19,143.19,4,23,paid_search_google,high_intent_shopper
j_35a4abbfa2,u_c1c8332a3788,2023-06-24 10:37:22,98.25,2,5,paid_search_google,repeat_customer
j_2136f90447,u_ad2b545edb09,2023-08-31 10:34:17,95.29,4,17,paid_search_google,high_intent_shopper
j_a043d1f1b7,u_72f862f71091,2023-10-22 05:06:51,103.63,4,23,paid_search_google,high_intent_shopper
j_19cb2cc3ea,u_260eab5fd5bf,2023-02-06 19:22:42,83.39,5,18,paid_social_facebook,new_visitor
j_848526d529,u_eaf662196879,2023-08-10 13:47:13,145.86,3,12,paid_social_facebook,repeat_customer
j_aef2ff1426,u_441c3de83041,2023-07-31 18:48:59,42.88,1,0,display_programmatic,high_intent_shopper
j_05509c8e5d,u_f3f3fbc7705c,2023-05-31 12:21:29,73.96,1,0,paid_social_facebook,high_intent_shopper
j_63eccdde9d,u_3ad3ddb4bcb4,2023-12-23 23:31:58,177.15,4,8,paid_search_google,repeat_customer
j_3b546fe7ec,u_0155f1139132,2023-06-15 06:23:34,125.73,1,0,paid_search_google,repeat_customer
j_59658530c6,u_0ba610f34794,2023-11-06 21:39:49,109.32,3,3,paid_social_facebook,repeat_customer
j_9ca5ed2d81,u_f1b8ba441bf7,2023-05-17 03:24:27,76.72,4,9,paid_social_facebook,price_sensitive
j_8ebe3dd2d8,u_6fe9c7be4b8c,2023-11-05 10:31:01,102.05,1,0,paid_search_google,repeat_customer
j_03f8d5dd4a,u_bfdf82b9110f,2023-05-05 13:45:16,78.11,4,17,email_retargeting,price_sensitive
j_d65c6d857b,u_6a8c37d77576,2023-06-09 08:04:47,140.05,1,0,email_newsletter,high_intent_shopper
j_0f35c0bfc9,u_90cb5eaf053c,2023-03-16 15:16:31,85.7,1,0,email_newsletter,repeat_customer
j_6308809c59,u_6214418cc282,2023-12-11 07:21:46,81.68,1,0,paid_search_google,repeat_customer
j_57e15a2a91,u_d5a82d3a1378,2023-01-07 02:05:50,121.19,1,0,paid_social_instagram,repeat_customer
j_0841c465d9,u_2f14a01a3b60,2023-09-10 16:39:10,112.01,1,0,email_retargeting,repeat_customer
j_ccc002d2cd,u_9dc9309c4034,2023-05-30 17:45:20,86.31,8,26,organic_search_seo,brand_aware_browser
j_ee75bf23b4,u_39faf7619c51,2023-12-22 18:46:35,145.65,3,22,paid_search_google,high_intent_shopper
j_b3ba62795d,u_0bedf706455c,2023-08-21 19:52:44,44.97,3,17,paid_search_google,brand_aware_browser
j_2c56a33edc,u_e6b440078ab7,2023-11-13 23:22:57,54.46,3,22,paid_search_google,price_sensitive
j_f27f4625db,u_0d3bc9a52cb7,2023-12-03 05:25:22,148.34,3,23,paid_search_google,repeat_customer
j_0018aa3ab6,u_8dbe158da8de,2023-03-13 04:00:03,95.31,2,15,email_newsletter,repeat_customer
j_66289aa7aa,u_e9bb865914fa,2023-06-04 01:15:47,47.71,3,17,paid_search_google,high_intent_shopper
j_1b1540ae02,u_877dd6ca3db7,2023-12-18 16:19:28,46.96,8,23,paid_search_google,price_sensitive
j_3c34da6024,u_47e45015e24b,2023-07-31 01:15:37,231.9,3,15,paid_search_google,repeat_customer
j_e487fa3443,u_b9ce5a95fb31,2023-02-06 11:07:04,25.87,1,0,email_newsletter,price_sensitive
j_3ab69b5b6a,u_a9934389c4ef,2023-10-02 17:01:18,55.04,2,7,paid_search_google,high_intent_shopper
j_ec6ba2bfce,u_85047ca3bb0f,2023-12-03 23:39:13,41.87,5,16,email_newsletter,price_sensitive
j_1255fa6353,u_7336e2194dd4,2023-03-11 15:39:40,103.85,2,2,paid_social_instagram,high_intent_shopper
j_58859315eb,u_faf30e7cfc7e,2023-04-23 12:13:31,177.47,4,11,paid_search_bing,high_intent_shopper
j_305205eaa3,u_aedfb3167433,2023-12-02 13:48:49,73.11,12,24,email_newsletter,brand_aware_browser
j_94bb4768b5,u_2713d21dd075,2023-04-24 18:07:25,104.1,1,0,paid_social_facebook,repeat_customer
j_c4b5193caa,u_e00338532e7e,2023-02-24 14:15:20,45.19,6,21,email_newsletter,brand_aware_browser
j_06c7b9a796,u_f7c3ed5f9918,2023-11-09 00:52:03,51.77,3,23,email_retargeting,price_sensitive
j_1d08b94c8e,u_0161c0df7cf7,2023-02-13 10:27:16,25.24,1,0,paid_search_google,price_sensitive
j_7a71f30713,u_e2b0d283ce03,2023-02-27 09:04:01,314.22,1,0,paid_search_google,repeat_customer
j_00fcdf1e80,u_88135ce326db,2023-03-08 15:42:09,197.15,1,0,display_programmatic,repeat_customer
j_321e6490fd,u_e41c187f008d,2023-08-31 01:16:07,78.1,1,0,paid_social_facebook,repeat_customer
j_dbb6c2d81c,u_d9b0a8a7ee48,2023-12-01 16:19:23,137.04,1,0,organic_search_seo,repeat_customer
j_44757071d4,u_f7618af99acd,2023-07-03 03:13:17,142.17,1,0,organic_search_seo,repeat_customer
j_03ad4455bc,u_0679d744f80f,2023-02-06 01:54:38,250.46,1,0,paid_social_instagram,repeat_customer
j_c72b1cb6b3,u_5a05216c8f34,2023-07-07 10:15:14,133.4,3,9,paid_search_google,high_intent_shopper
j_b5b3ed0ccc,u_c3e9b8afacd1,2023-04-21 16:46:46,74.23,3,22,paid_social_instagram,high_intent_shopper
j_7fd2058d45,u_65f35d503b1d,2023-05-20 20:15:40,66.89,1,0,influencer,high_intent_shopper
j_2a0c8efe3d,u_4c5584be3367,2023-09-24 19:39:05,113.87,4,21,paid_social_instagram,high_intent_shopper
j_e812a821b7,u_9b556442abd1,2023-11-17 13:05:34,65.0,3,22,paid_social_facebook,high_intent_shopper
j_b03ea50939,u_833bafa36017,2023-05-10 05:14:17,130.5,6,25,email_retargeting,brand_aware_browser
j_a33ce74bb7,u_ab3d1ba5b877,2023-10-12 04:11:27,80.49,3,11,email_newsletter,high_intent_shopper
j_7d721b9981,u_69d9f3a7f251,2023-12-15 22:06:14,113.42,3,9,paid_social_facebook,high_intent_shopper
j_ed5fa1c98a,u_1f2d1bbeda3a,2023-06-06 00:23:36,125.81,2,13,direct,repeat_customer
j_057693c6c9,u_8a11defcf09a,2023-03-18 20:20:22,227.65,1,0,paid_social_facebook,repeat_customer
j_da7165d8f4,u_595795337098,2023-06-12 09:29:19,73.9,5,14,email_retargeting,price_sensitive
j_e07e3ce2fc,u_a271b328f8a1,2023-05-14 01:53:24,205.76,3,4,display_programmatic,high_intent_shopper
j_8c65771d83,u_ed8934b1552d,2023-12-24 21:20:46,165.25,3,26,email_newsletter,repeat_customer
j_7138984c2c,u_ecc5bb7372b6,2023-04-14 10:23:32,65.22,1,0,paid_social_instagram,high_intent_shopper
j_ac18e78298,u_f57e97b86c7f,2023-11-30 01:18:18,67.99,5,15,email_retargeting,new_visitor
j_3d13f5c7d6,u_b25b461970d9,2023-05-22 18:20:18,96.28,1,0,paid_social_instagram,repeat_customer
j_2186665e2e,u_7e9871b93243,2023-07-02 01:43:26,29.57,9,26,email_newsletter,price_sensitive
j_a396dbed37,u_eb30bdba79cf,2023-08-10 01:40:05,33.62,3,9,organic_search_seo,price_sensitive
j_3b11a3cd8e,u_91f8cd7356a0,2023-03-09 22:55:42,56.25,3,4,email_newsletter,brand_aware_browser
j_6456d8e014,u_beb677553110,2023-05-28 22:53:04,115.2,1,0,paid_social_instagram,repeat_customer
j_c24a40b3a8,u_9e0247a64773,2023-09-11 12:24:29,170.05,1,0,influencer,high_intent_shopper
j_dac6cce06e,u_6298fb7603f9,2023-07-31 13:01:37,147.62,1,0,display_programmatic,repeat_customer
j_6ecbfa22f2,u_b137f084317e,2023-05-01 03:20:06,43.71,2,12,paid_social_facebook,high_intent_shopper
j_dd57bbeb61,u_a34aa81377c7,2023-11-09 12:40:54,72.79,2,0,email_retargeting,high_intent_shopper
j_3c88dbff2e,u_aa81f417dc9a,2023-06-18 18:56:51,168.95,1,0,influencer,repeat_customer
j_19ecd66dd7,u_92bbbf46a601,2023-12-02 05:58:09,47.93,4,0,display_programmatic,price_sensitive
j_45545663bf,u_58e5c654b458,2023-09-04 13:05:50,128.16,1,0,paid_social_instagram,repeat_customer
j_7d48e505d9,u_d5e03261e5da,2023-11-29 09:44:59,35.4,4,20,paid_search_google,brand_aware_browser
j_993646658a,u_59fdb7308293,2023-03-16 23:52:37,55.12,6,23,influencer,new_visitor
j_321094b4f3,u_18a9f7091474,2023-06-07 03:35:24,42.4,6,20,email_newsletter,brand_aware_browser
j_57ad7c57d6,u_58dc4c8a6780,2023-02-03 22:52:36,138.29,1,0,paid_social_instagram,repeat_customer
j_a00cff683b,u_6e57603824eb,2023-04-01 10:57:14,144.32,2,7,email_retargeting,repeat_customer
j_41152b2f95,u_2d4eb4fa6870,2023-12-04 07:32:22,77.89,1,0,paid_social_instagram,high_intent_shopper
j_9bccb0bc9c,u_1d2df3669e93,2023-10-29 16:26:02,42.04,3,10,email_newsletter,high_intent_shopper
j_878fda6774,u_6f81dab7f2e5,2023-10-30 16:40:43,36.33,1,0,display_programmatic,high_intent_shopper
j_1f27b4b71e,u_f3f3a6905f4c,2023-09-11 18:30:16,118.94,2,15,paid_search_google,repeat_customer
j_cb47e2e41f,u_72bead7261db,2023-09-09 04:07:13,146.73,1,0,display_programmatic,high_intent_shopper
j_0d04ab3fc4,u_e9741e2e49fa,2023-11-28 23:59:00,91.7,2,10,paid_search_google,high_intent_shopper
j_308f689a1f,u_4ec5be676522,2023-02-01 06:47:05,55.08,3,16,paid_social_facebook,high_intent_shopper
j_d4364f32e8,u_9b1449a9a8ad,2023-09-02 17:39:26,252.79,4,7,paid_search_google,repeat_customer
j_4ce0d90699,u_a721134cc0d2,2023-12-12 00:07:32,120.87,5,26,paid_search_google,repeat_customer
j_3a62673b12,u_49ba40f57fc0,2023-07-24 13:46:53,135.81,9,23,email_newsletter,brand_aware_browser
j_c6675f7878,u_33e764c8f24d,2023-05-27 06:49:10,210.92,4,13,paid_search_google,repeat_customer
j_919c7d1875,u_6192ebced45d,2023-09-08 06:46:10,268.25,2,15,organic_search_seo,repeat_customer
j_4b13dfccd0,u_a29e11b2f850,2023-05-30 01:54:39,67.16,2,6,direct,high_intent_shopper
j_d1f58bdfab,u_313066b60b1f,2023-07-06 14:50:15,191.75,1,0,paid_social_instagram,repeat_customer
j_4539efce6d,u_31bf6a041af8,2023-06-12 03:20:56,40.39,5,22,direct,price_sensitive
j_aee2f07806,u_cffc37033502,2023-08-04 17:50:47,58.02,3,15,paid_search_google,high_intent_shopper
j_53d573227a,u_cd795e511ef6,2023-11-01 01:08:14,118.77,1,0,influencer,repeat_customer
j_2055803ab1,u_6ab393751480,2023-06-07 15:59:24,171.78,1,0,direct,repeat_customer
j_cf3cf03ad6,u_311b6f543915,2023-05-12 13:43:17,81.93,2,11,paid_search_google,price_sensitive
j_1e3e306f0d,u_740e2d868e53,2023-12-25 21:32:18,157.89,1,0,paid_social_facebook,high_intent_shopper
j_e32916af72,u_3b67f889ee52,2023-07-08 05:14:03,150.96,1,0,influencer,repeat_customer
j_d450ef4a94,u_6f54d7e27922,2023-02-15 11:37:43,33.35,3,14,email_newsletter,new_visitor
j_60d033bcce,u_fd476ac0860d,2023-12-10 21:49:13,83.85,1,0,paid_social_facebook,repeat_customer
j_71b6cc1473,u_3a72f4fdd2d4,2023-03-17 03:12:23,68.77,2,23,paid_search_google,high_intent_shopper
j_f4325f0cd7,u_2e1acfb2e652,2023-06-20 02:20:14,68.86,2,19,email_newsletter,price_sensitive
j_f0db12c2fe,u_86b813eed7a8,2023-08-03 13:45:53,309.24,1,0,paid_social_facebook,repeat_customer
j_8cc385ca36,u_7f2838e8135a,2023-06-19 20:46:23,26.0,5,21,paid_search_google,price_sensitive
j_db533d8bfe,u_5c158f1718fa,2023-09-13 02:22:36,132.93,2,9,direct,high_intent_shopper
j_bbe1583c95,u_64c9ade09ea8,2023-11-02 22:41:39,46.98,1,0,display_programmatic,high_intent_shopper
j_2dded644c3,u_356424171a4c,2023-07-15 20:36:44,39.54,1,0,paid_social_facebook,price_sensitive
j_1e3fc08358,u_3a48d84ffe7e,2023-11-10 14:17:32,196.17,1,0,paid_social_facebook,repeat_customer
j_b12463e302,u_09ba70b68d27,2023-02-02 06:01:34,92.47,1,0,paid_social_instagram,repeat_customer
j_0496cd7e71,u_b3f6b356ca13,2023-04-28 20:54:16,38.67,4,9,paid_social_facebook,high_intent_shopper
j_aa9bcd39a1,u_e26477c80ec7,2023-07-17 15:30:57,72.29,1,0,paid_social_instagram,repeat_customer
j_5b3b1e0cab,u_4e3cd4b4c60d,2023-05-12 10:57:25,72.55,2,18,paid_social_facebook,high_intent_shopper
j_24b15c9d4c,u_7ef7e834581f,2023-04-09 13:56:54,109.53,1,0,paid_social_facebook,high_intent_shopper
j_d6313cc31b,u_d8d2ed8c12ce,2023-07-29 03:35:26,51.83,1,0,paid_social_facebook,repeat_customer
j_4e718356d1,u_c587354e0069,2023-05-12 16:49:45,205.18,1,0,influencer,repeat_customer
j_5bd8c2721f,u_0aeda404123d,2023-02-20 08:59:26,171.78,2,17,display_programmatic,repeat_customer
j_ab9ae4827a,u_d437b025e335,2023-10-05 17:52:49,90.83,6,11,email_retargeting,new_visitor
j_79ca0e43c7,u_5a2cf9627c08,2023-06-06 04:20:01,65.5,4,22,paid_search_bing,brand_aware_browser
j_618b8bac25,u_b52098a3b8ae,2023-06-30 05:25:57,70.44,4,11,email_retargeting,high_intent_shopper
j_ca180a0f66,u_3d1044e1eb04,2023-01-22 23:24:37,57.16,1,0,paid_social_instagram,price_sensitive
j_aef71b6ccc,u_ee8076a45c8c,2023-12-20 20:21:26,145.3,4,23,paid_search_google,high_intent_shopper
j_a203ca3f74,u_9647d01acba5,2023-03-11 12:19:30,35.18,5,8,organic_search_seo,brand_aware_browser
j_2a8bb7f0c2,u_3ab56789b381,2023-02-15 01:33:29,55.32,1,0,paid_social_facebook,high_intent_shopper
j_17fb3c66f8,u_ec05c6395a87,2023-10-20 14:48:37,80.57,2,10,paid_search_google,high_intent_shopper
j_868cd7a19e,u_dc867c009a94,2023-05-12 18:14:25,164.64,3,13,paid_search_bing,repeat_customer
j_f07855be26,u_1d977963e661,2023-02-20 06:30:02,110.86,1,0,paid_social_facebook,repeat_customer
j_ff86587b5b,u_39ba96de3342,2023-02-11 11:26:27,95.05,2,20,paid_social_instagram,high_intent_shopper
j_61f06e9288,u_610f2d9c10cd,2023-04-03 15:14:55,90.87,2,10,paid_search_bing,high_intent_shopper
j_f31c3f67cd,u_abdcf00bbcb4,2023-02-24 17:53:17,50.2,2,2,paid_social_instagram,high_intent_shopper
j_b75fc572c6,u_80425639bccc,2023-03-07 23:51:18,123.62,2,5,paid_search_google,repeat_customer
j_623f854e67,u_2a8871535250,2023-11-30 19:06:29,53.16,5,19,paid_social_instagram,price_sensitive
j_b077e47cc6,u_54135421f407,2023-03-07 13:16:58,100.42,1,0,paid_social_instagram,high_intent_shopper
j_a674605b55,u_100406e3a3e5,2023-11-05 09:35:16,120.04,1,0,paid_social_instagram,high_intent_shopper
j_bcbf47591e,u_fb15ccdc1e12,2023-09-02 13:31:08,120.84,1,0,paid_social_facebook,repeat_customer
j_f73efa543d,u_6c00deaa41c2,2023-10-17 12:41:28,75.09,3,17,display_programmatic,high_intent_shopper
j_360796acb1,u_62b9e821efde,2023-03-13 03:32:59,62.65,3,19,paid_social_instagram,price_sensitive
j_f1dcde6d0a,u_c23c75deedcd,2023-10-21 07:51:30,99.45,1,0,paid_social_facebook,repeat_customer
j_8c52c82e34,u_f4998a5b66e6,2023-04-04 22:38:22,57.29,6,18,paid_social_facebook,brand_aware_browser
j_5418a62e34,u_81f942c80307,2023-04-13 02:22:13,67.27,2,8,direct,high_intent_shopper
j_6299e97914,u_2643a5ada2c5,2023-12-07 06:50:20,132.49,3,21,email_newsletter,repeat_customer
j_177e59a93e,u_caf2bd7b39e4,2023-08-12 15:53:16,175.57,2,9,paid_social_instagram,repeat_customer
j_8666752111,u_db084927706e,2023-03-19 23:44:00,109.95,2,3,email_retargeting,high_intent_shopper
j_20a103672a,u_ed0fee7a5613,2023-10-17 21:34:54,92.31,4,14,paid_search_google,brand_aware_browser
j_3994fe8f55,u_01585d8ff8f5,2023-02-22 03:00:57,51.23,1,0,display_programmatic,brand_aware_browser
j_f5b3dd7ed6,u_35dbaad5ba96,2023-02-12 19:09:17,76.94,1,0,paid_social_facebook,price_sensitive
j_b5697f2233,u_538c9af515d5,2023-03-08 11:08:58,103.06,1,0,paid_social_facebook,high_intent_shopper
j_ef2460890e,u_8a8222ed095a,2023-08-29 15:24:04,202.0,1,0,paid_social_facebook,high_intent_shopper
j_7c09c02412,u_5017c9c286fd,2023-02-21 21:48:53,116.8,1,0,display_programmatic,repeat_customer
j_1da640e794,u_f3cec2962080,2023-03-25 15:26:00,246.65,1,0,paid_social_instagram,high_intent_shopper
j_407a82c29d,u_68ff90519f51,2023-11-28 01:18:28,39.4,5,13,paid_search_google,high_intent_shopper
j_cf4035802c,u_247084b7cc22,2023-02-04 12:07:52,79.4,1,0,paid_search_google,high_intent_shopper
j_f386bdb9af,u_43435c446ce6,2023-04-23 23:48:45,83.52,1,0,paid_social_facebook,high_intent_shopper
j_0a512b6040,u_60fa60ad2bb6,2023-06-17 11:16:09,316.98,1,0,paid_social_facebook,repeat_customer
j_69dc52947d,u_23d478c01dd9,2023-09-18 18:50:52,174.3,1,0,display_programmatic,repeat_customer
j_c1ea402bea,u_fc74e7d45eb3,2023-12-01 08:03:34,83.57,6,26,paid_search_google,new_visitor
j_18c2545bc4,u_d962456287fe,2023-05-23 05:18:59,156.21,3,16,paid_social_facebook,repeat_customer
j_3478669a14,u_ef2085fde83d,2023-04-22 05:22:51,112.66,1,0,paid_social_instagram,repeat_customer
j_e5d31e0312,u_b9605f245237,2023-04-19 03:11:28,118.17,8,27,direct,price_sensitive
j_68becc0078,u_6a6148070b57,2023-02-10 20:35:29,228.76,1,0,display_programmatic,repeat_customer
j_51c645bf8a,u_187ae4263368,2023-08-08 16:59:50,106.04,3,24,email_retargeting,high_intent_shopper
j_4e082e22be,u_2f24574e9c3c,2023-08-14 13:00:40,168.55,1,0,paid_social_facebook,repeat_customer
j_0597867acd,u_d658d42d9f4b,2023-02-23 09:23:16,195.76,2,6,email_newsletter,high_intent_shopper
j_15ce66572f,u_6d143c3aafff,2023-12-29 09:45:48,43.95,5,19,paid_social_facebook,new_visitor
j_4dfcc36db1,u_02d1a60acdde,2023-03-29 01:42:40,83.15,6,20,paid_search_bing,high_intent_shopper
j_00888e2330,u_a32671a4c357,2023-09-02 00:33:50,199.1,2,24,email_newsletter,high_intent_shopper
j_92475352fb,u_fc03fd98b587,2023-02-27 19:39:04,79.39,1,0,organic_search_seo,high_intent_shopper
j_6226d09eb5,u_55ba18226eca,2023-03-30 11:34:04,42.89,2,4,email_newsletter,price_sensitive
j_5f4380e515,u_8ab282005041,2023-05-12 10:34:56,218.47,1,0,display_programmatic,repeat_customer
j_ca53c538d4,u_341f3d34d2d9,2023-01-20 09:29:19,297.24,1,0,paid_social_facebook,repeat_customer
j_03b6288761,u_2761a8eb17eb,2023-11-02 10:04:05,83.32,2,20,paid_search_google,repeat_customer
j_f5bff562cf,u_e822e9aae75f,2023-02-10 10:19:29,103.77,8,19,display_programmatic,new_visitor
j_2538f49735,u_4ef7b06186ac,2023-07-05 23:50:35,183.17,2,19,email_newsletter,high_intent_shopper
j_7d349db854,u_5e6775e56018,2023-03-10 02:43:06,150.78,2,4,organic_search_seo,repeat_customer
j_e500e0bebb,u_23b71d4b50b0,2023-09-15 12:15:23,77.25,7,19,paid_search_google,new_visitor
j_c4024a39b0,u_f08d69ee1093,2023-07-17 06:13:17,45.82,1,0,paid_social_facebook,brand_aware_browser
j_169717b0ca,u_33733b211acc,2023-11-28 09:59:36,163.61,2,10,email_newsletter,repeat_customer
j_9837a2d1ed,u_68eb5006fc40,2023-11-07 10:34:23,56.48,4,20,paid_search_google,high_intent_shopper
j_2d54c5bda9,u_f847d07f25f1,2023-12-14 20:56:40,120.63,5,16,paid_search_google,high_intent_shopper
j_acfddd7dd0,u_3daa8073d1b3,2023-12-31 06:33:40,28.46,4,15,paid_social_instagram,brand_aware_browser
j_554f029707,u_f4790920ca7e,2023-09-14 11:33:13,92.64,5,27,email_retargeting,brand_aware_browser
j_0350685422,u_fee694b0611b,2023-04-27 11:19:28,213.09,2,4,paid_search_google,repeat_customer
j_6504b7547d,u_b36204913637,2023-09-08 17:49:36,235.95,1,0,display_programmatic,repeat_customer
j_265eaf5c8d,u_0e9e3960b765,2023-11-26 08:52:10,113.41,6,21,paid_social_instagram,high_intent_shopper
j_e91b085b45,u_8153f8455e60,2023-11-11 08:00:02,90.9,1,0,paid_social_facebook,high_intent_shopper
j_526aa8695d,u_052438bb86f0,2023-11-04 07:53:47,76.27,2,8,influencer,high_intent_shopper
j_93b9d66077,u_223ac996a487,2023-09-27 19:41:53,201.2,1,0,paid_social_instagram,repeat_customer
j_0af6071408,u_bcbfcb20484c,2023-12-03 11:50:46,147.32,2,5,paid_social_facebook,repeat_customer
j_f4f8b5e0d2,u_e92bcc9005ab,2023-03-04 17:31:47,43.9,1,0,paid_search_google,new_visitor
j_1a5f1418a6,u_fefece47fa04,2023-07-01 06:56:04,41.47,5,14,organic_search_seo,price_sensitive
j_a49eb7a792,u_700443df735f,2023-11-22 21:21:22,87.46,4,19,display_programmatic,new_visitor
j_694a3c1631,u_39667c58b5b3,2023-06-05 02:04:51,39.98,1,0,paid_search_google,price_sensitive
j_e41b3d5e71,u_b69d35f2d4ee,2023-11-28 21:42:34,23.92,1,0,paid_social_facebook,price_sensitive
j_13acff8f28,u_ce5b93ce4b26,2023-10-31 00:30:22,280.3,2,19,paid_search_bing,repeat_customer
j_833c074db4,u_9434e2f0d2ec,2023-01-13 21:45:54,69.67,1,0,direct,brand_aware_browser
j_d4367c556d,u_0d8d98d386d0,2023-12-04 19:32:35,79.35,2,5,paid_social_facebook,high_intent_shopper
j_9fb2a655f4,u_6d4c350a05a1,2023-11-04 17:02:52,36.48,7,26,paid_social_facebook,price_sensitive
j_1e307ea2f6,u_1e0e96719924,2023-02-12 22:06:35,110.8,4,9,paid_search_google,repeat_customer
j_f5f65cd1b0,u_a34cb2aa4a4d,2023-11-21 17:29:56,177.77,1,0,paid_social_facebook,high_intent_shopper
j_68adcd6277,u_51826baaf7de,2023-12-17 20:44:43,65.97,2,21,paid_search_google,high_intent_shopper
j_80efe9fc1c,u_506d61e4a821,2023-02-28 04:46:43,44.3,3,22,direct,repeat_customer
j_71b845be92,u_ba742b87b57a,2023-06-16 04:18:47,37.33,3,18,paid_social_facebook,high_intent_shopper
j_9bca9d75cb,u_5e7c80fc11d3,2023-04-06 03:56:49,36.07,6,22,paid_social_instagram,price_sensitive
j_38146ed661,u_cbf009218294,2023-11-12 13:27:15,187.12,2,4,organic_search_seo,high_intent_shopper
j_839b7076e1,u_6e2e5e633b5e,2023-10-29 13:32:16,38.46,3,23,display_programmatic,price_sensitive
j_a1d3c5b45c,u_83ae2e257918,2023-06-17 03:36:07,34.88,9,26,paid_search_google,price_sensitive
j_82caf52794,u_e76d15b8e817,2023-03-21 19:24:27,44.01,5,20,email_retargeting,price_sensitive
j_9f58386588,u_8aa43d29af75,2023-09-25 23:39:48,81.18,4,17,display_programmatic,high_intent_shopper
j_e2aedf92ac,u_ef448a0c4bc5,2023-11-08 00:52:21,147.36,1,0,paid_social_facebook,repeat_customer
j_892675c667,u_9ba4580144dd,2023-02-12 10:48:49,36.18,3,11,paid_search_google,price_sensitive
j_13a602dc2b,u_220674c7dfd5,2023-11-04 16:54:00,211.78,1,0,influencer,repeat_customer
j_eac202271c,u_a56df77d4680,2023-06-12 07:39:04,81.29,1,0,paid_social_facebook,repeat_customer
j_a38d62a2e2,u_b476dcb5dadf,2023-10-20 17:28:15,72.99,8,28,influencer,new_visitor
j_a4a322efa2,u_caa16863cc32,2023-11-11 03:04:23,69.13,1,0,paid_social_facebook,high_intent_shopper
j_4625057df0,u_330acf6d9e4a,2023-10-31 09:37:16,119.76,2,17,paid_social_instagram,high_intent_shopper
j_98954378c6,u_aa89dcd94f77,2023-06-08 06:19:54,152.08,1,0,paid_social_facebook,high_intent_shopper
j_dd86ca69c7,u_fcbd4a441cf7,2023-02-19 04:24:19,100.16,3,18,display_programmatic,repeat_customer
j_32969b06d4,u_c5a700f97ecb,2023-12-09 06:04:26,90.91,3,11,display_programmatic,repeat_customer
j_648b7cca2d,u_9e85e1c5f707,2023-12-07 02:13:34,389.14,3,9,paid_social_facebook,repeat_customer
j_a0c1becf69,u_db516b8361e1,2023-07-28 10:09:00,143.12,1,0,paid_social_facebook,repeat_customer
j_baf3d89109,u_80299ba526b2,2023-08-04 00:21:18,97.05,5,16,paid_search_google,high_intent_shopper
j_a0d132888a,u_3c780725c4ec,2023-02-14 06:17:34,88.33,1,0,paid_search_google,high_intent_shopper
j_d0320555ff,u_bbdf1d20a02a,2023-02-12 10:39:16,153.96,5,19,email_retargeting,price_sensitive
j_5b5f40ee38,u_9996647ac45e,2023-10-10 14:36:33,131.83,3,16,direct,high_intent_shopper
j_f17756f5c4,u_da2a362aa2ed,2023-05-15 07:06:57,19.97,1,0,paid_social_facebook,price_sensitive
j_c07cd35913,u_9ada7a8017a7,2023-09-08 08:20:10,93.14,3,14,organic_search_seo,high_intent_shopper
j_57ad04c193,u_e3bf3293a4a1,2023-05-29 08:16:45,66.75,1,0,email_newsletter,high_intent_shopper
j_f67d0c210d,u_7af697f5595f,2023-11-25 05:03:01,112.55,1,0,paid_social_instagram,high_intent_shopper
j_e705da0bbf,u_ce69388e5600,2023-05-27 08:18:48,168.64,2,7,direct,repeat_customer
j_f2764a7a0a,u_e667aff5f78c,2023-07-27 21:04:13,197.92,1,0,paid_search_bing,repeat_customer
j_741ced5cc9,u_a2dde9ebfec4,2023-11-13 09:27:03,109.74,3,10,paid_search_google,high_intent_shopper
j_2795183044,u_84fa918ffc75,2023-09-10 12:19:27,39.99,2,18,email_newsletter,brand_aware_browser
j_e7d0ba31ad,u_26307b761049,2023-11-15 03:40:53,51.56,3,7,paid_search_google,new_visitor
j_122bdfb305,u_a638efa08bbc,2023-10-09 19:05:16,36.06,1,0,organic_search_seo,price_sensitive
j_9e26fcaf81,u_665560dcb2e9,2023-03-12 22:44:07,25.19,6,26,paid_social_instagram,new_visitor
j_28a0af1c9f,u_cde29acea4b1,2023-05-13 10:36:43,60.82,5,27,paid_search_bing,new_visitor
j_a777ac2edf,u_167921db37c7,2023-04-13 08:07:11,148.46,3,14,paid_search_google,repeat_customer
j_6a4bcb5ab0,u_57390c31eb65,2023-10-07 07:15:03,134.84,1,0,paid_search_google,repeat_customer
j_7422c51069,u_1457472b0310,2023-03-26 18:56:30,212.55,1,0,paid_social_facebook,high_intent_shopper
j_84c5994103,u_4aeccb52451a,2023-04-23 05:52:25,135.52,3,22,paid_social_facebook,new_visitor
j_d7afcd41d4,u_80ff9f722f5a,2023-08-09 09:49:50,91.41,2,13,direct,high_intent_shopper
j_7ef2793a08,u_01b531d9e662,2023-08-23 05:54:50,182.9,1,0,paid_social_instagram,repeat_customer
j_185c16a8a8,u_4d6f2b1107dd,2023-03-21 21:34:57,333.11,1,0,display_programmatic,repeat_customer
j_dda44e1e48,u_d11db35f8efe,2023-05-11 18:11:30,116.21,2,6,paid_social_facebook,high_intent_shopper
j_dba20a2f6d,u_dd1e0d09d63b,2023-04-05 21:26:14,88.88,1,0,organic_search_seo,high_intent_shopper
j_06e1f1172b,u_bd4962ae2aa4,2023-03-07 23:23:12,110.54,3,20,paid_social_instagram,high_intent_shopper
j_f5935ada88,u_caf1c5da48aa,2023-10-17 03:41:43,59.83,6,15,paid_search_bing,price_sensitive
j_a224d7777c,u_27403ce1d881,2023-09-18 08:05:19,81.95,2,2,direct,repeat_customer
j_88517fca25,u_e987cf9f12c1,2023-08-24 12:39:50,70.91,2,10,organic_search_seo,brand_aware_browser
j_9ea972bde7,u_83286a4da857,2023-05-11 15:44:51,53.93,8,26,paid_search_google,price_sensitive
j_81f99d9ef9,u_32f4218db7e4,2023-09-25 14:39:35,56.25,1,0,influencer,repeat_customer
j_0e776e654e,u_9a873b861c8a,2023-04-05 11:59:32,73.34,6,18,email_retargeting,brand_aware_browser
j_8b609241bd,u_b001f57322e3,2023-03-08 09:57:23,123.13,2,4,email_retargeting,high_intent_shopper
j_405f1bd9e9,u_2864e46c051a,2023-06-01 23:10:32,182.33,2,20,paid_search_google,high_intent_shopper
j_81fadb3a28,u_8c72bad5a18f,2023-08-05 02:31:11,96.61,2,20,paid_social_instagram,repeat_customer
j_9b6da4e075,u_61ccc0730e8e,2023-09-27 10:32:26,29.28,4,16,paid_social_facebook,price_sensitive
j_cf52c3e300,u_aaee692fa710,2023-06-16 06:25:46,97.43,4,17,paid_search_google,high_intent_shopper
j_b9c3a30e82,u_1bd1d87ff40a,2023-11-23 03:16:38,47.97,1,0,paid_social_instagram,high_intent_shopper
j_c2ad357d0e,u_c381f320c10a,2023-04-26 09:07:39,202.68,2,4,email_newsletter,repeat_customer
j_f790c5e614,u_1bb6956cda22,2023-12-03 10:19:39,92.48,3,8,paid_search_google,price_sensitive
j_5a5b6de568,u_e831bc02bfb7,2024-01-02 11:28:23,177.75,1,0,influencer,high_intent_shopper
j_1f30de0bbd,u_d789b4f054f0,2023-02-14 23:45:03,147.73,3,18,direct,repeat_customer
j_0d9937134c,u_05cdec1d36cc,2023-02-15 02:34:31,22.53,4,16,email_retargeting,price_sensitive
j_c62331c4b4,u_d37a5cfa62d9,2023-07-13 08:43:04,71.07,4,18,paid_search_google,price_sensitive
j_afd29ab0f3,u_1b6e76f25514,2023-03-02 18:26:58,144.71,2,6,paid_social_instagram,repeat_customer
j_efaac0d6ba,u_c73e525d44ed,2023-02-15 00:34:40,50.18,3,13,direct,brand_aware_browser
j_b8cbd6c937,u_ce8d03b921f3,2023-12-04 14:58:19,35.53,4,19,email_retargeting,price_sensitive
j_289b144109,u_aff83813de47,2023-08-26 04:25:17,93.06,3,22,paid_search_google,repeat_customer
j_e3ae6d841f,u_0ff29343b085,2023-02-17 17:17:03,40.0,3,10,organic_search_seo,price_sensitive
j_43c26b863e,u_6d4e8fae7376,2023-02-28 13:00:31,68.43,5,15,direct,price_sensitive
j_3ceb24ddd1,u_db8d0a914e7d,2023-10-10 01:25:22,76.68,5,26,paid_search_google,new_visitor
j_08569b85b7,u_320d717acc3b,2023-01-29 23:05:59,90.76,1,0,paid_social_facebook,repeat_customer
j_338ad7dad2,u_70e46d1dfd0d,2023-11-11 20:33:48,157.62,2,2,organic_search_seo,repeat_customer
j_3b521ec875,u_e00eebc34920,2023-10-30 00:15:23,196.42,2,2,paid_search_google,repeat_customer
j_9a2d82c6d0,u_fa53f09df31c,2023-04-13 03:50:27,39.92,1,0,paid_search_google,high_intent_shopper
j_15c0a2749c,u_ad1cf9688059,2023-12-17 16:47:55,24.72,2,7,paid_social_instagram,price_sensitive
j_69380a6fc6,u_2dc886b03634,2023-06-20 10:27:06,34.82,6,27,influencer,brand_aware_browser
j_28144b6123,u_998646ecde91,2023-02-21 11:43:01,122.76,3,15,paid_search_google,brand_aware_browser
j_c9f7f26886,u_46cfea9c1ee1,2023-10-14 11:39:26,114.2,2,7,paid_search_google,repeat_customer
j_82291b6281,u_075efd165b06,2023-05-24 10:33:58,108.36,2,3,organic_search_seo,new_visitor
j_93d0078f42,u_ac5eeeb519a8,2023-11-11 17:14:23,53.49,1,0,organic_search_seo,high_intent_shopper
j_83f1ebc0c5,u_fb92ef775d88,2023-03-09 11:30:06,99.54,1,0,paid_social_instagram,high_intent_shopper
j_59731e8f2b,u_792abf66b9a7,2023-03-30 16:24:39,148.32,1,0,paid_social_instagram,repeat_customer
j_3725240e5d,u_31f04d6d64b5,2023-10-07 16:08:27,178.92,5,16,paid_social_instagram,new_visitor
j_28e79960ce,u_67d01a11e743,2023-04-26 12:45:51,127.68,6,16,paid_search_google,brand_aware_browser
j_e2966b8c28,u_df7aca41231c,2023-11-23 20:22:45,56.53,2,9,paid_social_facebook,repeat_customer
j_4e2344814d,u_653ee4a04c69,2023-04-12 02:24:43,58.44,6,12,paid_social_facebook,brand_aware_browser
j_54fa37982f,u_17bce3506375,2023-03-16 05:00:46,131.1,1,0,paid_social_facebook,repeat_customer
j_80e60254ed,u_a38e24e0062f,2023-07-04 13:54:08,307.79,1,0,paid_search_bing,repeat_customer
j_1fbe6a0ef2,u_1b62b4d0528c,2023-09-06 23:01:35,113.32,2,3,paid_search_bing,high_intent_shopper
j_582f4cb0ce,u_fa164a577c1b,2023-12-10 23:27:03,67.56,3,20,paid_search_bing,high_intent_shopper
j_7639f0791b,u_7e16149a6542,2023-02-17 12:47:19,116.41,1,0,email_newsletter,high_intent_shopper
j_2046db6a84,u_5abd98efa3dc,2023-11-18 06:29:04,51.12,7,26,influencer,new_visitor
j_b090f6920d,u_5ecdd3554d61,2023-02-12 21:28:13,157.83,3,10,paid_search_google,repeat_customer
j_967092c717,u_23a76e070922,2023-10-26 18:54:16,84.05,1,0,email_newsletter,high_intent_shopper
j_dce6cae68d,u_e3fd19e6d496,2023-11-24 11:56:52,56.55,3,5,paid_search_google,high_intent_shopper
j_9571bd8c69,u_6a5a37e4b328,2023-03-17 22:41:23,323.89,1,0,paid_search_google,repeat_customer
j_cff0190e47,u_f0ee24c31144,2023-09-13 21:57:44,133.01,3,25,paid_search_google,repeat_customer
j_34903e94f6,u_aa3e53087aca,2023-12-02 23:37:50,35.4,4,21,paid_search_google,high_intent_shopper
j_e11d749e34,u_177e2125a002,2023-01-28 09:39:36,37.28,1,0,paid_search_google,price_sensitive
j_883e709681,u_fd315b483843,2023-05-11 21:10:27,30.08,1,0,paid_social_facebook,price_sensitive
j_a6dc1cf1bd,u_34b4c969cd2b,2023-03-02 10:10:09,129.14,1,0,email_newsletter,high_intent_shopper
j_224611b81e,u_6cb9a01523f6,2023-03-23 06:51:00,45.33,7,25,organic_search_seo,price_sensitive
j_159e70647d,u_b5cf2e7a7f9b,2023-11-13 18:57:51,209.91,1,0,organic_search_seo,high_intent_shopper
j_02bd9851bf,u_e85f1d17ee1f,2023-05-09 16:21:50,31.88,6,23,influencer,brand_aware_browser
j_d3ca8edb11,u_c36f0aedc518,2023-09-05 14:09:22,96.71,1,0,paid_social_facebook,repeat_customer
j_27258d3d12,u_35c751d2c9cd,2023-09-23 23:39:55,204.4,2,0,paid_search_google,repeat_customer
j_fb8922d167,u_256c0a1ef629,2023-05-18 13:09:00,104.32,2,6,paid_social_facebook,new_visitor
j_a0046ea53f,u_71df8e8a60f7,2023-02-08 01:30:10,96.64,3,28,paid_search_google,repeat_customer
j_8d36c0f8cc,u_07db3133b77f,2023-03-11 22:40:35,94.9,2,6,email_newsletter,brand_aware_browser
j_07e1864afd,u_3b97b4a93d21,2023-03-09 18:19:56,137.17,4,16,paid_search_google,high_intent_shopper
j_f2270f7572,u_e6795c69c641,2023-05-21 19:46:20,124.06,5,13,paid_social_facebook,new_visitor
j_82d0ce8ef8,u_b829f7d85970,2023-07-10 08:21:17,77.06,1,0,paid_social_facebook,repeat_customer
j_b66548df9e,u_27054de736d2,2023-04-08 13:50:51,137.57,1,0,organic_search_seo,repeat_customer
j_6e465dbe57,u_28dd50a333b3,2023-05-30 09:22:46,185.52,1,0,paid_social_facebook,high_intent_shopper
j_3cf777efbe,u_6effd7c816fa,2023-07-14 21:11:28,175.33,1,0,email_newsletter,repeat_customer
j_a4a403acfa,u_dbedb9a337bf,2023-11-16 15:34:11,91.61,8,24,paid_social_facebook,new_visitor
j_48f5543ce8,u_f5ca04366452,2023-01-16 17:12:04,37.01,1,0,paid_social_facebook,price_sensitive
j_d0a4c11018,u_25bdba7129ac,2023-10-14 10:51:07,78.77,7,16,email_newsletter,new_visitor
j_f27d2153c2,u_8e28859dac32,2023-12-01 01:14:44,160.32,1,0,paid_social_facebook,repeat_customer
j_40bdf678d4,u_aa8f821a295b,2023-10-16 17:23:36,50.01,1,0,influencer,high_intent_shopper
j_6e8d65b149,u_b048afb99341,2023-09-14 17:35:26,20.3,2,10,paid_social_facebook,price_sensitive
j_170fed26ad,u_5de0814ed1c9,2023-05-04 15:46:14,188.64,2,19,paid_search_bing,repeat_customer
j_cb19339af2,u_9a4fc28865f8,2023-07-10 18:10:34,122.56,8,20,email_newsletter,new_visitor
j_b3a6404b7f,u_595a2f971efb,2023-03-10 20:55:44,64.16,7,21,paid_search_google,brand_aware_browser
j_874e883dc0,u_40dcf96843bb,2023-09-08 15:32:26,75.26,3,7,influencer,high_intent_shopper
j_90c4d1ea1e,u_1fb9bf025766,2023-11-26 18:31:37,39.78,5,28,paid_search_google,price_sensitive
j_f385c9b2a4,u_8aca272a2656,2023-07-25 15:18:36,171.26,1,0,email_retargeting,repeat_customer
j_a26b2204e5,u_4b350c66cac4,2023-05-30 20:46:16,139.7,1,0,display_programmatic,repeat_customer
j_522dff352e,u_de023b1686eb,2023-07-07 09:57:36,218.33,1,0,influencer,repeat_customer
j_e9b5d7dcf8,u_8fca0aadb405,2023-12-24 01:55:28,230.59,1,0,paid_social_facebook,repeat_customer
j_dc7237fc39,u_742e6be00af8,2023-09-20 10:07:01,114.57,3,23,paid_social_instagram,repeat_customer
j_ce0223f897,u_f91ba70bac20,2023-09-28 03:01:36,125.76,1,0,paid_social_instagram,repeat_customer
j_6ed2cee271,u_947f7ccbbcf1,2023-05-11 17:10:06,24.88,6,21,organic_search_seo,price_sensitive
j_b5e453354f,u_60e2598eda66,2023-01-22 11:11:55,107.06,1,0,direct,high_intent_shopper
j_14c4871abb,u_7fbec5a8f343,2023-07-16 19:11:36,82.21,1,0,influencer,brand_aware_browser
j_bfb387097e,u_6b6b42f1051f,2023-07-31 16:01:16,58.99,6,18,paid_social_facebook,high_intent_shopper
j_0672c373db,u_a9cc873fd227,2023-04-09 23:05:47,267.69,1,0,paid_social_facebook,repeat_customer
j_80061caa95,u_5b88a50d1b00,2023-01-18 03:07:13,147.63,1,0,influencer,repeat_customer
j_80058841d1,u_9415b2b8dc90,2023-03-07 06:32:56,74.85,1,0,email_newsletter,repeat_customer
j_08787f4d49,u_f86af05c3532,2023-02-01 16:23:39,153.06,1,0,email_newsletter,repeat_customer
j_cf87a0bd69,u_203ab19acc8d,2023-03-09 04:22:49,166.56,1,0,paid_social_facebook,repeat_customer
j_491fb1df90,u_fa59e5efeedd,2023-12-01 07:06:11,52.52,2,15,direct,brand_aware_browser
j_0e7cea1bbc,u_5dc153405c72,2023-04-05 12:54:55,67.92,3,12,display_programmatic,brand_aware_browser
j_659e995414,u_43a2f061cbef,2023-11-12 18:12:49,98.69,1,0,paid_social_instagram,repeat_customer
j_bccdb37536,u_2399c320a3ab,2023-08-11 03:29:35,190.47,5,19,paid_social_facebook,high_intent_shopper
j_1e9717ac32,u_1b8a737696fd,2023-05-21 22:00:56,78.44,3,10,paid_search_google,high_intent_shopper
j_d59c7cd430,u_36be14ecb6b6,2023-09-10 21:02:04,57.1,4,19,influencer,high_intent_shopper
j_f4a40c86a3,u_67bc57b5e48c,2023-11-16 08:25:21,229.28,1,0,direct,repeat_customer
j_0e11871ddc,u_febf506114b6,2023-07-09 11:34:58,201.57,1,0,email_retargeting,repeat_customer
j_1e8ff9b8ec,u_60367982a364,2023-12-19 16:56:32,154.81,7,25,paid_social_facebook,price_sensitive
j_054eead79e,u_a6b868f6cd91,2023-04-25 15:09:21,59.49,3,17,email_retargeting,new_visitor
j_81d243ae17,u_8b9cc151be37,2023-11-21 14:58:19,55.12,9,26,organic_search_seo,new_visitor
j_c0d8dd467d,u_eeccfa7eafca,2023-10-13 05:03:16,89.97,1,0,paid_social_instagram,repeat_customer
j_2c0f9471a8,u_fa084cc0e49f,2023-12-21 06:19:22,147.06,6,20,email_newsletter,high_intent_shopper
j_9af7023d1b,u_76ef432cdb18,2023-08-07 05:10:47,52.98,11,27,paid_search_google,new_visitor
j_d57dbcf4ed,u_519759d59099,2023-06-28 05:12:14,99.1,4,8,paid_search_google,high_intent_shopper
j_4b61de8387,u_65a5785ffc68,2023-08-13 13:07:22,167.33,2,2,paid_social_facebook,repeat_customer
j_cdc58c2a78,u_99663b0cee4e,2023-11-20 06:00:38,120.58,1,0,organic_search_seo,repeat_customer
j_239fb4a1a1,u_b02063efc1f9,2023-08-18 18:19:52,149.0,2,1,email_newsletter,repeat_customer
j_476bc1ea74,u_91108ebf5a75,2023-04-27 03:58:45,231.27,3,15,paid_search_google,repeat_customer
j_0c1e4b3e1a,u_0f25a0add805,2023-08-20 02:19:26,130.03,1,0,paid_social_instagram,high_intent_shopper
j_802d586120,u_f86caa89eff8,2023-03-30 01:28:28,259.0,2,22,paid_social_facebook,repeat_customer
j_c38ce2733a,u_5177d098988d,2023-05-19 15:57:12,41.35,2,8,paid_search_google,brand_aware_browser
j_b2201ecd45,u_0aa421de2d26,2023-06-19 20:06:07,51.37,1,0,display_programmatic,high_intent_shopper
j_2c05b88fd2,u_1099e4c3731b,2023-08-09 06:29:38,27.8,3,25,email_newsletter,price_sensitive
j_7af1b95bcf,u_fdf01f67538f,2023-05-03 01:21:50,97.41,4,14,paid_search_google,brand_aware_browser
j_c2c7099cd8,u_f1a08d9707f0,2023-12-12 17:12:17,68.27,1,0,influencer,high_intent_shopper
j_c41ce390ae,u_7ba8e4657e98,2023-11-30 00:44:07,146.72,7,23,organic_search_seo,high_intent_shopper
j_3b184c2a58,u_94cc5d79e2e6,2023-09-09 18:00:23,106.62,4,5,direct,high_intent_shopper
j_b7b2ed3508,u_d9f15c5a423e,2023-10-20 06:58:25,142.51,3,3,paid_search_bing,high_intent_shopper
j_152ff003bd,u_5122b268d9ec,2023-03-15 22:50:54,110.03,2,18,email_newsletter,repeat_customer
j_a9c6acbe78,u_9b32daf5e8c6,2023-02-12 15:27:48,155.61,2,8,paid_search_google,repeat_customer
j_58bddd0508,u_da634b78fb6b,2023-04-29 10:39:12,94.28,2,5,email_retargeting,brand_aware_browser
j_8400ad105c,u_8e18c0b9960d,2023-05-06 17:58:30,208.62,1,0,paid_social_facebook,repeat_customer
j_cf2938509c,u_a9244c027119,2023-03-28 01:34:43,50.54,4,22,email_retargeting,brand_aware_browser
j_72d17b12e8,u_f779e18cb9f7,2023-03-10 09:00:39,52.95,2,18,email_newsletter,high_intent_shopper
j_21ce45a12d,u_972570f12483,2023-03-02 00:24:26,93.64,2,7,organic_search_seo,high_intent_shopper
j_cc4f7ce441,u_a961d4541716,2023-01-29 13:13:37,57.12,1,0,paid_social_instagram,price_sensitive
j_af4d71a561,u_143b4baaaabe,2023-10-01 20:08:03,216.91,3,20,paid_search_google,repeat_customer
j_8588046dbf,u_82cf5de6b8ad,2023-03-06 17:25:59,90.15,1,0,display_programmatic,repeat_customer
j_64229c89e9,u_4e170e06c456,2023-03-20 19:36:35,166.44,1,0,paid_search_google,repeat_customer
j_a69858d159,u_5c0ec918555a,2023-02-21 16:39:59,100.11,1,0,direct,high_intent_shopper
j_7ee14e017f,u_f147f46f900c,2023-09-21 21:32:13,218.06,1,0,paid_social_facebook,high_intent_shopper
j_9e8e5e1f07,u_60e9d1e388a4,2023-04-02 18:13:26,40.78,2,3,paid_search_google,price_sensitive
j_4ef147c18c,u_eb08aede92df,2023-06-17 16:34:44,84.29,1,0,email_retargeting,high_intent_shopper
j_8974d23627,u_82cf53730829,2023-11-18 14:07:55,72.43,1,0,direct,high_intent_shopper
j_811a755bcc,u_5f1120c1c1a2,2023-04-23 02:36:44,196.39,3,13,organic_search_seo,brand_aware_browser
j_6b20ad9003,u_decab0593e16,2023-09-01 05:05:16,28.45,3,9,paid_search_google,price_sensitive
j_954f473246,u_73f25daf1c86,2023-01-28 15:20:06,77.79,1,0,paid_social_facebook,repeat_customer
j_e07e0de125,u_3c3faa9bd0e3,2023-11-15 09:55:36,142.89,1,0,paid_search_bing,repeat_customer
j_e9aacc537f,u_27a3281f1697,2023-04-26 14:27:07,74.22,6,20,paid_search_google,new_visitor
j_df41f3353f,u_480104aa05a1,2023-07-03 10:01:12,139.18,1,0,paid_search_google,high_intent_shopper
j_99ca27b358,u_f8b9c9d33850,2023-10-29 08:00:22,199.65,1,0,email_retargeting,repeat_customer
j_a5c255f834,u_95316ef12eb3,2023-02-27 05:20:41,59.32,6,22,paid_search_google,high_intent_shopper
j_074a2f2415,u_830f6a3f6445,2023-11-27 16:08:34,96.8,1,0,influencer,repeat_customer
j_8b55b07dc3,u_8625c0951914,2023-12-05 23:41:53,106.49,8,25,paid_search_bing,brand_aware_browser
j_a5b999df14,u_b19d2cb007d2,2023-06-16 05:26:33,123.48,2,17,paid_search_google,repeat_customer
j_691c38e3e7,u_0a76ceae768b,2023-05-09 19:10:52,183.81,1,0,paid_social_instagram,repeat_customer
j_aaf410ffb7,u_2a60be5b0eaa,2023-06-01 17:18:51,185.27,1,0,organic_search_seo,repeat_customer
j_99fc0f8dd4,u_aee23a7dd78a,2023-11-24 10:35:37,237.74,2,2,paid_search_google,repeat_customer
j_364b154ef3,u_26b803c6d34e,2023-03-27 07:20:34,246.03,2,3,direct,repeat_customer
j_757b2142ac,u_e8a2b2d86afc,2023-09-05 13:21:47,109.67,2,3,organic_search_seo,high_intent_shopper
j_389aa1d704,u_3c03c3bd29e2,2023-11-06 15:35:49,42.27,7,17,direct,new_visitor
j_47040099ec,u_9b52ec2bc9aa,2023-05-31 23:49:11,66.24,5,28,paid_search_bing,brand_aware_browser
j_4361fa3595,u_4b7102da0ae6,2023-04-02 12:09:42,119.07,1,0,email_newsletter,repeat_customer
j_3075d89915,u_b4dd3ec0f504,2023-08-30 23:28:07,163.17,1,0,organic_search_seo,high_intent_shopper
j_14201fda60,u_4b30faea8227,2023-08-15 23:00:14,175.42,3,8,paid_search_google,repeat_customer
j_4ae4658940,u_86ef78c85c8c,2023-08-27 03:29:13,108.64,4,18,paid_search_google,high_intent_shopper
j_d3cf5d3101,u_767e3541608b,2023-05-09 11:43:38,105.15,1,0,paid_search_bing,high_intent_shopper
j_1dbc20be4b,u_7686f3dedb43,2023-06-04 02:27:43,77.37,1,0,paid_search_google,repeat_customer
j_16fa5cee61,u_fdf617ca5f6f,2023-03-10 19:22:53,73.99,1,0,email_newsletter,repeat_customer
j_8b4f1aeffc,u_868289649674,2023-02-08 19:28:41,150.21,2,4,paid_social_facebook,repeat_customer
j_e660cec0b2,u_6739bd41f7ed,2023-04-11 10:34:45,85.26,4,15,paid_social_facebook,repeat_customer
j_071f8adf6a,u_9b8494134075,2023-05-01 00:32:22,118.74,2,24,email_newsletter,price_sensitive
j_4489ba1d11,u_bcec584da320,2023-09-19 04:41:54,116.8,2,9,paid_social_facebook,repeat_customer
j_5e47581827,u_bdf65d3a860a,2023-11-23 00:51:12,56.1,2,2,email_newsletter,price_sensitive
j_76c3492289,u_cbc2b211d0c1,2023-04-11 23:31:25,186.09,2,2,paid_search_google,repeat_customer
j_f6ab35a5c3,u_f378a938026f,2023-04-05 18:32:08,56.01,3,16,paid_social_instagram,brand_aware_browser
j_e3a0049804,u_573626e53364,2023-06-25 23:57:23,100.11,1,0,paid_social_facebook,repeat_customer
j_078b7a5bad,u_d3e1a62b84d3,2023-09-04 04:56:13,103.82,4,20,email_retargeting,high_intent_shopper
j_50ced3d455,u_6626a5680d3d,2023-06-21 14:19:00,77.94,1,0,paid_social_facebook,high_intent_shopper
j_2fd25a7dc9,u_6c07ee535329,2023-04-15 01:48:20,30.54,1,0,paid_social_facebook,price_sensitive
j_91eb5e5d96,u_b4cbb3b27b6d,2023-10-21 11:42:49,148.32,1,0,influencer,repeat_customer
j_77c5327148,u_dabddb513ba1,2023-08-01 17:16:14,115.13,1,0,paid_social_facebook,repeat_customer
j_3d84e12f33,u_2cc3ab1407fb,2023-06-17 09:37:30,108.91,2,11,display_programmatic,high_intent_shopper
j_f3a067f747,u_19cea516ce9c,2023-08-29 11:43:39,193.01,4,16,paid_social_facebook,high_intent_shopper
j_235c1bf396,u_2f541735219f,2023-08-28 08:37:55,125.69,3,17,paid_search_google,high_intent_shopper
j_d0c227ac91,u_d400a23acb06,2023-02-17 05:19:14,37.07,2,16,paid_social_facebook,price_sensitive
j_91048ec718,u_a50f27e6b018,2023-05-19 06:01:51,131.46,2,8,paid_search_google,high_intent_shopper
j_ac2329df0f,u_9dcd3e398007,2023-03-16 17:12:37,171.89,2,12,paid_search_google,high_intent_shopper
j_fa9750dac1,u_f9531e5b935c,2023-04-15 05:52:55,58.26,4,24,display_programmatic,price_sensitive
j_94ce14cfd6,u_64c294945d91,2023-08-30 05:50:42,132.7,4,15,paid_social_instagram,high_intent_shopper
j_e697daa01c,u_5d1ef72d99f5,2023-05-27 08:54:03,131.44,2,2,email_newsletter,high_intent_shopper
j_ba01f2c0e0,u_160fa2aeda59,2023-06-17 20:53:39,63.73,4,20,display_programmatic,brand_aware_browser
j_989abed8f2,u_157a905c1bed,2023-10-15 10:13:37,67.88,9,27,influencer,new_visitor
j_d5723db3e8,u_218dbccf81a0,2023-12-01 23:30:26,42.6,1,0,influencer,price_sensitive
j_9c6e5e07fe,u_ae270e6ead0d,2023-10-28 10:38:22,106.61,3,8,paid_social_instagram,repeat_customer
j_03c9f4d88c,u_6ff1806158b8,2023-02-14 15:32:34,112.36,4,8,email_retargeting,high_intent_shopper
j_7d0bb89c26,u_de14cd30b8ee,2023-06-07 21:05:15,163.55,1,0,display_programmatic,repeat_customer
j_874bc5cc49,u_2a9f8baee62b,2023-11-22 01:09:39,136.54,9,25,paid_search_google,brand_aware_browser
j_27b30f6980,u_7ef67c59712c,2023-09-15 09:50:15,93.15,2,6,paid_search_google,high_intent_shopper
j_3511993efa,u_cea2db95b509,2023-08-30 12:04:22,87.74,3,13,direct,brand_aware_browser
j_ce2fc6aa65,u_e13da116230e,2023-04-29 08:40:04,48.79,4,25,paid_social_facebook,price_sensitive
j_15921dc276,u_cb1cf4aab58e,2023-08-22 10:00:16,34.18,6,24,email_retargeting,brand_aware_browser
j_18d797ad5d,u_784102aa7ce2,2023-10-17 12:03:18,131.82,3,12,paid_search_bing,repeat_customer
j_dc6ad07ba5,u_4ac689d03766,2023-08-24 14:52:11,190.03,3,24,display_programmatic,repeat_customer
j_5c4cd67036,u_37c4405ec8c0,2023-03-31 18:29:09,53.53,2,19,paid_social_facebook,high_intent_shopper
j_6d947ad96e,u_b623087b4fa0,2023-03-10 15:09:29,75.0,9,22,paid_search_google,new_visitor
j_4f4b3b483c,u_81f4251bed0f,2023-01-30 03:08:02,78.75,2,16,paid_search_google,price_sensitive
j_bda034d918,u_e1636f8fe91e,2023-01-29 16:48:16,204.74,1,0,email_retargeting,repeat_customer
j_638c244784,u_203cd8cb1fbf,2023-12-12 18:20:23,31.91,3,23,display_programmatic,repeat_customer
j_6498184dd3,u_6dea47e9a1de,2023-02-16 14:32:35,70.59,1,0,paid_social_instagram,high_intent_shopper
j_205be523b8,u_13e2d1b3a72a,2023-07-25 14:30:15,100.35,1,0,paid_search_google,repeat_customer
j_46be36b18e,u_415ed089761d,2023-09-11 10:54:55,216.93,2,15,paid_social_instagram,repeat_customer
j_e3f96843d2,u_5ccc83cdc69e,2023-11-21 16:50:24,37.94,5,14,paid_search_google,price_sensitive
j_038600a37f,u_7ab9214ca9cd,2023-03-15 14:36:46,71.31,4,18,email_retargeting,brand_aware_browser
j_c59114b5b5,u_a4cbd7bb054a,2023-05-28 23:28:41,39.1,2,1,paid_search_google,high_intent_shopper
j_3991469f82,u_8fea4ed66a80,2023-03-03 12:47:54,166.38,1,0,influencer,repeat_customer
j_2b457eee45,u_ad70d1f47971,2023-05-01 20:35:36,56.03,7,20,paid_search_bing,high_intent_shopper
j_dc18fec697,u_0ecfc0ca7880,2023-03-15 06:03:11,114.17,1,0,paid_social_facebook,repeat_customer
j_d59d67552d,u_d75b4f57e3a8,2023-06-04 01:47:09,94.83,3,21,paid_search_google,high_intent_shopper
j_794a2f4929,u_d343bb763e07,2023-08-23 23:26:08,76.2,8,18,paid_social_instagram,price_sensitive
j_1454702cad,u_92072f0473ac,2023-10-04 00:50:17,78.85,1,0,paid_social_instagram,high_intent_shopper
j_6220c09e7c,u_6091788e0774,2023-10-31 11:38:50,41.94,5,20,paid_social_instagram,price_sensitive
j_a89796c53a,u_954154d29253,2023-03-22 14:58:07,76.15,7,27,paid_social_instagram,brand_aware_browser
j_d86f4cde2d,u_d96a913786d3,2023-07-13 15:36:56,190.09,1,0,email_newsletter,repeat_customer
j_26ac7a74c5,u_f64c609bbb44,2023-07-05 13:02:41,137.75,1,0,paid_search_google,repeat_customer
j_85b7a868a9,u_aa8f4ddcbb6f,2023-11-27 06:32:16,199.1,3,13,paid_search_bing,high_intent_shopper
j_d79ef71ec7,u_a506db47f9d4,2023-11-29 10:57:37,86.58,2,20,paid_social_instagram,price_sensitive
j_c5defb0e55,u_0edf3492a63a,2023-07-30 09:14:12,54.26,2,11,paid_social_facebook,high_intent_shopper
j_72a32d2f39,u_a92ad743e8de,2023-04-17 22:36:46,39.76,4,14,direct,brand_aware_browser
j_43c545b7c0,u_b059007f86cb,2023-02-01 05:25:49,95.53,3,6,email_newsletter,brand_aware_browser
j_3696030e66,u_4c96995b897d,2023-07-10 19:00:55,130.53,1,0,influencer,repeat_customer
j_b322a72c02,u_9533e1d20411,2023-05-27 07:12:13,65.36,1,0,paid_social_instagram,high_intent_shopper
j_1e3c11b1b6,u_50bffe59955c,2023-11-04 03:12:45,298.14,1,0,paid_social_facebook,repeat_customer
j_b8bfe1fcf6,u_a758b3a70f10,2023-10-08 13:17:33,73.19,5,19,organic_search_seo,new_visitor
j_969dc909d3,u_cdabc7e25e99,2023-10-03 02:33:10,137.34,5,19,paid_search_google,price_sensitive
j_c06d5053ee,u_5afd14b52b86,2023-09-03 12:04:17,40.35,3,11,email_retargeting,price_sensitive
j_9beb9f628a,u_833e1c8f44d5,2023-07-28 23:20:39,94.71,3,5,paid_search_bing,price_sensitive
j_dfe85a110c,u_b7a10c54a94d,2023-05-02 22:47:22,121.38,1,0,paid_search_google,repeat_customer
j_75ad06f329,u_20f426ca34ba,2023-02-07 20:51:07,113.05,1,0,influencer,repeat_customer
j_9066bbb776,u_c2c4e6dd4c11,2023-08-18 17:46:30,39.91,3,26,email_retargeting,price_sensitive
j_f6775f426c,u_b0d13402d3bf,2023-08-24 23:47:09,165.67,5,17,organic_search_seo,repeat_customer
j_c00f20b023,u_47af88c448b3,2023-02-08 15:59:38,137.49,3,25,organic_search_seo,repeat_customer
j_75d13a6763,u_ced6156f6ae5,2023-10-27 06:52:31,112.32,2,9,email_retargeting,repeat_customer
j_cbcad7c87a,u_20ec68387ba1,2023-03-09 14:02:56,50.81,1,0,paid_search_google,price_sensitive
j_220e3f42f7,u_c59128581064,2023-05-30 10:40:39,46.94,4,18,paid_search_google,price_sensitive
j_7143ff32b7,u_52381b1407b3,2023-03-10 09:59:19,29.59,5,25,display_programmatic,price_sensitive
j_437d528159,u_7e8516ef0bec,2023-04-28 06:26:43,67.04,2,14,direct,high_intent_shopper
j_501f1c3ea6,u_3a6141b2c2cf,2023-02-17 13:31:43,62.57,5,19,paid_search_google,new_visitor
j_1c824cf9a9,u_9736cbc06a60,2023-05-10 07:45:01,72.35,1,0,email_retargeting,high_intent_shopper
j_f83b236cdf,u_dff5b62e63a3,2023-05-01 11:42:02,110.95,2,14,paid_search_google,high_intent_shopper
j_d6546cab19,u_5f1610ab474d,2023-05-29 08:09:04,117.24,6,21,direct,brand_aware_browser
j_ccbb721e31,u_63f413b25cbb,2023-09-29 18:32:04,72.19,3,13,paid_search_google,price_sensitive
j_00efe3a1cd,u_015cdc6124f9,2023-05-13 17:07:13,68.7,4,18,paid_search_google,high_intent_shopper
j_685a21d9c1,u_c46cc3487095,2023-09-12 17:49:44,73.08,3,19,paid_search_google,high_intent_shopper
j_2fbd8b5112,u_87b320f76ea2,2023-11-11 11:22:24,74.01,3,7,email_retargeting,high_intent_shopper
j_e0fe428aa8,u_1e1a2615eb48,2023-08-10 22:22:19,37.5,1,0,influencer,high_intent_shopper
j_39297eafe3,u_3eed943ede15,2023-03-16 14:08:55,44.85,1,0,email_newsletter,price_sensitive
j_265d2e83c7,u_e8685f09bf7c,2023-08-05 15:25:53,98.19,2,12,paid_search_bing,high_intent_shopper
j_131a6b947a,u_0228a156f411,2023-04-02 10:48:29,254.42,1,0,paid_social_instagram,repeat_customer
j_e97c481222,u_57006a7af45e,2023-07-28 05:35:44,91.99,5,19,paid_search_google,high_intent_shopper
j_99cabe8abf,u_3c0fac7a7228,2023-11-04 10:46:58,49.1,3,20,direct,brand_aware_browser
j_52d9cb934b,u_8b7f95dac61e,2023-11-16 22:17:15,75.9,2,7,paid_social_facebook,high_intent_shopper
j_1322b43808,u_7f5b3a730754,2023-04-02 19:40:21,171.33,2,6,paid_search_google,price_sensitive
j_1a17cebc87,u_a987ae7b186c,2023-10-25 12:34:24,116.04,1,0,display_programmatic,high_intent_shopper
j_3768494aaa,u_8b6e6bdb5821,2023-07-17 10:33:18,333.45,2,2,paid_search_google,repeat_customer
j_8c1f8e38c1,u_46413e6aa95f,2023-06-07 08:18:22,99.58,3,12,paid_social_instagram,high_intent_shopper
j_0947711340,u_10c9b4f6b399,2023-07-11 14:06:26,111.65,5,28,direct,new_visitor
j_8dd207d4eb,u_2200bfa3291a,2023-03-12 03:14:46,123.64,2,11,paid_search_google,high_intent_shopper
j_d85c3b6752,u_d812c3d02da1,2023-09-04 06:24:39,113.07,1,0,influencer,repeat_customer
j_fb60edde84,u_25707d3da862,2023-06-11 10:57:33,99.08,3,14,display_programmatic,high_intent_shopper
j_d17a82a90e,u_e58fa07252db,2023-11-01 13:27:57,105.42,3,8,paid_social_instagram,brand_aware_browser
j_a928a69c2e,u_f253e6a7d381,2023-05-09 08:00:37,73.33,5,27,email_retargeting,new_visitor
j_ab90e21acc,u_2cb2def8074e,2023-07-30 05:09:37,45.49,4,15,email_retargeting,price_sensitive
j_cfad1bd4b3,u_eb6d415e0fda,2023-10-15 12:41:49,95.33,2,15,influencer,repeat_customer
j_716b7316a4,u_1b47fbc578f5,2023-11-01 08:50:23,63.09,4,11,email_newsletter,brand_aware_browser
j_88ce095cfb,u_2fe71ea9f86d,2023-12-05 03:47:26,68.3,5,26,paid_search_bing,high_intent_shopper
j_ebfc935985,u_b8d687cf1d5e,2023-03-01 06:07:39,53.78,4,7,paid_search_google,brand_aware_browser
j_b142938f78,u_2945a4397866,2023-12-13 23:59:59,406.45,3,24,influencer,high_intent_shopper
j_dc61810434,u_3a7b12c9fec5,2023-04-03 00:32:19,219.36,1,0,paid_social_instagram,repeat_customer
j_f81d857b75,u_5e4950aca054,2023-08-26 16:46:36,40.26,4,7,paid_social_facebook,price_sensitive
j_e734ac2be6,u_ed56ae2f0463,2023-01-22 04:02:11,101.03,1,0,display_programmatic,high_intent_shopper
j_5dabfefbab,u_b5ebbafb7a2e,2023-07-20 01:02:20,116.92,2,5,paid_search_google,brand_aware_browser
j_9ea990a8ca,u_58c2795e6ee5,2023-10-06 20:23:48,106.98,1,0,paid_social_instagram,repeat_customer
j_f375cff013,u_9a55b0f33e7b,2023-02-05 14:07:56,63.9,1,0,paid_search_google,repeat_customer
j_cdcf97a6a1,u_1e151c1041b2,2023-08-04 20:54:27,99.42,3,10,paid_social_instagram,high_intent_shopper
j_a646fd3161,u_65c727292a17,2023-08-20 11:09:21,75.98,3,20,paid_search_google,brand_aware_browser
j_6893a02daa,u_554d413419dc,2023-10-22 13:47:00,178.83,1,0,paid_social_instagram,repeat_customer
j_29fe811a95,u_805080d888a5,2023-06-30 08:09:56,120.19,3,5,paid_social_facebook,high_intent_shopper
j_83bb33b191,u_a2a1853e30eb,2023-10-08 01:33:55,131.25,8,25,paid_search_google,high_intent_shopper
j_c3452e595b,u_8da54ba1dbac,2023-07-22 04:37:59,83.06,3,7,email_retargeting,price_sensitive
j_e8cc9311d4,u_a35c9cd6b3ce,2023-04-04 06:23:37,201.59,1,0,email_newsletter,high_intent_shopper
j_8ec25d327f,u_4147db23e210,2023-06-20 19:06:38,31.64,5,18,paid_social_facebook,price_sensitive
j_5b817bf1f7,u_d3af9042e656,2023-09-07 01:09:14,40.62,3,18,paid_search_google,high_intent_shopper
j_d02885bf28,u_7ab57406e3e8,2023-12-08 04:36:57,194.47,1,0,email_newsletter,repeat_customer
j_8445729273,u_6158e96177a6,2023-02-27 12:43:07,69.79,1,0,paid_social_facebook,high_intent_shopper
j_e3c9f100e5,u_6b452e4b34fe,2023-09-19 20:30:13,63.42,1,0,display_programmatic,price_sensitive
j_b60a2fd752,u_76d98f4ac2ca,2023-04-28 20:07:07,161.18,2,8,paid_search_google,repeat_customer
j_bc1e55cdf7,u_1eaf2d3e2bbd,2023-10-13 12:24:36,45.64,3,16,paid_search_google,high_intent_shopper
j_add60a44d1,u_c3ae81f8d5ae,2023-02-05 05:24:41,116.77,1,0,display_programmatic,repeat_customer
j_f18c24f366,u_01f04bada787,2023-06-11 22:01:45,50.66,1,0,email_newsletter,high_intent_shopper
j_d7cb4a6b93,u_c5d168a4e32c,2023-06-04 21:50:29,131.67,1,0,display_programmatic,repeat_customer
j_6b56bf2bf6,u_50b322a3a8d1,2023-04-12 12:16:51,126.26,1,0,paid_social_instagram,repeat_customer
j_8bdb18d3f5,u_3031d5e17970,2023-12-05 05:11:19,84.97,4,16,paid_search_google,repeat_customer
j_31e830b496,u_96dc5490f8a5,2023-02-22 11:23:50,277.9,2,2,email_retargeting,repeat_customer
j_5b4d391bed,u_7a8707fbb0d7,2023-02-12 20:51:11,100.8,2,11,email_newsletter,high_intent_shopper
j_70d4b2f35c,u_80554c948b47,2023-04-29 02:51:45,80.22,1,0,display_programmatic,high_intent_shopper
j_5ed15e7d99,u_aea480334efc,2023-11-26 14:50:59,29.27,4,20,paid_search_google,new_visitor
j_5f93eaf053,u_b939bb86f3b6,2023-03-31 19:37:30,95.75,1,0,paid_search_google,high_intent_shopper
j_bc36a5597a,u_2e16f4cdef8a,2023-09-25 05:20:07,34.7,6,21,paid_search_bing,brand_aware_browser
j_bb7d07c503,u_84ac34a31816,2023-02-12 14:30:22,55.38,5,13,paid_search_google,brand_aware_browser
j_31fbbf251d,u_93d1c1a31371,2023-04-25 18:18:34,65.52,9,16,paid_search_google,new_visitor
j_163fd53189,u_5ea3e28da7c5,2023-05-20 10:56:45,28.39,4,12,email_retargeting,high_intent_shopper
j_2203f04fe9,u_bc8f0aa485c5,2023-03-04 19:42:14,126.02,4,22,paid_social_facebook,repeat_customer
j_e8b0b59676,u_7a256b1f9ffc,2023-02-01 13:27:29,138.75,3,16,email_retargeting,repeat_customer
j_35f6ed4698,u_68963d6aec9e,2023-07-15 02:12:15,230.32,3,19,email_newsletter,repeat_customer
j_e2b965294f,u_fe4247b0e31d,2023-02-18 13:21:37,130.54,1,0,direct,repeat_customer
j_b7327b888f,u_fb36bb8fa30d,2023-03-25 09:50:56,147.14,1,0,paid_search_google,high_intent_shopper
j_66fb543c67,u_14d30c202719,2023-06-14 23:02:12,162.9,1,0,paid_social_facebook,repeat_customer
j_01dc63e4b0,u_b25b6ed9dd61,2023-09-30 06:13:06,59.53,2,23,paid_search_google,high_intent_shopper
j_51b67a1a08,u_9ae379eb6bfe,2023-06-17 21:45:20,75.6,1,0,paid_social_instagram,high_intent_shopper
j_3255bb6fcb,u_daf66fc0a9a0,2023-08-10 16:51:16,70.61,1,0,paid_social_facebook,repeat_customer
j_a08c56af5b,u_fe8771e069bb,2023-03-19 22:24:56,76.75,3,11,organic_search_seo,high_intent_shopper
j_a2b423a063,u_94d7f67cde01,2023-02-10 18:52:58,95.73,2,4,email_newsletter,new_visitor
j_c88328dc05,u_456a2a526c39,2023-08-17 17:23:53,96.62,3,27,paid_search_bing,high_intent_shopper
j_0f6d68e911,u_105a25ee67ca,2023-05-15 21:44:35,24.34,3,3,email_newsletter,price_sensitive
j_01e1576597,u_98059c48943f,2023-11-28 07:23:11,119.79,4,27,email_retargeting,high_intent_shopper
j_10d86a490e,u_0123d060056d,2023-11-23 12:03:25,89.55,9,26,paid_search_google,new_visitor
j_ac30f1bebf,u_c94abe59486d,2023-02-09 12:08:19,227.51,2,16,email_retargeting,repeat_customer
j_5d12545c62,u_a7776fcfaf3f,2023-09-09 08:57:49,31.93,5,19,paid_search_google,brand_aware_browser
j_67fd1fa854,u_8404ed82aaf3,2023-01-31 22:57:40,124.72,3,7,organic_search_seo,brand_aware_browser
j_4bcfabc7b2,u_fdd4d8fbba5c,2023-03-02 21:07:37,140.64,2,21,email_retargeting,high_intent_shopper
j_bf1298e5bf,u_b20378651a2d,2023-06-19 14:56:07,60.03,6,21,paid_search_google,new_visitor
j_73c9b1a048,u_bcfae5631081,2023-09-08 00:07:41,78.01,3,27,paid_search_bing,high_intent_shopper
j_cc80d73c6f,u_b72f9a7d08df,2023-11-22 12:52:52,130.76,1,0,paid_social_facebook,repeat_customer
j_d81fcd8755,u_8e7ca6ccf80a,2023-03-21 04:22:21,60.56,1,0,paid_social_facebook,high_intent_shopper
j_24b68b0445,u_c7867094e91d,2023-05-20 17:15:47,63.3,2,3,email_retargeting,high_intent_shopper
j_45f65abddd,u_518fe802b597,2023-11-11 11:17:06,69.16,4,22,paid_social_facebook,high_intent_shopper
j_279e9d8e72,u_419d2b1b1af9,2023-12-11 05:59:16,53.11,3,10,paid_search_google,price_sensitive
j_bbf57a72d1,u_b3d4e0ed18bf,2023-02-21 09:56:12,110.02,3,4,paid_search_google,repeat_customer
j_d9ffbc3c4f,u_76f5e2fd3188,2023-01-17 10:43:50,58.66,1,0,paid_social_facebook,high_intent_shopper
j_dfe2487bd6,u_529de4050a8d,2023-03-20 10:56:12,72.96,1,0,influencer,repeat_customer
j_96b7f69048,u_94e760a44f4b,2023-07-27 09:27:36,85.46,1,0,paid_social_facebook,repeat_customer
j_086b1dfa0b,u_7943fbf6dff2,2023-11-04 17:53:57,107.37,5,4,paid_search_google,new_visitor
j_1df7369c65,u_8e58ab06b0fb,2023-12-27 11:12:46,102.11,4,10,email_retargeting,high_intent_shopper
j_f1e2367cee,u_3c691c8b9a9b,2023-08-04 08:39:26,84.32,4,19,display_programmatic,repeat_customer
j_95f248e0ed,u_7b6914a5ae17,2023-10-01 05:20:14,140.65,2,17,paid_search_google,price_sensitive
j_a34a75d40f,u_d0ab395f3db7,2023-10-26 11:17:33,140.34,2,10,paid_search_google,repeat_customer
j_eb122235f4,u_cc8a0d75f840,2023-10-30 18:57:15,66.07,2,13,direct,high_intent_shopper
j_c2bbf74c7d,u_7683696941ee,2023-06-08 08:52:39,131.09,2,5,organic_search_seo,high_intent_shopper
j_27246b4cc5,u_cefb2397c3dd,2023-04-04 04:54:21,129.73,3,29,paid_search_google,high_intent_shopper
j_66952a42db,u_90ff70f7a684,2023-09-07 20:09:33,48.25,4,21,email_newsletter,price_sensitive
j_1d8f6c5817,u_ea635e272469,2023-05-13 05:54:58,41.42,5,8,email_newsletter,price_sensitive
j_70d0f18d64,u_fc7054720c11,2023-12-27 01:15:39,110.02,3,17,paid_search_google,repeat_customer
j_8e59de0a49,u_d6a4819843cc,2023-09-10 11:40:03,71.73,6,20,paid_social_facebook,new_visitor
j_e8a32c60de,u_b9a0266fabaf,2023-07-04 09:27:19,54.25,1,0,paid_social_facebook,repeat_customer
j_bff986c6e5,u_cde121c75a9d,2023-03-21 15:33:19,99.84,1,0,paid_search_google,high_intent_shopper
j_85fb6fa9a7,u_406bdda37b73,2023-03-17 11:29:00,58.09,1,0,paid_social_instagram,price_sensitive
j_8dc90a460b,u_baf0d7e2c00f,2023-11-12 10:42:35,76.39,2,20,paid_search_google,high_intent_shopper
j_d4679d285e,u_5a629c27ac89,2023-08-02 16:49:48,109.36,2,11,influencer,high_intent_shopper
j_5c4c4ebffa,u_4977beb7c447,2023-05-23 19:31:41,91.24,3,15,paid_search_google,high_intent_shopper
j_f3c95ccf12,u_96014bee0b93,2023-12-21 18:44:47,234.14,2,12,paid_search_bing,repeat_customer
j_f71e4bc2b0,u_30a504f4b6ab,2023-10-30 12:35:29,209.98,2,12,paid_search_google,repeat_customer
j_833471052c,u_90f006511179,2023-09-18 09:53:22,102.2,1,0,email_newsletter,high_intent_shopper
j_651bc97b6f,u_c0d1052641fb,2023-11-11 17:58:23,203.37,3,20,paid_search_bing,repeat_customer
j_4907eb88bf,u_cbe11b29f6f4,2023-10-07 05:45:02,51.44,3,12,email_retargeting,price_sensitive
j_fd97ce0b38,u_c42005c4eb8b,2023-11-02 08:22:42,83.9,1,0,display_programmatic,high_intent_shopper
j_7850d67273,u_ba174380421a,2023-08-05 10:46:59,121.38,1,0,influencer,repeat_customer
j_2517442199,u_a1a9ab6b5b32,2023-01-27 17:54:40,53.02,5,13,email_newsletter,high_intent_shopper
j_a70aebf121,u_46638a43f8b7,2023-07-13 01:33:02,98.37,1,0,display_programmatic,high_intent_shopper
j_c7415d6a76,u_b2abfe5120ea,2023-10-30 06:47:07,160.8,2,16,direct,high_intent_shopper
j_dd24743d5f,u_e35e78bedf51,2023-01-14 14:16:26,222.49,1,0,paid_social_instagram,repeat_customer
j_8f3a1c32c9,u_36975d44fc1b,2023-04-30 08:19:27,135.59,1,0,paid_social_instagram,high_intent_shopper
j_f3272ba2bc,u_6123f726e370,2023-01-21 20:09:30,58.71,1,0,paid_social_instagram,high_intent_shopper
j_27ed77d6af,u_4e158b458c7f,2023-10-26 18:34:14,73.74,1,0,paid_social_instagram,repeat_customer
j_2a6169dcd4,u_9c4def533953,2023-08-10 20:34:43,89.87,2,20,display_programmatic,high_intent_shopper
j_d5338c41ca,u_00db18555e15,2023-10-18 13:42:43,80.22,2,11,display_programmatic,price_sensitive
j_0beb4b95c7,u_e6f95641a56c,2023-09-07 06:34:26,59.01,4,13,paid_search_google,price_sensitive
j_6ed9d3465f,u_2f8f9c6b30ea,2023-05-10 15:08:25,58.2,6,22,email_retargeting,new_visitor
j_035515a8ef,u_9814f5350f48,2023-03-02 15:42:59,263.72,2,8,paid_social_instagram,repeat_customer
j_19ec0f32f9,u_94d441bef86e,2023-02-27 01:28:19,63.58,8,28,email_retargeting,new_visitor
j_83daf6fb9f,u_8f6e2401bdaf,2023-09-25 05:38:33,52.56,7,28,email_retargeting,price_sensitive
j_b24e771e4b,u_fb90d581d4ab,2023-03-13 04:16:50,116.44,1,0,paid_search_google,repeat_customer
j_d2d40e59a2,u_019ce3bd5f36,2023-02-12 20:18:08,113.37,6,29,paid_social_facebook,brand_aware_browser
j_d72d0ab860,u_0b4552444251,2023-06-03 02:26:40,332.48,1,0,paid_social_facebook,repeat_customer
j_7998a7e140,u_b9124efdf1a1,2023-10-16 17:41:28,36.93,5,19,paid_search_google,price_sensitive
j_97a19bdd5a,u_0918bcc1661a,2023-04-05 23:38:54,52.82,2,10,paid_social_instagram,brand_aware_browser
j_46b75bd2eb,u_7299dedfbef7,2023-12-17 05:22:48,257.84,1,0,organic_search_seo,repeat_customer
j_5e89d4a7d8,u_1b9c2cef9fc9,2023-03-16 02:19:37,105.35,2,9,paid_social_instagram,repeat_customer
j_45939a5b22,u_e04982d7cb52,2023-04-05 17:23:05,66.44,2,1,paid_search_google,high_intent_shopper
j_9c8e7bfc21,u_f3eb8231d363,2023-06-28 08:40:24,78.9,1,0,influencer,high_intent_shopper
j_ea21b3afc1,u_f79a5ea5b07a,2023-04-18 09:07:39,115.55,2,9,paid_search_google,high_intent_shopper
j_8c3ad0f2eb,u_097d9bdfd06d,2023-08-01 09:43:51,25.86,2,10,display_programmatic,price_sensitive
j_54fed5b7ce,u_d1a3632b2c7d,2023-01-30 20:55:36,68.98,2,5,paid_social_facebook,price_sensitive
j_8bf78cd988,u_a41296e2a01c,2023-08-29 01:16:48,181.51,1,0,paid_social_instagram,repeat_customer
j_989b820adb,u_d6f96bc21da9,2023-06-03 06:48:14,134.4,5,22,email_newsletter,brand_aware_browser
j_2efec0cd8b,u_90579264736b,2023-09-17 18:34:58,80.06,4,16,email_newsletter,brand_aware_browser
j_554b40bd64,u_dcf2f15c8d4e,2023-10-24 15:14:33,57.35,2,3,paid_search_bing,high_intent_shopper
j_307fdee65f,u_f4376885a63f,2023-09-11 04:09:02,38.02,5,8,paid_social_facebook,brand_aware_browser
j_6987aa8d9c,u_cf98d6667ebb,2023-07-23 12:12:29,42.62,4,17,paid_search_google,brand_aware_browser
j_cc8fde9f92,u_7ac3aadd3e5c,2023-07-06 10:23:20,266.08,1,0,display_programmatic,repeat_customer
j_38fec46f8e,u_1b3fc1d6bcd4,2023-07-26 11:55:19,32.72,3,6,paid_social_instagram,brand_aware_browser
j_e731e49a64,u_44089083a1d5,2023-10-22 20:27:36,124.13,3,4,paid_search_google,repeat_customer
j_ab6ad91e36,u_dc8b721755b9,2023-10-17 12:38:36,97.8,1,0,paid_social_instagram,repeat_customer
j_97301f9c0b,u_f81d8cc720d1,2023-05-13 04:17:31,433.45,1,0,paid_social_instagram,repeat_customer
j_936ccdf9b7,u_ab29211908b8,2023-12-29 16:36:25,41.53,2,14,display_programmatic,price_sensitive
j_1d291c9934,u_9266119d8290,2023-10-26 09:43:25,118.76,1,0,direct,high_intent_shopper
j_60e4369968,u_bed1968551e2,2023-03-16 15:42:43,104.15,2,9,direct,brand_aware_browser
j_4a4d70c951,u_19db56702e9b,2023-04-23 09:02:51,81.77,5,18,paid_social_instagram,high_intent_shopper
j_f6c606b9c3,u_e9e596cab5e0,2023-04-17 12:43:13,61.43,2,5,paid_search_google,high_intent_shopper
j_340ca1d536,u_88c8278c7f1b,2023-04-23 16:05:32,53.4,9,27,paid_search_google,new_visitor
j_f4df4845f2,u_7f408c1d5136,2023-11-16 14:42:25,86.3,7,18,display_programmatic,price_sensitive
j_f1c245717d,u_2b4a2e9a28e4,2023-12-16 23:42:58,86.15,3,19,email_retargeting,high_intent_shopper
j_3db401ab2d,u_a94c98c695c6,2023-03-24 20:21:07,49.09,3,13,paid_social_facebook,price_sensitive
j_a4375b641b,u_803d47bb6bfe,2023-08-08 16:00:08,134.89,1,0,paid_search_google,repeat_customer
j_f80e032741,u_b6e940d21ef0,2023-11-02 02:20:53,36.83,4,8,paid_search_google,price_sensitive
j_d6cb7f8369,u_48dec5728e4b,2023-03-10 04:58:08,147.38,1,0,paid_search_google,repeat_customer
j_b4968d910b,u_2d13370e3ebc,2023-06-23 20:12:39,437.27,1,0,paid_search_bing,repeat_customer
j_5b9a0cd91d,u_364778440578,2023-11-14 10:49:22,45.22,4,26,email_newsletter,new_visitor
j_5a8a2ae280,u_bc81f14469b9,2023-11-05 17:56:35,34.26,3,19,email_retargeting,price_sensitive
j_bf593824e1,u_8a02e58aaee1,2023-10-16 17:13:49,64.76,3,19,direct,high_intent_shopper
j_3605db8d4b,u_9a8509bf96fc,2023-06-22 16:46:49,241.63,2,2,paid_social_facebook,high_intent_shopper
j_51ae2f7f81,u_9afe26113baa,2023-12-08 00:57:00,221.48,1,0,email_newsletter,repeat_customer
j_25d123d26d,u_59667b442e99,2023-09-25 17:06:06,92.49,3,6,paid_search_bing,high_intent_shopper
j_db47a14428,u_156584444b6f,2023-05-10 15:06:58,66.67,6,28,paid_social_facebook,brand_aware_browser
j_280689b189,u_7fdd70604507,2023-03-18 00:20:38,119.53,1,0,paid_social_facebook,repeat_customer
j_4b64bfbf8d,u_57c1857d4f7d,2023-04-21 17:29:27,64.17,6,19,paid_search_google,price_sensitive
j_cd30672f68,u_8c4e66ee5881,2023-03-05 00:44:51,212.74,2,8,email_newsletter,high_intent_shopper
j_3cc84490c1,u_fc3c24c36575,2023-06-20 12:27:24,110.87,1,0,paid_social_facebook,repeat_customer
j_fa5eac4c12,u_4a87379c3e56,2023-03-25 06:48:45,47.82,5,27,paid_search_bing,high_intent_shopper
j_c833abeb28,u_405c7d546131,2023-03-16 00:46:17,34.98,11,25,direct,new_visitor
j_8c9722c673,u_9314107a0ba9,2023-12-13 16:16:44,23.4,5,24,email_newsletter,price_sensitive
j_dc5fba11dd,u_f44ed032f6e0,2023-12-13 11:05:09,82.56,7,20,paid_search_google,price_sensitive
j_d859318364,u_18f852df89c2,2023-02-17 05:13:40,168.14,3,16,display_programmatic,high_intent_shopper
j_65d5e34616,u_46f9825cccb2,2023-02-12 09:12:18,49.02,5,20,paid_search_google,brand_aware_browser
j_2834adeca9,u_663048960e08,2023-11-17 11:11:52,28.2,3,11,paid_social_facebook,price_sensitive
j_4763c8de5e,u_6958357215de,2023-06-17 12:28:53,111.43,1,0,paid_search_google,repeat_customer
j_0becfec70c,u_980781ad5263,2023-12-31 13:52:50,64.46,6,28,direct,price_sensitive
j_250a8f7ea9,u_f9033c7b12a7,2023-02-06 17:07:26,125.5,1,0,paid_social_facebook,repeat_customer
j_de87b5638b,u_29b666a70e54,2023-06-19 08:32:15,37.81,1,0,display_programmatic,price_sensitive
j_878efd4e39,u_1cd431659ded,2023-04-29 18:39:57,42.02,3,22,direct,price_sensitive
j_31287c8e46,u_c43093eda1c0,2023-07-30 10:52:23,98.34,2,23,paid_social_instagram,high_intent_shopper
j_b43e371596,u_956dce4e78ab,2023-10-30 04:34:39,56.86,1,0,email_newsletter,new_visitor
j_c2fd3a06e1,u_f757f1afaaf8,2023-04-23 11:48:58,40.64,4,16,paid_search_google,price_sensitive
j_e2e24d716c,u_16c81bc41410,2023-09-25 21:24:56,66.35,3,17,paid_search_google,brand_aware_browser
j_1be8755385,u_a2bd942e4638,2023-10-31 02:38:48,79.65,3,23,email_newsletter,repeat_customer
j_a7f2c2e82d,u_4decfa106784,2023-12-19 22:24:49,80.18,3,9,paid_search_bing,high_intent_shopper
j_4ec4dfc46a,u_99fcb00bc83d,2023-11-16 05:37:21,105.15,4,15,paid_social_facebook,repeat_customer
j_dcb7bf98d3,u_7c3d1211e594,2023-12-07 14:15:26,55.49,2,15,email_newsletter,price_sensitive
j_0a47eeab4e,u_116c9b944b8a,2023-02-25 05:56:09,78.26,3,10,influencer,high_intent_shopper
j_a3a2d9da53,u_7e9875b4a78b,2023-02-27 09:29:21,22.92,3,4,direct,brand_aware_browser
j_a5d7ba8b2a,u_0dc5ade6ccaf,2023-04-17 02:02:35,89.47,1,0,paid_search_bing,repeat_customer
j_d689d33d39,u_9b7aabd3ce65,2023-01-19 14:29:28,139.17,1,0,paid_social_instagram,repeat_customer
j_b16c6b23ca,u_0d87417a4d6a,2023-10-05 03:03:24,55.9,2,13,email_newsletter,repeat_customer
j_dfcae83f65,u_147c6592bc30,2023-11-10 16:41:33,48.15,2,7,email_retargeting,high_intent_shopper
j_185c21756a,u_f2d556bcac8b,2023-10-26 10:14:20,247.46,2,9,direct,high_intent_shopper
j_b34fdd62ff,u_8a019d7b0b0b,2023-12-09 04:43:54,21.84,3,19,paid_search_bing,price_sensitive
j_594fbbf9c5,u_b4c84cebdef3,2023-08-11 04:12:37,106.31,2,14,direct,repeat_customer
j_3404711ddf,u_864d54e1e6f6,2023-02-14 18:32:31,120.39,2,10,organic_search_seo,high_intent_shopper
j_8afe662ecb,u_ab816e0722f0,2023-05-09 14:36:27,134.62,1,0,display_programmatic,repeat_customer
j_ea9042abb1,u_f75c3a7c752d,2023-07-07 15:01:10,92.7,3,26,paid_search_google,high_intent_shopper
j_af58b3fc14,u_4151faf91d70,2023-08-12 22:43:29,21.16,2,11,paid_search_google,repeat_customer
j_42a8fa4fa9,u_dd620a5daa87,2023-10-27 09:52:13,155.76,2,0,direct,repeat_customer
j_5c1d51012c,u_9f974de5afec,2023-09-29 08:11:56,68.49,5,24,paid_search_google,brand_aware_browser
j_19fa65cc35,u_e1dcad6487d4,2023-05-31 19:39:45,86.55,1,0,paid_social_instagram,price_sensitive
j_9ff0be37d5,u_c2453e3bad8a,2023-07-10 08:21:47,188.39,2,17,paid_social_instagram,high_intent_shopper
j_4423356ad5,u_3be699aa8bd1,2023-02-28 15:41:53,121.14,1,0,paid_social_facebook,repeat_customer
j_2f5dcf9a13,u_61a9c33d3ce0,2023-02-12 13:54:21,147.56,2,11,paid_search_google,high_intent_shopper
j_1967473742,u_5ee86bf5b6be,2023-10-04 05:27:08,191.57,2,2,paid_search_google,high_intent_shopper
j_f2a7d6fa38,u_91b9a05d9679,2023-09-03 01:25:26,150.74,2,10,display_programmatic,price_sensitive
j_130ea0b7e1,u_fda092620c3b,2023-09-01 21:56:15,215.22,1,0,paid_social_facebook,repeat_customer
j_92862613a4,u_b859d5dd3891,2023-05-26 21:28:15,40.56,4,18,paid_search_google,brand_aware_browser
j_ee4ee107bf,u_d811ef456a55,2023-02-12 14:16:10,80.36,5,22,paid_search_google,brand_aware_browser
j_4c31e47e09,u_a450da662f61,2023-03-31 12:55:28,74.58,2,7,organic_search_seo,high_intent_shopper
j_3b5da91cfe,u_c21f70d6947e,2023-11-10 02:11:56,27.88,3,25,email_retargeting,brand_aware_browser
j_59ea157aab,u_2b7059b0e1a1,2023-08-01 03:42:52,140.85,1,0,email_newsletter,high_intent_shopper
j_c8de58137b,u_0700c210966c,2023-01-06 13:54:26,151.72,1,0,email_newsletter,high_intent_shopper
j_592143e669,u_3ef5cca94e97,2023-11-12 04:06:18,48.59,7,22,email_newsletter,price_sensitive
j_3eac874cd2,u_ed996f1d7a1f,2023-05-26 13:37:00,42.21,4,19,paid_social_facebook,brand_aware_browser
j_ed8b208775,u_f08b789bbb51,2023-03-30 07:44:19,78.55,8,28,paid_social_instagram,new_visitor
j_dcf3f3380d,u_c4117f00f56e,2023-12-06 03:36:52,75.78,1,0,paid_social_facebook,high_intent_shopper
j_3680c7948d,u_63f9ae65812d,2023-01-23 22:13:29,92.84,1,0,paid_search_google,brand_aware_browser
j_67b061d31a,u_adfd451de89f,2023-05-11 13:52:19,72.47,1,0,paid_social_facebook,brand_aware_browser
j_22cb3007f8,u_2a47655dca0c,2023-10-21 14:28:41,44.83,2,5,direct,brand_aware_browser
j_392c3f2799,u_837b6b88a752,2023-03-15 05:41:03,32.62,3,25,paid_search_google,brand_aware_browser
j_b706b77142,u_a1547b6336b4,2023-10-09 10:36:40,118.0,4,8,paid_search_google,repeat_customer
j_33c5611ccb,u_cf8d2ad9fad5,2023-05-17 02:45:41,81.26,9,27,direct,new_visitor
j_783e845694,u_9e5e5e6e879a,2023-08-24 14:13:44,154.58,2,8,paid_search_google,high_intent_shopper
j_2947fb8127,u_df74d6c59927,2023-02-04 22:38:03,240.1,2,8,paid_search_google,high_intent_shopper
j_0788e7ee49,u_1f42f07e5db5,2023-05-18 14:01:38,141.5,3,23,influencer,high_intent_shopper
j_f26c1d834a,u_ed3d82d38283,2023-04-04 01:27:17,77.6,2,2,paid_search_google,price_sensitive
j_bbca3c611d,u_7c2357629997,2023-03-30 02:33:16,70.9,6,19,paid_search_google,brand_aware_browser
j_d4d7a56d22,u_343cc4ddf0f3,2023-07-18 07:57:44,148.4,1,0,paid_social_facebook,repeat_customer
j_b487bf4f45,u_12e83ff35d2a,2023-04-29 18:51:46,128.94,1,0,paid_social_facebook,repeat_customer
j_2a71841006,u_2cad96d38567,2023-02-11 10:17:15,47.35,8,16,paid_search_bing,new_visitor
j_51e0acd8b3,u_7278eaad9886,2023-12-14 05:17:11,68.93,4,11,paid_search_google,brand_aware_browser
j_30365be644,u_7190efb4cc93,2023-09-25 15:43:41,74.69,4,8,email_newsletter,high_intent_shopper
j_8e225b2ad9,u_8948daf3a1b3,2023-05-04 19:11:39,40.22,2,14,paid_social_facebook,high_intent_shopper
j_87953e1bfb,u_4a9771f782d0,2023-04-10 07:36:35,94.13,4,18,direct,price_sensitive
j_59596d04d8,u_d6a5165f1450,2023-10-21 17:58:56,82.69,1,0,display_programmatic,high_intent_shopper
j_c3da865b07,u_cb95826ee993,2023-09-20 17:01:21,61.9,4,18,email_retargeting,high_intent_shopper
j_413930b6c8,u_e5abda28fe34,2023-02-03 18:06:57,91.49,1,0,paid_social_facebook,repeat_customer
j_64c6fdbac2,u_d756196927dd,2023-12-21 22:36:15,58.93,5,12,email_newsletter,brand_aware_browser
j_d2bf178380,u_56658065a87a,2023-04-07 22:19:36,177.44,1,0,influencer,repeat_customer
j_a6a12675f6,u_9183fa1bebe3,2023-04-02 10:24:39,112.24,1,0,display_programmatic,repeat_customer
j_8f01a613b3,u_4c6fa7a2916f,2023-02-02 21:29:46,24.73,2,16,paid_social_instagram,price_sensitive
j_fa8eaaf58f,u_a33bbd87c547,2023-07-24 07:49:46,81.37,1,0,paid_social_facebook,high_intent_shopper
j_fb5828c2dd,u_5b26fe9b2603,2023-06-08 10:51:43,93.32,2,8,paid_social_instagram,repeat_customer
j_527dc0ee0c,u_1434a9c44734,2023-12-20 22:07:59,60.75,3,14,paid_social_instagram,high_intent_shopper
j_68265938f2,u_2576e13db10c,2023-10-28 03:43:46,52.69,4,24,direct,brand_aware_browser
j_b13ea7c64b,u_2d8a4c8fd8e1,2023-04-10 01:30:27,131.39,1,0,paid_social_facebook,repeat_customer
j_786901aab8,u_389232833519,2023-06-16 10:43:57,221.47,2,1,email_newsletter,repeat_customer
j_a97466c5ad,u_79301eb77c40,2023-06-30 22:40:50,189.01,3,27,paid_search_google,repeat_customer
j_5ca8f41b50,u_42fb2c5f947d,2023-01-30 23:45:16,93.44,4,18,paid_search_google,high_intent_shopper
j_5d42f589ea,u_a3cad442f5c9,2023-10-20 03:49:36,70.51,3,10,email_retargeting,price_sensitive
j_f2aa0bcb62,u_8ca90a6de587,2023-01-28 10:50:06,57.4,1,0,paid_social_facebook,high_intent_shopper
j_0d7d4628bb,u_de058b2f6413,2023-02-09 11:14:53,432.02,2,1,paid_search_google,repeat_customer
j_c214bca57a,u_7d5a88bfc52f,2023-10-19 23:10:33,28.95,2,3,paid_social_facebook,price_sensitive
j_858a7dd27a,u_7c14570867ea,2023-11-02 21:52:40,151.45,2,13,paid_search_google,repeat_customer
j_2fd6281bc4,u_7945346b3318,2023-03-10 14:59:02,31.36,5,23,paid_search_google,price_sensitive
j_3348911022,u_16828b7143e0,2023-02-03 14:39:17,185.31,2,0,paid_social_facebook,repeat_customer
j_467281b471,u_8d97ebd25260,2023-12-18 15:59:25,56.23,6,14,email_newsletter,brand_aware_browser
j_b54cadc6ab,u_89c3dd990830,2023-09-11 22:43:10,20.13,2,2,paid_search_google,price_sensitive
j_1260c10b69,u_a24430f6fb35,2023-06-09 08:29:02,102.01,2,13,paid_social_instagram,high_intent_shopper
j_13f3594f1e,u_29ab0ec75af4,2023-12-11 15:57:41,114.1,3,16,paid_search_google,repeat_customer
j_f3824a5b6e,u_dc9cf66e1814,2023-04-30 10:37:08,185.0,2,1,paid_social_instagram,repeat_customer
j_2ae5eb170c,u_4b93638a9432,2023-04-27 14:05:38,88.59,1,0,paid_search_google,high_intent_shopper
j_021e6bfa46,u_c8f1295c971b,2023-12-22 13:55:23,78.47,4,20,paid_search_bing,brand_aware_browser
j_5b94c9965d,u_9f22f364db62,2023-12-01 10:52:53,100.14,2,3,influencer,high_intent_shopper
j_c7b521be0f,u_5ce34949a609,2023-04-15 01:53:42,108.31,1,0,paid_social_facebook,repeat_customer
j_f490c98865,u_46efa701254c,2023-11-24 20:32:23,102.97,1,0,display_programmatic,repeat_customer
j_c90e261a9c,u_dfdee6e9b852,2023-05-03 18:10:39,141.69,1,0,influencer,repeat_customer
j_b5ba3d5261,u_346b1a83c646,2023-11-07 16:55:49,93.99,2,8,email_retargeting,high_intent_shopper
j_acf77b9ef8,u_7bbe2fcca05d,2023-09-03 02:42:56,54.92,3,0,email_retargeting,brand_aware_browser
j_be2affa8d5,u_3ad3c409cabb,2023-09-18 04:15:22,156.73,4,25,email_retargeting,brand_aware_browser
j_cd91328227,u_522972fcce0f,2023-05-15 23:25:01,94.41,4,9,influencer,new_visitor
j_13ef580e52,u_3a82d6e2c84a,2023-03-05 19:28:09,56.23,3,17,paid_social_instagram,brand_aware_browser
j_c8c451b0c6,u_88ff92c1979b,2023-10-28 03:39:46,62.29,2,3,paid_search_bing,brand_aware_browser
j_c972cea32b,u_9645b7fb3c6e,2023-08-02 01:04:07,24.85,6,26,email_newsletter,price_sensitive
j_c7acd54f6c,u_ecdc48424ae2,2023-07-04 08:48:57,74.53,5,18,paid_social_facebook,new_visitor
j_3c64ed5cd0,u_7ae995dfc8c8,2023-03-01 18:17:04,104.72,1,0,paid_social_instagram,repeat_customer
j_3752e92238,u_6e93ab98fb1a,2023-07-05 12:20:08,151.01,4,11,email_retargeting,brand_aware_browser
j_de05cc4eb2,u_5b33e57a2107,2023-11-09 12:00:20,195.22,3,24,paid_search_bing,repeat_customer
j_68dc2e6cf2,u_6e6a802b739a,2023-10-03 07:40:39,46.93,4,15,organic_search_seo,price_sensitive
j_700b72232e,u_d8ae434869df,2023-03-06 01:53:07,40.89,2,13,paid_search_google,price_sensitive
j_2eac036f75,u_fff6b2e248bc,2023-09-26 15:55:01,80.01,2,14,paid_social_instagram,high_intent_shopper
j_e919f2f207,u_189663e4c407,2023-05-25 13:16:54,121.12,2,4,email_newsletter,high_intent_shopper
j_b40a0b2ab3,u_cb2182c997ff,2023-07-01 12:34:37,109.1,5,27,paid_search_bing,new_visitor
j_c603f1835e,u_7b136dabc2e5,2023-06-11 20:33:50,72.14,2,9,direct,high_intent_shopper
j_5074ec3ff8,u_426562df3557,2023-11-23 14:57:05,231.29,1,0,paid_search_bing,repeat_customer
j_5737ad8f33,u_2a409cfcaa39,2023-06-21 17:14:00,65.34,5,22,paid_search_google,brand_aware_browser
j_3c948bc253,u_f0a13790bfeb,2023-05-01 21:38:49,125.05,1,0,direct,high_intent_shopper
j_2ac96f5ba6,u_4e39b77450a3,2023-07-11 02:33:04,76.14,4,17,paid_search_google,brand_aware_browser
j_84de5b73fb,u_5230a740da28,2023-06-18 12:46:41,183.52,3,16,email_newsletter,high_intent_shopper
j_b3755f066a,u_a35c6defb9ab,2023-09-22 22:36:06,67.28,4,19,influencer,brand_aware_browser
j_c07f6b6d21,u_59019b99bd83,2023-04-08 20:09:25,109.16,2,1,paid_search_google,high_intent_shopper
j_0def60c531,u_6b87dc5703c0,2023-12-09 15:56:51,90.11,5,17,paid_social_facebook,brand_aware_browser
j_042e509600,u_c863bd0e0f13,2023-03-12 19:47:30,54.09,4,8,paid_search_bing,price_sensitive
j_3864a9045d,u_0035c0ed169a,2023-10-25 14:13:47,128.25,1,0,paid_social_facebook,repeat_customer
j_c27f4215ce,u_53af3fb1f9a6,2023-10-16 06:42:04,169.77,1,0,paid_social_instagram,repeat_customer
j_44b83f139f,u_dc26b719c168,2023-07-14 01:20:50,45.35,3,17,paid_search_google,price_sensitive
j_8b9bfe7c7b,u_94260de5671e,2023-08-07 16:52:27,62.9,3,26,paid_social_facebook,price_sensitive
j_4bf9a62605,u_3963421e241f,2023-10-13 06:43:37,73.39,2,5,display_programmatic,high_intent_shopper
j_2045de6dca,u_d8d0d2a2fe84,2023-08-08 21:18:06,57.38,5,29,paid_search_google,price_sensitive
j_39b8274531,u_2f68274d594e,2023-04-08 04:22:49,229.06,1,0,paid_search_google,repeat_customer
j_6e56593b91,u_a0be542edc9e,2023-12-04 06:11:29,141.46,1,0,paid_social_facebook,repeat_customer
j_2fd5bb9be3,u_26623480d35a,2023-10-09 19:53:00,36.23,10,22,paid_search_bing,new_visitor
j_c9d3a14bd4,u_a00e2cc97073,2023-02-18 05:51:33,81.37,2,3,paid_social_facebook,repeat_customer
j_95e986b0b4,u_9bd3653236ec,2023-04-11 18:01:11,62.52,1,0,display_programmatic,high_intent_shopper
j_00fed2e04e,u_fc7db98c24e8,2023-11-29 21:57:24,30.18,4,16,paid_search_google,price_sensitive
j_ecf47a0327,u_d416954af81b,2023-04-30 02:37:30,129.01,1,0,display_programmatic,high_intent_shopper
j_418ae71ea9,u_fb8a57646857,2023-04-20 14:51:38,53.99,1,0,paid_social_instagram,high_intent_shopper
j_1ddf884eaf,u_ee238e1d7c30,2023-05-16 14:48:06,62.25,5,9,paid_search_google,price_sensitive
j_2b033f2791,u_8b13f35b46a9,2023-03-18 11:09:05,74.61,2,1,email_newsletter,high_intent_shopper
j_6cc418e470,u_ec95be60fa29,2023-05-03 14:58:28,71.0,6,26,paid_search_google,price_sensitive
j_fe84773113,u_dfcd27284d77,2023-11-11 02:02:02,66.69,4,13,paid_social_facebook,high_intent_shopper
j_45a1cfef92,u_9c5a5807dfcb,2023-02-04 11:29:06,68.89,5,25,display_programmatic,high_intent_shopper
j_9beedfda5b,u_9dbb87b1e03c,2023-06-27 03:02:01,151.45,2,9,paid_search_google,high_intent_shopper
j_896e8151fd,u_b2d4b39fc1a2,2023-07-01 01:20:56,44.54,6,21,paid_social_instagram,high_intent_shopper
j_6298c82425,u_b15e8c25d5fb,2023-11-05 19:59:47,148.2,1,0,display_programmatic,repeat_customer
j_5dfdc0d981,u_39dc69d3446a,2023-11-24 20:48:04,72.91,3,9,paid_search_google,brand_aware_browser
j_2ec791be39,u_07edf667b5da,2023-03-17 05:17:35,37.37,7,19,paid_search_google,new_visitor
j_aa79b0e2e9,u_20d4bd47d5d9,2023-06-25 11:13:41,71.31,5,18,organic_search_seo,price_sensitive
j_b0004a8d67,u_9b2669f882cb,2023-10-14 14:58:33,93.14,1,0,paid_social_facebook,high_intent_shopper
j_44041bddd1,u_34cd8fe08602,2023-05-02 00:16:55,54.07,1,0,email_retargeting,price_sensitive
j_05d28e9b00,u_69af98e79acb,2023-04-23 13:35:46,121.65,1,0,paid_social_facebook,high_intent_shopper
j_a44de5d1f6,u_69c173ceabd8,2023-05-13 18:23:03,61.07,4,29,paid_social_facebook,new_visitor
j_9c0c7bb727,u_ef8010a99c63,2023-04-14 04:03:47,39.81,2,10,paid_search_google,price_sensitive
j_2cf688800b,u_f1c857acaf99,2023-06-29 01:16:27,37.08,3,13,paid_search_google,high_intent_shopper
j_d567ef4b48,u_ce6cb3800a42,2023-11-11 08:07:59,68.67,4,23,paid_search_google,high_intent_shopper
j_ca50d542f8,u_e95509337cd7,2023-07-02 01:55:47,79.42,2,24,email_newsletter,high_intent_shopper
j_77e42e6843,u_8ead75b506ea,2023-12-18 15:40:13,110.6,2,15,paid_social_facebook,repeat_customer
j_90b15697cd,u_8f8b9fb5beff,2023-11-14 04:26:16,194.87,1,0,paid_search_google,high_intent_shopper
j_103f2a02cf,u_fcee6fe19559,2023-09-23 22:10:33,229.04,1,0,paid_social_instagram,repeat_customer
j_2a88ae7f84,u_daa6faecc25b,2023-12-15 23:06:38,87.99,6,26,email_retargeting,new_visitor
j_3e6257559e,u_e4b57e9b8fa9,2023-02-20 10:45:19,55.08,5,11,paid_search_google,brand_aware_browser
j_f6849e8731,u_41eb9d87037d,2023-05-02 12:33:24,61.7,2,4,email_newsletter,high_intent_shopper
j_a950c269ed,u_0fbbf21a60b5,2023-05-10 19:34:31,45.56,4,4,paid_social_facebook,high_intent_shopper
j_17a79ced26,u_c511b5acb7bc,2023-10-22 22:08:47,74.57,1,0,paid_social_facebook,high_intent_shopper
j_44a03b07c0,u_e280af6f8ae9,2023-10-04 09:23:34,40.11,5,20,influencer,price_sensitive
j_00d9ec9236,u_75b459a49a9e,2023-03-03 17:33:04,71.41,2,3,email_newsletter,repeat_customer
j_c5b8450237,u_d11570ad24dd,2023-04-21 05:10:32,279.68,1,0,influencer,repeat_customer
j_8d4191f445,u_d8e31f66316d,2023-12-28 23:15:57,78.07,8,28,email_newsletter,brand_aware_browser
j_b70f103cf4,u_a49bef445501,2023-10-12 02:07:41,53.42,8,22,email_retargeting,price_sensitive
j_c5aca18bc2,u_fa0871be3aa2,2023-11-10 01:52:56,106.19,2,3,paid_search_google,repeat_customer
j_0b8aba7b97,u_cb5850eef614,2023-11-27 21:28:07,165.37,2,21,paid_social_facebook,repeat_customer
j_dd977f3f06,u_3af63716ae7c,2023-08-21 15:03:03,57.82,6,27,paid_search_google,brand_aware_browser
j_a05441c83a,u_c7b95f3ec68f,2023-05-20 13:49:32,84.16,1,0,paid_social_instagram,high_intent_shopper
j_6acb19ad03,u_1508aa3668e2,2023-12-16 07:57:39,118.21,2,15,paid_search_google,repeat_customer
j_bec3744818,u_180be27d29fe,2023-10-07 11:02:15,67.84,1,0,display_programmatic,repeat_customer
j_b76cac4aeb,u_6bd72793a86a,2023-06-11 07:35:22,72.81,2,10,influencer,price_sensitive
j_3e925855d1,u_2472e61c381d,2023-06-21 15:11:09,80.5,1,0,paid_search_google,high_intent_shopper
j_f9d49e0ea6,u_153c8337ea95,2023-08-02 16:52:05,43.3,5,21,paid_search_google,new_visitor
j_2819cc3bd8,u_417b816457eb,2023-02-14 02:41:31,83.08,1,0,display_programmatic,high_intent_shopper
j_1abb041fe4,u_ce2479ca766e,2023-02-15 20:13:47,73.77,2,16,paid_social_instagram,repeat_customer
j_bb42a1fefa,u_56e32070f2f8,2023-04-22 03:08:19,35.93,11,27,paid_search_google,new_visitor
j_cc099d1360,u_6b5a015efc77,2023-11-17 03:23:17,57.09,5,23,paid_social_instagram,high_intent_shopper
j_8fae7c6603,u_5c8b242d679f,2023-01-23 00:54:59,187.94,2,5,paid_search_bing,repeat_customer
j_cb131a3d8b,u_f57f5aa62dff,2023-03-31 14:09:03,38.0,4,19,paid_search_google,brand_aware_browser
j_6e390f54ed,u_d66fd11b75a6,2023-03-22 11:21:39,93.91,4,4,paid_search_google,brand_aware_browser
j_d4f619ef63,u_9ec4c499a72f,2023-04-26 19:43:39,156.29,1,0,paid_social_instagram,repeat_customer
j_c2a8451614,u_89c034d38f74,2023-01-27 01:46:29,132.59,1,0,paid_social_instagram,repeat_customer
j_ef774ef5c3,u_bfbdb2a6b2cf,2023-02-16 22:58:49,135.19,1,0,paid_social_facebook,high_intent_shopper
j_8d98087c5d,u_4a6ad3f4b867,2023-07-22 15:53:47,164.05,1,0,paid_social_instagram,repeat_customer
j_34b70ff57e,u_a81af4602c99,2023-08-19 09:11:37,70.2,5,15,paid_social_facebook,brand_aware_browser
j_ac565e3550,u_f0e50d225e4e,2023-04-03 08:53:50,342.5,1,0,paid_social_instagram,repeat_customer
j_7b448152b9,u_81edea82f7da,2023-06-05 07:25:58,90.31,1,0,paid_search_google,high_intent_shopper
j_440c22b715,u_714a43aba0da,2023-09-15 02:02:05,157.86,1,0,paid_social_facebook,repeat_customer
j_9e4b78dc37,u_49c269321bb2,2023-08-09 17:23:00,135.77,1,0,influencer,repeat_customer
j_02cc68af08,u_68fb9960fb13,2023-04-13 08:19:24,93.15,4,11,email_newsletter,high_intent_shopper
j_6b67ad70ac,u_46a142b5d274,2023-10-16 11:05:04,103.62,1,0,display_programmatic,high_intent_shopper
j_c9f0e51580,u_7521d1c38213,2023-12-01 04:42:00,59.82,4,25,direct,new_visitor
j_c037b55c55,u_f1f1e5e02bf1,2023-05-06 07:02:01,52.6,2,19,paid_search_google,repeat_customer
j_286b3a234d,u_661e8d4a0cb0,2023-12-13 00:47:49,92.68,3,7,email_retargeting,repeat_customer
j_8754b972ab,u_97b21d8f205c,2023-07-10 05:42:14,113.54,4,18,paid_social_facebook,high_intent_shopper
j_bdd26af4c7,u_43de96c978ea,2023-04-21 06:40:24,126.72,1,0,paid_social_facebook,repeat_customer
j_9c6675e78f,u_135c4aac0fdb,2023-12-08 03:29:32,119.21,3,8,paid_social_instagram,high_intent_shopper
j_0f5b1c3e54,u_a718aef23539,2023-07-12 17:45:16,140.76,1,0,organic_search_seo,repeat_customer
j_ce72b16276,u_01d5fd676fed,2023-11-01 09:46:51,61.48,8,28,paid_search_bing,new_visitor
j_24be67e924,u_caaea1d95938,2023-09-07 17:41:48,148.18,3,19,email_retargeting,repeat_customer
j_02a92180c5,u_60ac8819f778,2023-10-30 21:54:27,97.07,1,0,paid_search_bing,repeat_customer
j_2464a4f28d,u_0b51732b0ca2,2023-11-22 12:28:54,76.86,4,8,email_retargeting,brand_aware_browser
j_b699913161,u_409580e6d2c2,2023-11-05 23:01:25,91.32,5,17,paid_social_facebook,new_visitor
j_a43d65d5c5,u_3d6ab0285354,2023-01-23 15:33:13,100.13,1,0,email_newsletter,repeat_customer
j_a4ae978088,u_c619b652c714,2023-12-01 13:15:07,113.37,2,22,paid_search_google,high_intent_shopper
j_4a240a9aae,u_67e512ef2aa3,2023-06-24 10:11:07,176.02,1,0,paid_search_bing,repeat_customer
j_c9419b485a,u_f72af37fca7d,2023-05-11 14:34:08,107.34,6,12,paid_social_instagram,brand_aware_browser
j_dc71b316f9,u_ae2c03043433,2023-11-13 06:34:38,137.87,1,0,paid_social_instagram,high_intent_shopper
j_93f98af6ff,u_843acdd1889b,2023-12-14 14:18:45,34.69,5,15,direct,new_visitor
j_2f27361de9,u_10b646867a55,2023-02-13 06:34:16,215.15,1,0,paid_social_facebook,repeat_customer
j_336a48eac1,u_d8f5ff2ac3bf,2023-03-20 13:52:43,104.12,2,16,paid_search_google,repeat_customer
j_77e5064748,u_93c56ec16e67,2023-07-02 17:02:22,78.38,4,24,paid_social_facebook,repeat_customer
j_74d510626b,u_2194228ee4a6,2023-03-04 01:30:02,194.05,2,3,paid_social_facebook,repeat_customer
j_b4ce87da57,u_3f5e252e1ba8,2023-02-09 23:15:12,43.35,3,15,paid_search_bing,high_intent_shopper
j_3f7598d813,u_851144fe897a,2023-11-19 11:29:37,72.93,5,23,organic_search_seo,high_intent_shopper
j_c99c3ba119,u_d1d77e087172,2023-12-28 02:41:04,32.24,5,28,paid_search_google,price_sensitive
j_21082c5015,u_c3bf6d52def9,2023-05-08 03:42:07,144.8,4,22,paid_search_google,repeat_customer
j_336c739ec4,u_bbd81be5b975,2023-03-11 05:36:03,113.31,1,0,paid_social_facebook,high_intent_shopper
j_c9c8058289,u_02e1ab839010,2023-09-29 19:10:30,162.46,2,2,paid_search_google,high_intent_shopper
j_775b9ea634,u_455f623c2768,2023-08-22 07:11:38,82.34,1,0,paid_search_bing,repeat_customer
j_9813159433,u_cdb82371a470,2023-12-05 16:40:40,208.55,5,11,email_retargeting,high_intent_shopper
j_f917d91baf,u_c4df44d4d201,2023-07-06 23:06:20,53.36,7,21,paid_search_bing,brand_aware_browser
j_4f142f2969,u_d7416c47d866,2023-10-24 11:11:36,123.6,2,19,paid_search_bing,repeat_customer
j_6a56e4c4d9,u_b35244afe8c1,2023-04-23 06:38:28,103.62,5,15,organic_search_seo,repeat_customer
j_6d9d85dcb1,u_06fbb34f5a81,2023-07-24 05:12:55,148.48,3,19,paid_search_google,repeat_customer
j_4e6dfedaf7,u_eaca33ecaeba,2023-06-17 13:03:10,148.99,2,5,paid_social_facebook,high_intent_shopper
j_3c5edf39cd,u_0b0d28d195fa,2023-09-14 16:42:24,61.85,1,0,direct,repeat_customer
j_fbae2e4ca3,u_753fddb02796,2023-06-30 00:04:09,212.94,1,0,display_programmatic,repeat_customer
j_7fc287b53d,u_decb2753055e,2023-02-14 09:57:15,50.4,4,16,paid_social_instagram,brand_aware_browser
j_eba3a004d2,u_81e53ae69eda,2023-06-28 20:59:16,194.73,3,24,direct,repeat_customer
j_6bcec95385,u_96469c5779a3,2023-02-11 11:23:04,45.28,6,23,email_newsletter,brand_aware_browser
j_e6a834d786,u_530d253c387b,2023-08-07 17:01:52,111.07,1,0,influencer,high_intent_shopper
j_66d63fca75,u_5e003cadd101,2023-02-23 13:02:05,106.66,1,0,email_retargeting,repeat_customer
j_7da699d7b7,u_c045abc44f4f,2023-06-15 03:20:09,45.52,2,9,paid_social_facebook,price_sensitive
j_19c08e6214,u_9cfc47ea4637,2023-10-06 10:35:11,175.75,1,0,paid_social_facebook,repeat_customer
j_9f7867d197,u_b242217de0b7,2023-08-12 19:38:01,65.31,2,4,paid_search_google,high_intent_shopper
j_7f9e4fc0eb,u_2b5bc46a9ee8,2023-12-03 21:04:18,57.59,2,9,paid_search_bing,high_intent_shopper
j_77e1fad65c,u_ecf42a44b88b,2023-11-03 23:33:57,133.07,2,7,direct,high_intent_shopper
j_a79eb307e6,u_e3ca92c45b10,2023-10-02 18:23:53,187.47,1,0,paid_social_facebook,high_intent_shopper
j_dc71a5d8dc,u_3d5f08380e16,2023-12-28 21:44:33,53.52,3,26,email_newsletter,high_intent_shopper
j_2fd5d086de,u_3a37d5586e39,2023-09-24 21:19:13,169.58,1,0,paid_search_google,repeat_customer
j_ad7d3e972f,u_2bf92618b143,2023-02-21 21:57:29,63.99,1,0,paid_search_google,price_sensitive
j_83168604e6,u_596bd9c6ddee,2023-10-13 02:28:40,36.69,1,0,direct,price_sensitive
j_dd94b3e68c,u_8aa0c244d056,2023-01-28 06:14:25,99.32,1,0,display_programmatic,repeat_customer
j_04afa0d3ab,u_e60b9af5198f,2023-06-23 20:57:48,65.35,4,20,paid_search_google,price_sensitive
j_ae5d240737,u_77eddc2fb49e,2023-03-23 21:48:33,59.01,10,22,paid_search_google,new_visitor
j_2b9daf9473,u_d0efdbdf8fef,2023-06-07 11:31:21,102.22,2,2,email_newsletter,high_intent_shopper
j_529593f87a,u_8d2ded0fd3b4,2023-04-07 13:21:42,57.92,1,0,email_newsletter,high_intent_shopper
j_4b6415f2b8,u_0510d9a982c0,2023-03-17 22:53:54,86.79,2,1,display_programmatic,repeat_customer
j_b7d6fda788,u_9e839fce6877,2023-08-23 23:45:26,36.68,3,15,paid_search_google,price_sensitive
j_400537a017,u_460548c732b5,2023-11-26 12:31:00,91.26,6,20,paid_search_bing,new_visitor
j_bf11791f06,u_f7a742171383,2023-08-13 15:28:05,59.97,1,0,paid_search_google,high_intent_shopper
j_9aad175c22,u_51f9914d5b17,2023-04-21 17:24:45,57.01,10,22,paid_social_facebook,new_visitor
j_6f43c8f37d,u_42c7611e72bd,2023-07-06 14:37:46,160.88,1,0,display_programmatic,repeat_customer
j_6299ae95f9,u_f1e12a5d8147,2023-10-27 04:32:10,144.85,1,0,paid_social_instagram,repeat_customer
j_90d3288dcf,u_471996a91478,2023-09-27 09:54:31,147.36,1,0,email_retargeting,repeat_customer
j_657a7494be,u_074d078370fb,2023-03-24 16:08:00,29.05,5,26,paid_search_google,price_sensitive
j_b9b107cac0,u_e58ed2f96b9e,2023-04-16 13:34:10,54.25,2,6,organic_search_seo,repeat_customer
j_101f103b1c,u_d7873e776f71,2023-04-20 16:30:50,78.93,3,28,paid_search_google,high_intent_shopper
j_1aa186f6ba,u_16c4173273a0,2023-10-16 18:09:09,97.94,3,21,email_newsletter,price_sensitive
j_8403e6287d,u_ac3b0dfa1fe3,2023-02-05 06:40:11,44.53,1,0,paid_search_google,price_sensitive
j_7e935f1757,u_4e3f357d3b66,2023-03-21 00:08:34,98.48,1,0,display_programmatic,repeat_customer
j_6118d1ef54,u_8bf4fe52f8ca,2023-03-16 16:43:17,155.15,1,0,paid_social_facebook,repeat_customer
j_15b71cccb1,u_e62750c612e4,2023-08-16 13:03:32,84.17,5,24,influencer,high_intent_shopper
j_3fcb86eb76,u_c58c500c126c,2023-09-15 23:40:32,69.52,3,3,email_newsletter,high_intent_shopper
j_4c23658f8e,u_6c75c4add4e5,2023-11-02 15:19:00,124.37,1,0,paid_social_facebook,repeat_customer
j_32abfbc3e5,u_912d52513aba,2023-05-11 17:18:18,164.51,1,0,paid_search_google,repeat_customer
j_2a4fd6a63a,u_78163c588a50,2023-05-08 15:12:20,86.93,1,0,email_newsletter,repeat_customer
j_9284eb1f8d,u_1fc56774e3a0,2023-11-21 17:17:30,213.91,1,0,display_programmatic,brand_aware_browser
j_d3a14caeb4,u_fac25a04ee37,2023-05-13 06:16:40,79.58,1,0,paid_search_google,high_intent_shopper
j_e9222d06ba,u_cf1fc46c0c5a,2023-06-14 22:32:37,112.27,2,22,email_retargeting,high_intent_shopper
j_d09b64d107,u_59a89d3c6fa9,2023-04-03 06:45:15,69.73,1,0,paid_social_instagram,repeat_customer
j_d057c56550,u_f0f302b2ec90,2023-12-02 01:23:19,139.23,3,5,paid_social_instagram,high_intent_shopper
j_e6577a6331,u_90054ffce796,2023-06-21 11:35:42,147.17,1,0,email_retargeting,repeat_customer
j_21bc97a59f,u_fb5b423210a4,2023-03-27 05:06:50,89.6,6,17,paid_social_facebook,high_intent_shopper
j_50e8d71a7a,u_10be5f76ebb4,2023-04-16 10:48:08,64.18,2,6,paid_search_google,repeat_customer
j_2cb761c9c9,u_a8aa75c3478a,2023-11-11 00:45:29,109.4,1,0,paid_social_facebook,brand_aware_browser
j_42a24afc8c,u_75f5ef365512,2023-04-01 16:45:25,214.18,1,0,influencer,high_intent_shopper
j_4fcb34987c,u_d9765c9b700d,2023-11-11 16:47:07,77.73,5,18,paid_search_google,new_visitor
j_a8cd6fc5a9,u_ed9596503484,2023-10-26 21:53:50,47.02,1,0,paid_search_google,price_sensitive
j_dc11f785ac,u_7de79102d8fb,2023-07-04 21:33:33,66.0,4,26,display_programmatic,brand_aware_browser
j_9875f6bb8f,u_894f3c10d9a8,2023-05-13 01:27:52,60.2,4,10,organic_search_seo,brand_aware_browser
j_0d6d9a0706,u_6c46a89f2ab3,2023-12-14 06:18:10,131.13,2,21,influencer,brand_aware_browser
j_69df3c3ec5,u_05a184f9d66a,2023-12-06 00:06:37,166.53,2,20,email_retargeting,high_intent_shopper
j_d53e92459e,u_be9261a359ee,2023-03-07 09:17:45,76.33,5,8,paid_search_google,brand_aware_browser
j_f77fd6ed1f,u_e6598218d347,2023-12-01 17:38:45,103.93,2,2,paid_social_instagram,high_intent_shopper
j_77e3a0ee0f,u_46bd6db72c24,2023-03-13 16:26:06,87.82,1,0,paid_social_facebook,repeat_customer
j_d08137bd5d,u_6eaa149ebab7,2023-04-10 21:25:16,81.84,4,18,paid_search_google,new_visitor
j_e1b50a5b4b,u_2b2fbf5cd00d,2023-11-19 03:53:16,55.17,5,19,direct,price_sensitive
j_972d41ad1c,u_d39e9a371045,2023-09-01 21:03:05,139.42,1,0,paid_search_google,repeat_customer
j_2ad962a7e4,u_50b470c073a4,2023-11-05 14:30:54,102.24,7,27,paid_search_google,high_intent_shopper
j_e4bf811536,u_a2bc74b265bf,2023-12-23 16:32:49,92.76,5,14,paid_social_instagram,price_sensitive
j_4560c8533a,u_39f34e4c901b,2023-11-05 21:59:45,107.41,3,18,paid_search_google,high_intent_shopper
j_a09396c7df,u_552ed2d3ab97,2023-10-16 01:07:42,52.87,3,23,email_newsletter,price_sensitive
j_868dae4ccf,u_d97b5c6994e1,2023-02-07 01:46:54,186.89,1,0,paid_search_google,repeat_customer
j_64ff84c026,u_3fcb58f243ac,2023-06-11 09:54:15,30.38,3,12,email_newsletter,brand_aware_browser
j_8249a26d0a,u_04d2e0158fb8,2023-07-27 12:34:44,124.17,1,0,email_newsletter,high_intent_shopper
j_621ad5f5e3,u_8c4be9c0ed36,2023-06-29 01:39:59,169.97,2,2,email_newsletter,new_visitor
j_5d9e6f0535,u_67d7c25e95af,2023-03-21 16:53:44,94.71,6,24,display_programmatic,high_intent_shopper
j_09b6789933,u_e2ab52df7837,2023-04-07 22:21:08,66.2,3,21,paid_search_google,price_sensitive
j_ff9ac72559,u_d49ea1813f2c,2023-02-08 19:33:57,206.81,1,0,paid_social_facebook,repeat_customer
j_f7df048fdb,u_7b4b1b257036,2023-11-02 19:13:04,195.27,1,0,paid_social_instagram,repeat_customer
j_5afb70ec07,u_8c6ec1919d43,2023-12-20 14:45:24,125.45,3,20,paid_search_google,repeat_customer
j_237bbacc1d,u_aff4050d9167,2023-04-20 05:09:17,46.84,2,16,email_newsletter,high_intent_shopper
j_d1684ecbab,u_349a140c1849,2023-04-18 18:14:52,64.35,2,17,email_newsletter,repeat_customer
j_e0369aba5f,u_178b00217461,2023-02-08 04:11:22,70.7,7,24,paid_social_instagram,brand_aware_browser
j_6a3ed91104,u_8bfc01513457,2023-01-09 01:35:20,92.81,1,0,paid_social_facebook,high_intent_shopper
j_31ff0893fb,u_903f4ced74a6,2023-07-12 01:36:24,75.39,1,0,email_retargeting,high_intent_shopper
j_0055755d45,u_1bb2147eaf7d,2023-12-02 14:16:36,57.08,2,7,organic_search_seo,price_sensitive
j_8b1192fcfa,u_97338580402d,2023-05-27 15:19:40,135.32,1,0,display_programmatic,repeat_customer
j_f7a5f9b6d1,u_5edcd23ac8ca,2023-07-20 21:46:54,82.43,1,0,display_programmatic,repeat_customer
j_25890ea805,u_441b75ae7968,2023-04-08 15:55:14,64.21,1,0,paid_social_instagram,high_intent_shopper
j_a4710cf082,u_c35f5246be64,2023-04-24 22:59:03,101.08,3,8,paid_social_instagram,high_intent_shopper
j_d2a1403288,u_7bdf1f233846,2023-06-13 04:51:24,115.6,1,0,paid_social_instagram,high_intent_shopper
j_4249b3f52f,u_8d46186ce5f9,2023-02-23 12:20:01,136.65,3,15,paid_social_facebook,repeat_customer
j_57ac77ee9c,u_e7eee4075f30,2023-10-14 07:31:37,258.69,2,2,email_retargeting,repeat_customer
j_234450a0fb,u_dc5523e294c5,2023-09-07 18:55:10,110.57,2,0,paid_search_bing,high_intent_shopper
j_de8db08cc4,u_fdf11561076e,2023-10-12 07:35:04,59.1,1,0,paid_social_instagram,repeat_customer
j_7220f93d63,u_ecd989a600ed,2023-09-22 00:41:38,51.29,4,19,email_newsletter,brand_aware_browser
j_8b33af9c04,u_956ae242c279,2023-05-17 19:12:32,221.33,2,11,organic_search_seo,repeat_customer
j_a6f3edcfbc,u_4d30ffe9b4be,2023-09-14 08:12:46,98.95,3,6,direct,repeat_customer
j_19e9983b3a,u_30aeb012c7ef,2023-06-21 08:52:42,127.62,2,17,direct,high_intent_shopper
j_463b0601e3,u_f1e8a0223462,2023-11-19 14:39:54,143.58,1,0,paid_search_google,repeat_customer
j_02298a8a02,u_67bbd5b5d06d,2023-04-22 00:43:00,203.93,3,19,paid_social_instagram,high_intent_shopper
j_f150479c40,u_f8ff59ecca2e,2023-01-15 22:25:58,166.04,1,0,paid_search_google,repeat_customer
j_6b670507f4,u_b7d0d89a5e66,2023-03-12 06:24:33,67.75,2,15,email_newsletter,high_intent_shopper
j_e27c8544c8,u_e8544aa0a223,2023-02-28 18:52:03,56.62,6,22,paid_search_google,brand_aware_browser
j_12eb5a0fb0,u_6feecef5a55f,2023-07-08 01:56:49,59.2,6,18,paid_search_google,price_sensitive
j_7bbd00b5ef,u_7c68fa3cae15,2023-01-24 05:05:29,30.07,5,12,direct,new_visitor
j_3af5fe1393,u_733606737c78,2023-02-17 23:41:35,151.05,1,0,display_programmatic,high_intent_shopper
j_a46819de08,u_10b7fb02fea1,2023-03-03 15:36:30,122.11,1,0,paid_social_instagram,repeat_customer
j_16307c509e,u_284a58ccb74c,2023-05-04 13:06:41,56.68,4,15,paid_search_bing,price_sensitive
j_441f24b10d,u_1062befc69a3,2023-01-28 15:04:59,103.07,2,9,paid_social_facebook,high_intent_shopper
j_81fd18c53e,u_5e58679dd7f8,2023-04-21 17:35:03,50.59,4,21,direct,high_intent_shopper
j_634a536c1e,u_ee23c8265c06,2023-04-26 02:41:16,21.17,4,25,email_newsletter,price_sensitive
j_bc90fc0e2b,u_6ef17f423333,2023-08-26 18:12:20,59.36,3,15,influencer,price_sensitive
j_5609fa7d9b,u_d52f0601a09d,2023-11-13 14:05:43,73.43,1,0,email_newsletter,high_intent_shopper
j_6ea5305fae,u_9fa795e62d54,2023-11-21 00:33:26,149.41,1,0,paid_social_facebook,repeat_customer
j_ba357c485e,u_1f972c015145,2023-10-31 11:58:36,93.4,7,28,paid_search_google,brand_aware_browser
j_f959efa12c,u_1bfe7c6d1c99,2023-07-24 08:03:51,64.04,2,9,organic_search_seo,repeat_customer
j_738168a5b3,u_6c30f5fa706a,2023-08-31 10:07:24,59.01,1,0,paid_search_google,brand_aware_browser
j_9bb8ac0e23,u_0928860a679a,2023-05-18 09:08:54,36.42,3,16,display_programmatic,brand_aware_browser
j_039f047006,u_4cd99c9d6ba4,2023-06-16 09:18:54,107.87,1,0,paid_social_facebook,repeat_customer
j_9ade327847,u_24e995cecd89,2023-12-09 23:16:39,81.95,2,15,display_programmatic,brand_aware_browser
j_31ca0efc25,u_80b1a062607c,2023-03-25 16:39:24,27.66,3,18,paid_search_google,price_sensitive
j_702f86c78b,u_804317fec69f,2023-11-19 09:48:13,77.81,1,0,paid_social_instagram,high_intent_shopper
j_f2a13ea025,u_59384c49b1a1,2023-02-14 08:16:53,47.2,1,0,paid_social_instagram,high_intent_shopper
j_3a4a65cb16,u_dae8d3cb479a,2023-06-06 21:20:29,67.85,5,13,paid_social_instagram,brand_aware_browser
j_a33cc5aaf2,u_5715fd477dfe,2023-04-14 20:15:34,153.45,1,0,display_programmatic,repeat_customer
j_b9bb881209,u_275a3de5b119,2023-10-19 06:45:13,55.1,2,9,email_newsletter,price_sensitive
j_feabfff152,u_0d98252417e1,2023-08-08 23:50:21,116.01,2,9,paid_search_google,high_intent_shopper
j_55696f109c,u_0a91ff292e24,2023-10-08 01:49:01,92.73,1,0,paid_social_instagram,repeat_customer
j_5736a6aeef,u_02e6973af11b,2023-03-29 11:47:34,143.24,4,15,email_retargeting,brand_aware_browser
j_dd71d035c9,u_d13282f06d4a,2023-02-22 00:23:31,70.33,6,15,paid_social_facebook,price_sensitive
j_b78b5d9e45,u_fb1cedd43e20,2023-04-03 04:11:01,154.51,7,24,paid_search_google,high_intent_shopper
j_39b821cf4f,u_218fdf7f3121,2023-05-19 11:33:19,70.86,8,22,paid_search_google,new_visitor
j_faa5028ec9,u_83876f6cebaf,2023-06-22 22:58:50,150.65,1,0,paid_social_instagram,brand_aware_browser
j_0099ae154d,u_d4200787d698,2023-05-25 14:00:42,52.07,4,8,email_retargeting,brand_aware_browser
j_a0b5265ba6,u_bae5d9b02f15,2023-03-07 06:53:22,87.65,1,0,paid_social_facebook,repeat_customer
j_e6eaca5ccd,u_339c84d60ce1,2023-07-19 11:09:26,135.86,6,26,influencer,high_intent_shopper
j_b6f3adf72b,u_348becd8d2d9,2023-10-22 16:48:06,54.17,5,28,direct,new_visitor
j_2fb86ce20e,u_49629b355a24,2023-05-06 13:08:50,122.82,2,16,email_newsletter,repeat_customer
j_e92feeee53,u_5f21cbb4a847,2023-11-08 03:03:43,119.11,6,19,paid_search_bing,high_intent_shopper
j_94ffb66b05,u_95cb337e1e89,2023-11-17 05:15:31,53.39,2,19,paid_search_google,high_intent_shopper
j_5524af7d1b,u_b56772bfafe2,2023-09-29 01:57:41,97.68,2,0,paid_search_google,high_intent_shopper
j_2fb47b15cf,u_4c08e26af4db,2023-04-15 15:54:34,65.86,1,0,paid_social_facebook,repeat_customer
j_5dc012eb2b,u_096ad52f7d37,2023-11-16 09:24:52,115.81,1,0,influencer,repeat_customer
j_1279592b0d,u_e45229fb447a,2023-11-21 15:11:58,91.53,1,0,paid_social_instagram,high_intent_shopper
j_8d3e92c2c8,u_09c2dd803226,2023-10-20 23:18:49,58.94,7,27,paid_search_google,new_visitor
j_587f225e92,u_648a9d1bc01a,2023-07-30 15:57:11,77.9,2,0,paid_search_google,repeat_customer
j_682ee00ed9,u_a913d467696e,2023-03-21 07:35:22,60.59,7,28,paid_social_facebook,brand_aware_browser
j_496e85bf40,u_47db23bceaae,2023-07-22 13:26:53,112.71,3,12,paid_search_bing,high_intent_shopper
j_4fde009a4d,u_c500b75ff90b,2023-11-18 18:19:37,52.5,1,0,email_retargeting,repeat_customer
j_bf334e4c51,u_6a46e9f7bf30,2023-07-10 21:50:57,75.36,2,11,paid_social_facebook,price_sensitive
j_17b561c0d5,u_50a2d9d97766,2023-03-11 18:16:01,65.31,3,4,paid_search_google,high_intent_shopper
j_9cace31ec1,u_254181002ec3,2023-04-06 10:12:58,52.56,4,20,email_newsletter,price_sensitive
j_5789c4985e,u_650dda1ff440,2023-09-23 20:46:27,82.73,1,0,paid_social_facebook,high_intent_shopper
j_32497288c8,u_9f5b3c221859,2023-06-01 19:51:29,60.22,1,0,paid_social_facebook,high_intent_shopper
j_6873e82243,u_4107a7892cdc,2023-05-03 17:23:40,34.96,2,8,direct,price_sensitive
j_97a7928776,u_cf3c8312a439,2023-06-19 23:40:54,149.25,2,7,direct,high_intent_shopper
j_2032f5f9fc,u_4a44a5f2b3b3,2023-07-01 23:35:21,102.94,1,0,display_programmatic,repeat_customer
j_11d309a35c,u_624ead73b191,2023-06-03 08:13:28,228.36,1,0,influencer,repeat_customer
j_c5c2377ca6,u_ebea4d467faa,2023-05-30 00:40:09,66.03,9,17,paid_social_facebook,new_visitor
j_5df659dbdb,u_fe28152b4bbe,2023-05-31 17:28:41,80.37,2,26,paid_search_bing,repeat_customer
j_7a6f0645ca,u_f914aed7a13d,2023-09-18 05:55:58,116.33,3,17,paid_social_facebook,high_intent_shopper
j_29fb3eadc3,u_52f45558cc00,2023-07-26 18:33:59,137.09,1,0,organic_search_seo,high_intent_shopper
j_4ef2ff7529,u_9d818b77baa4,2023-10-10 12:30:09,27.39,4,8,paid_social_facebook,price_sensitive
j_9778e76f09,u_0a7f28020df1,2023-10-06 05:35:21,107.33,2,17,email_newsletter,high_intent_shopper
j_c862e25c9a,u_1898ae2f3bb0,2023-10-05 12:16:35,240.2,1,0,influencer,repeat_customer
j_8fa5a9c9be,u_b547d895770a,2023-09-28 05:09:44,49.61,8,21,paid_search_google,new_visitor
j_fddd8a9eaa,u_59f52672e0c5,2023-12-20 02:31:17,45.05,3,16,email_newsletter,brand_aware_browser
j_b2277abac6,u_f6f2eedc12c6,2023-02-05 15:57:04,62.56,1,0,paid_social_facebook,repeat_customer
j_da800a0d14,u_b0f11a8ed8f7,2023-05-30 20:07:00,33.7,2,8,paid_search_bing,brand_aware_browser
j_a06c8c665e,u_f25623eb5047,2023-12-07 01:23:24,57.32,4,20,email_retargeting,brand_aware_browser
j_b3bdcddef9,u_16f58f3ade27,2023-04-30 09:51:06,88.88,2,15,email_newsletter,high_intent_shopper
j_0a8adf3051,u_cb24474330b1,2023-12-06 21:46:55,33.35,1,0,display_programmatic,price_sensitive
j_36f403e019,u_026ee8782df6,2023-02-07 23:47:59,127.19,1,0,paid_social_instagram,high_intent_shopper
j_d4a6c27cf9,u_6fc1ec1cdcea,2023-08-26 20:45:13,88.49,6,20,direct,high_intent_shopper
j_d4bcacd73e,u_9b35f4f46cae,2023-08-22 23:46:01,108.48,4,26,email_retargeting,brand_aware_browser
j_fe5f354a58,u_f7258f3f3239,2023-05-11 15:27:14,54.09,3,9,paid_search_google,repeat_customer
j_9e53456bb9,u_29ac020d611d,2023-02-04 01:24:22,109.89,4,7,paid_social_facebook,new_visitor
j_b0d5d2349c,u_c0c5df185314,2023-06-20 11:56:35,111.84,3,19,paid_social_instagram,high_intent_shopper
j_8c55e04d6c,u_72303c19850b,2023-03-01 00:38:35,185.79,1,0,paid_social_facebook,high_intent_shopper
j_d58fcebf25,u_29f38e8071b2,2023-03-15 11:06:13,64.99,1,0,direct,price_sensitive
j_28987c6754,u_21627c756f75,2023-03-20 05:27:08,62.23,1,0,paid_social_instagram,price_sensitive
j_b0472ccb37,u_77a7ab3f5cd2,2023-04-28 16:01:31,143.84,1,0,email_newsletter,repeat_customer
j_02a4ba47c2,u_b252a190963d,2023-02-23 09:49:26,111.48,4,11,email_newsletter,brand_aware_browser
j_6ad7476928,u_b2420a005503,2023-10-13 22:47:00,62.6,3,19,paid_search_google,brand_aware_browser
j_ccb6350839,u_5711e9caf74d,2023-03-16 07:35:48,72.08,1,0,paid_social_facebook,high_intent_shopper
j_2f9925959e,u_03f06f02b45d,2023-05-19 22:02:14,173.36,1,0,organic_search_seo,repeat_customer
j_f20bd53bd5,u_d4168d3b26c2,2023-05-24 13:39:44,135.6,1,0,direct,high_intent_shopper
j_e25ea7e41d,u_1c660c3be6ff,2023-12-05 11:35:13,70.38,2,3,display_programmatic,repeat_customer
j_092ec634c9,u_dc79df378159,2023-10-06 09:01:36,93.12,5,15,influencer,high_intent_shopper
j_f4e8dbc521,u_b889f3b90e5b,2023-09-24 10:52:20,106.3,5,17,email_newsletter,brand_aware_browser
j_383499e6e2,u_cb8d9f02a015,2023-09-15 23:40:16,113.93,1,0,influencer,high_intent_shopper
j_0e34a07ffc,u_8683341e7958,2023-01-25 05:25:33,166.07,1,0,paid_social_instagram,high_intent_shopper
j_9898cccf8e,u_656a54deee0a,2023-03-27 23:40:20,110.58,1,0,email_newsletter,repeat_customer
j_daff954b83,u_7146c9ed5b2b,2023-08-24 18:27:12,114.38,11,27,direct,new_visitor
j_bd80441ed7,u_06444159863c,2023-12-04 22:38:46,101.93,3,19,paid_search_bing,high_intent_shopper
j_10070cb5a9,u_f17cce21f16c,2023-10-01 04:38:46,51.91,3,14,email_newsletter,high_intent_shopper
j_dd45adb471,u_ae82285f517e,2023-11-16 01:35:48,128.85,1,0,organic_search_seo,high_intent_shopper
j_c0eb300737,u_3f30832bd6e5,2023-04-05 16:56:04,153.61,8,22,paid_social_facebook,new_visitor
j_77afaab477,u_42791fbecbfe,2023-02-07 00:02:01,34.77,4,9,paid_search_google,price_sensitive
j_6eea969d8a,u_e831c24f5609,2023-06-02 10:32:27,106.83,1,0,organic_search_seo,high_intent_shopper
j_997033ee8b,u_bad59d5cd52c,2023-03-20 14:43:25,79.22,3,12,paid_search_bing,repeat_customer
j_4b30df95dd,u_05f9a17a6317,2023-02-04 19:07:20,38.18,4,15,display_programmatic,price_sensitive
j_6bf162e522,u_e79b4a33c413,2023-11-12 19:09:54,69.75,2,23,email_newsletter,high_intent_shopper
j_6ca39a57d8,u_3e74da911104,2023-09-28 12:30:37,141.52,1,0,display_programmatic,repeat_customer
j_0082056f5b,u_6831b4f82a98,2023-02-16 16:21:05,95.4,1,0,influencer,repeat_customer
j_cf0d83704c,u_41d4507eba3e,2023-05-10 03:45:51,68.47,1,0,email_retargeting,high_intent_shopper
j_ebf2524404,u_a73cd6c4e3eb,2023-08-13 04:50:05,73.25,8,24,organic_search_seo,brand_aware_browser
j_3fb6976066,u_cabf1790dedc,2023-11-15 14:34:52,45.84,3,27,paid_social_instagram,price_sensitive
j_48f35665b8,u_8536e43f6e8c,2023-02-21 17:41:21,196.96,1,0,paid_social_facebook,high_intent_shopper
j_dbc09b9406,u_e5b952d9fbad,2023-06-01 23:18:34,35.67,2,6,organic_search_seo,price_sensitive
j_9f872dcf00,u_63603306880c,2023-06-02 10:55:04,64.46,5,11,email_newsletter,brand_aware_browser
j_d4ac3adc0a,u_8e8e19a3c10b,2023-09-05 04:22:27,108.17,2,15,email_newsletter,high_intent_shopper
j_44ca2769a3,u_ff48a5047f71,2023-04-27 20:25:38,94.33,8,18,paid_social_instagram,new_visitor
j_2cfdf29af2,u_0c42abb837dd,2023-08-30 21:03:03,123.89,3,27,paid_search_google,repeat_customer
j_73ae1c95db,u_049d42b32ced,2023-11-05 21:08:31,92.42,3,10,paid_search_google,price_sensitive
j_37926a84d1,u_39d7de5cca19,2023-06-09 15:07:08,38.21,5,17,paid_search_google,brand_aware_browser
j_c8798de555,u_ad5394ef78d8,2023-09-08 11:33:04,99.58,4,7,paid_search_google,high_intent_shopper
j_3c3565499f,u_a78db7feb4d8,2023-06-22 15:02:27,70.3,1,0,paid_social_instagram,high_intent_shopper
j_a81971ea50,u_560c8f0cf944,2023-12-03 11:07:41,194.68,3,21,paid_social_facebook,high_intent_shopper
j_fd451316e3,u_d0fd2b8bddb7,2023-01-27 01:46:02,41.06,1,0,paid_search_google,brand_aware_browser
j_6d06c31a9e,u_3be31bb0964b,2023-09-11 11:26:17,93.95,2,14,paid_search_google,high_intent_shopper
j_80a4149d37,u_a27573515369,2023-03-09 05:46:12,55.72,1,0,paid_search_google,high_intent_shopper
j_69e3ef4913,u_a68d56f322ca,2023-11-27 20:42:06,85.63,1,0,paid_social_instagram,high_intent_shopper
j_65daba9791,u_f8acd0af8433,2023-12-29 14:37:31,218.06,4,28,influencer,repeat_customer
j_bab7838d62,u_25455e8466da,2023-09-08 18:06:26,120.48,2,13,email_retargeting,repeat_customer
j_a7aecbefea,u_0c76c2c41f88,2023-08-13 00:37:40,89.22,2,4,paid_search_google,repeat_customer
j_3d46437c8d,u_0c07f0e0a3c1,2023-10-20 21:44:07,54.04,4,13,paid_search_google,price_sensitive
j_d92f7320d9,u_dc9a329d1df4,2023-04-03 14:33:20,157.43,4,19,paid_search_google,repeat_customer
j_b59e61993b,u_f972e5b48205,2023-06-01 00:24:59,162.43,1,0,paid_social_facebook,repeat_customer
j_e2adb1eeb8,u_3e5d8cfb47e1,2023-06-09 11:30:49,44.97,4,21,paid_search_google,price_sensitive
j_03a354f0c6,u_7a1a668beb8a,2023-04-21 01:37:29,103.24,1,0,paid_social_facebook,repeat_customer
j_94cc4500d7,u_ca5ff42da88f,2023-02-17 20:16:49,104.82,1,0,paid_social_facebook,repeat_customer
j_5fee27523a,u_d9dcb5ba36bf,2023-09-10 09:53:58,156.64,3,11,direct,repeat_customer
j_f62644cbc4,u_7e755a7468ca,2023-04-18 17:28:28,34.71,5,25,email_newsletter,brand_aware_browser
j_e68635a7af,u_929b6fcacde4,2023-12-03 11:47:28,127.17,2,15,email_newsletter,high_intent_shopper
j_56b174fdfa,u_c17fe430c1a4,2023-10-21 18:45:11,78.93,9,22,email_retargeting,new_visitor
j_c4399500f9,u_ae63ebd45594,2023-06-03 01:46:59,91.77,8,28,paid_search_bing,new_visitor
j_3edb903491,u_7b36482d5f13,2023-12-14 07:07:05,213.5,2,23,paid_search_bing,repeat_customer
j_05cbc0a3a1,u_80803e21e89a,2023-10-19 09:41:05,152.59,6,17,paid_search_bing,brand_aware_browser
j_842df409c8,u_28d0af5f9765,2023-03-11 14:04:51,131.79,1,0,paid_social_facebook,repeat_customer
j_5bf971fdfb,u_6eb423e62e50,2023-11-03 00:49:10,48.2,1,0,display_programmatic,high_intent_shopper
j_eb4e1556bd,u_db2447c97c03,2023-10-14 17:43:56,92.06,7,18,paid_social_facebook,brand_aware_browser
j_efbd206f82,u_04e00be34be7,2023-05-17 07:41:14,117.41,7,18,email_newsletter,price_sensitive
j_cd5ea4d792,u_66ec3318fba3,2023-09-25 14:05:37,59.99,4,25,paid_social_facebook,high_intent_shopper
j_5ac5c5a04d,u_3f54a2befa1c,2023-07-11 15:40:57,41.14,5,18,email_newsletter,brand_aware_browser
j_d9c98fda31,u_c548d1afcfe8,2023-12-20 17:41:42,105.3,1,0,email_newsletter,repeat_customer
j_b5fb930090,u_746693c5d5fa,2023-11-19 20:16:43,95.82,1,0,influencer,high_intent_shopper
j_dd89299340,u_d0a139f088f2,2023-11-27 16:27:58,191.91,1,0,display_programmatic,repeat_customer
j_9389460195,u_018ecee425d4,2023-08-25 09:09:44,125.47,1,0,email_newsletter,repeat_customer
j_710ef5e981,u_e698a49d2cdd,2023-06-04 22:41:16,173.57,4,14,paid_search_google,high_intent_shopper
j_8e9779e3f0,u_5bb85261ab7c,2023-09-15 13:45:36,36.03,3,17,paid_search_google,price_sensitive
j_b06f8c826b,u_5b209089f0c2,2023-11-25 07:51:21,40.73,6,18,paid_search_google,price_sensitive
j_10348dabca,u_e47119785484,2023-12-01 16:44:31,53.21,3,18,email_retargeting,price_sensitive
j_7a61ef3429,u_beada9729063,2023-01-17 12:45:39,139.09,1,0,paid_social_instagram,repeat_customer
j_13a173de25,u_2fc7f49b31e0,2023-04-20 02:15:16,232.2,4,19,paid_search_google,high_intent_shopper
j_50f3568c70,u_689ae9d2591c,2023-10-27 00:42:20,64.36,2,17,paid_social_facebook,price_sensitive
j_d739b10e7c,u_3d57f1cdbfcb,2023-12-12 22:12:13,90.49,3,24,paid_social_instagram,repeat_customer
j_26239cd9b5,u_74589d24dbc2,2023-04-19 13:33:03,26.39,3,24,paid_search_bing,new_visitor
j_cc387f3088,u_50abb9baa80b,2023-10-26 01:41:53,78.99,1,0,paid_social_instagram,repeat_customer
j_b4b4c053dc,u_9dbe6cf6151a,2023-04-18 10:18:04,501.23,1,0,paid_social_facebook,repeat_customer
j_b7ba45917f,u_dbe4113a3a71,2023-11-22 13:01:09,140.61,1,0,paid_social_instagram,repeat_customer
j_921ec4bb51,u_3e97d222e340,2023-11-02 04:54:10,123.96,1,0,paid_search_google,high_intent_shopper
j_aa9979a203,u_3ec24079cd94,2023-04-04 00:04:01,126.75,1,0,email_newsletter,repeat_customer
j_7fd1096783,u_ee2256e66bdc,2023-07-24 00:18:16,34.08,2,15,paid_social_instagram,high_intent_shopper
j_27b8a12f0b,u_8197be502816,2023-07-18 11:27:44,71.38,1,0,display_programmatic,repeat_customer
j_2e317ea50f,u_45f960536c46,2023-10-05 14:09:31,71.91,9,21,email_newsletter,brand_aware_browser
j_9187e13ad3,u_2210952bc744,2023-08-06 23:42:24,47.26,1,0,paid_social_facebook,price_sensitive
j_03d9ca2fe3,u_871d97d34be7,2023-08-28 06:22:17,107.5,1,0,paid_social_facebook,brand_aware_browser
j_dbde218092,u_7d0a18918622,2023-10-31 08:01:18,134.54,7,22,email_newsletter,high_intent_shopper
j_f454480746,u_3e197185d5d2,2023-03-02 23:47:14,105.58,1,0,display_programmatic,high_intent_shopper
j_3516219626,u_f92c82d680f1,2023-04-23 18:24:20,146.85,8,22,paid_search_google,brand_aware_browser
j_323689b9e2,u_7ce560596197,2023-08-31 07:55:58,31.04,1,0,paid_social_instagram,repeat_customer
j_adc248c11e,u_f26af8554416,2023-08-06 07:20:12,206.43,2,4,paid_search_google,repeat_customer
j_ed7c7d4643,u_464e67daa100,2023-07-12 02:32:32,47.17,2,7,paid_search_google,high_intent_shopper
j_b17c72c22f,u_c278a6ea6db0,2023-03-23 13:27:32,80.79,1,0,display_programmatic,repeat_customer
j_01072a6b7f,u_f1702505924b,2023-11-09 04:16:07,95.33,1,0,display_programmatic,price_sensitive
j_2cd353eb29,u_a461d64d4443,2023-08-16 21:54:33,77.67,1,0,paid_social_instagram,price_sensitive
j_a9a9e489e0,u_e5a197fc6bfb,2023-11-12 07:43:22,157.07,5,22,direct,brand_aware_browser
j_d00d457657,u_29fb24a0ab4e,2023-09-30 03:45:14,50.03,5,16,paid_search_bing,brand_aware_browser
j_63803bd892,u_5b77c550f88a,2023-09-14 14:03:39,48.04,1,0,paid_social_facebook,high_intent_shopper
j_6d8b22b594,u_62e9fe1cfef4,2023-05-07 23:09:46,74.49,2,17,paid_search_google,high_intent_shopper
j_2f64ab5ce2,u_b587a0821df0,2023-10-16 10:22:38,58.81,4,5,email_newsletter,high_intent_shopper
j_99284661e8,u_5481a24bb1e0,2023-03-13 03:29:48,87.11,5,24,paid_social_facebook,new_visitor
j_fefb38a5b1,u_9e2d48c9c7d4,2023-06-15 00:04:58,41.9,1,0,display_programmatic,high_intent_shopper
j_49d76240ad,u_3ea23e8716eb,2023-05-15 03:16:01,130.24,6,23,paid_search_google,high_intent_shopper
j_4f666d6370,u_9580a6f0f416,2023-09-29 18:35:11,79.87,1,0,paid_social_instagram,high_intent_shopper
j_2fd252da35,u_ff4d94d115c3,2023-06-29 21:23:42,119.91,1,0,paid_social_facebook,high_intent_shopper
j_ce3646b42e,u_b6a60e865d0b,2023-04-04 04:03:17,205.99,1,0,display_programmatic,high_intent_shopper
j_34279e7801,u_7004e743f75c,2023-12-13 04:43:28,114.46,4,9,paid_search_google,new_visitor
j_c28288ed44,u_29b52a5d607f,2023-03-18 05:09:02,159.64,2,4,paid_search_google,high_intent_shopper
j_901cc22584,u_8362e0d638cf,2023-09-12 08:44:47,172.53,1,0,influencer,repeat_customer
j_37b3e21ccb,u_a30d64930ca7,2023-01-22 11:19:43,167.2,1,0,display_programmatic,repeat_customer
j_14c2c36018,u_0671bd53ebfc,2023-04-23 07:58:51,94.48,5,24,paid_search_google,price_sensitive
j_01dfe2ec37,u_f9290ed68da9,2023-03-02 00:35:07,161.93,2,4,display_programmatic,high_intent_shopper
j_59d192d4dc,u_c08dd8630d37,2023-03-05 22:11:54,64.95,2,1,paid_social_facebook,price_sensitive
j_5aee338f97,u_6e8e1329bc2d,2023-05-02 17:39:46,41.02,5,11,paid_search_bing,new_visitor
j_2c259f957d,u_42962a4d31af,2023-06-22 06:41:11,114.47,1,0,paid_search_google,repeat_customer
j_5913d607f2,u_e183578d2e34,2023-04-04 09:04:53,65.42,1,0,paid_social_facebook,high_intent_shopper
j_fa9309e0d4,u_fd3e6c062f0b,2023-05-10 01:44:45,79.76,1,0,email_newsletter,high_intent_shopper
j_e6e483d6da,u_120c20f0cf2c,2023-07-09 21:32:41,169.95,1,0,direct,repeat_customer
j_034be7e5b5,u_92242f2ad98a,2023-03-21 20:26:34,155.59,2,10,paid_search_bing,repeat_customer
j_65f8fbee0e,u_356c5f82d573,2023-04-11 19:38:52,129.56,3,15,paid_social_facebook,repeat_customer
j_1191a8d865,u_24a360c19443,2023-03-28 09:27:23,59.9,2,2,paid_social_facebook,new_visitor
j_aa36c55db5,u_4308338460d4,2023-04-09 03:24:33,88.85,5,8,paid_social_facebook,new_visitor
j_cc448fe2fd,u_e08b631b9f6a,2023-04-04 14:59:30,103.06,8,24,paid_search_google,brand_aware_browser
j_33ca3c59e7,u_34ce509f9b54,2023-10-17 18:15:13,44.73,5,28,paid_social_facebook,price_sensitive
j_cd0b7141a9,u_fa85b6c4cfe4,2023-05-10 04:16:06,89.4,3,2,paid_search_bing,high_intent_shopper
j_7a5e017682,u_b2dde16672d9,2023-11-21 18:12:38,59.21,1,0,display_programmatic,price_sensitive
j_832febb2c9,u_ef8fbf0f74ab,2023-02-16 05:20:52,140.68,1,0,paid_social_facebook,high_intent_shopper
j_40730172b6,u_59900d2d4b61,2023-09-27 17:01:50,50.7,3,2,display_programmatic,brand_aware_browser
j_515687588b,u_9ce6b98fa82c,2023-02-28 23:35:32,229.89,5,12,paid_search_bing,high_intent_shopper
j_6f243587af,u_f1f2dc487327,2023-03-18 07:33:43,119.17,1,0,influencer,high_intent_shopper
j_123952e504,u_74e4ad9bbed8,2023-04-05 06:01:19,63.24,2,12,paid_search_bing,high_intent_shopper
j_8b300b8975,u_79941d3ca662,2023-12-14 13:45:22,59.66,1,0,display_programmatic,high_intent_shopper
j_1f43027ca7,u_3213120d4430,2023-04-16 10:30:57,156.92,1,0,paid_search_google,repeat_customer
j_a275f84035,u_00cbd2efc830,2023-11-11 19:37:07,121.36,2,3,email_newsletter,repeat_customer
j_9981f3e580,u_459bc5b62be2,2023-04-22 06:35:18,68.31,1,0,direct,high_intent_shopper
j_e9c04012a1,u_7024a18a1d1a,2023-08-07 23:54:10,151.11,2,17,email_retargeting,repeat_customer
j_2791c1000c,u_7c291845cf27,2023-03-04 11:36:22,43.59,3,11,display_programmatic,new_visitor
j_ddac1e40f5,u_f3f027ed79fb,2023-05-06 10:49:57,169.71,1,0,organic_search_seo,repeat_customer
j_b5fed02235,u_9d9ed9073b93,2023-12-22 16:11:51,81.71,3,22,paid_search_google,high_intent_shopper
j_a7f1dc7dbc,u_b71789af891d,2023-10-10 15:36:11,86.48,3,7,paid_search_google,high_intent_shopper
j_e04e5dee06,u_ab76203e0f27,2023-11-30 19:52:48,230.13,1,0,influencer,high_intent_shopper
j_58d95c1e3c,u_2d8545b6157f,2023-04-08 18:22:55,128.4,2,3,direct,high_intent_shopper
j_594cba49f0,u_45a9877991f0,2023-02-18 07:10:27,138.71,3,18,paid_search_google,repeat_customer
j_ace9247d25,u_d025338c2419,2023-11-16 12:19:45,143.65,3,18,paid_search_google,repeat_customer
j_954a56cfbe,u_d34004b23083,2023-09-20 01:15:46,136.5,2,7,email_newsletter,repeat_customer
j_dbca15463a,u_83b8c16ce01f,2023-08-23 21:22:10,127.92,1,0,paid_social_instagram,high_intent_shopper
j_b93f370d12,u_b005fb896d06,2023-02-25 21:55:21,65.81,1,0,paid_social_instagram,high_intent_shopper
j_db5a38bb11,u_6e9d8948acaa,2023-04-04 15:59:42,247.41,1,0,organic_search_seo,repeat_customer
j_53667b8d6e,u_72ae65370517,2023-09-22 13:38:33,118.45,4,22,paid_search_google,repeat_customer
j_d27947f772,u_e3a88378678f,2023-12-19 15:39:15,152.05,3,19,email_retargeting,high_intent_shopper
j_6292fe2ed0,u_966169d9bc32,2023-09-29 22:04:56,35.11,2,1,email_retargeting,high_intent_shopper
j_3dc7f6eaa3,u_1aeed97c05bc,2023-11-10 16:53:44,82.28,2,0,paid_search_google,brand_aware_browser
j_08e89ce9fc,u_167049ce64a2,2023-06-18 15:33:28,113.1,2,19,direct,repeat_customer
j_2f41f7fc12,u_62bd5e71e288,2023-06-06 13:35:33,133.51,1,0,display_programmatic,repeat_customer
j_e35e623c16,u_e0a769be13d5,2023-05-25 09:56:48,60.21,3,2,email_retargeting,brand_aware_browser
j_adaa1f23f5,u_144fd0e3db3a,2023-04-10 02:51:30,214.22,2,16,direct,repeat_customer
j_d5054dcd51,u_70ae86b180e6,2023-02-26 19:47:58,60.82,7,12,paid_social_facebook,new_visitor
j_1767cff523,u_b6064345973f,2023-12-25 00:23:26,49.26,2,2,influencer,new_visitor
j_8dc92288df,u_c3e1f8b20253,2023-04-27 09:37:56,40.18,2,16,paid_search_bing,high_intent_shopper
j_9f2cbfdcfc,u_4f61ed1727fa,2023-03-24 23:27:52,157.77,1,0,display_programmatic,high_intent_shopper
j_dc3e598fd5,u_3e8cb0706b27,2023-04-25 08:52:47,110.68,3,6,paid_search_google,repeat_customer
j_2fada078b9,u_00a378ff55a5,2023-04-06 04:46:47,116.68,3,18,email_retargeting,repeat_customer
j_7998a43d2e,u_78673768177c,2023-12-03 17:56:01,298.66,1,0,direct,high_intent_shopper
j_b5a5f76b62,u_50bcb66d8073,2023-11-17 16:00:10,122.68,1,0,paid_social_instagram,repeat_customer
j_4ec929fb13,u_2582f71a44b2,2023-05-07 20:18:55,43.97,2,6,paid_social_facebook,high_intent_shopper
j_d94eb20ffa,u_c6c9b6f4f6d6,2023-03-10 05:29:39,31.21,2,5,paid_search_google,price_sensitive
j_58f295720f,u_64397ccd461e,2023-02-24 00:10:54,71.27,2,2,paid_search_google,high_intent_shopper
j_e9e284690a,u_adb443c639fc,2023-02-22 16:07:29,160.39,4,24,paid_search_bing,brand_aware_browser
j_39a42d4406,u_427aed3e9edb,2023-08-20 09:19:30,133.86,1,0,paid_search_google,repeat_customer
j_db428b3fdf,u_fe6cc0027df5,2023-08-18 11:42:04,168.67,1,0,paid_social_facebook,repeat_customer
j_53edd49157,u_c503a7cfd960,2023-02-28 21:26:52,37.6,2,1,paid_search_bing,price_sensitive
j_b64a680895,u_aa03144ac4ec,2023-12-10 20:58:08,77.02,5,11,organic_search_seo,new_visitor
j_482ac4a01c,u_f53f0c476df6,2023-07-14 17:13:06,95.82,3,17,paid_social_instagram,repeat_customer
j_f725a35d86,u_c4e4bdb772df,2023-03-22 13:31:23,86.9,1,0,organic_search_seo,high_intent_shopper
j_2a40ac2bd6,u_8da8d21bf4c7,2023-10-15 04:03:42,109.02,9,23,paid_search_google,brand_aware_browser
j_1f97016186,u_2262e3ce4389,2023-10-16 01:41:45,59.39,6,20,paid_social_facebook,price_sensitive
j_17a3802392,u_00acbb67c796,2023-06-05 14:18:20,48.43,3,10,paid_search_google,price_sensitive
j_5e9531693a,u_7d0597afc9d0,2023-12-21 09:23:10,162.61,5,10,paid_search_google,repeat_customer
j_2f452c90df,u_234e8aca8d46,2023-08-04 02:06:25,76.83,2,2,paid_search_bing,high_intent_shopper
j_7013244619,u_58b367afa449,2023-08-20 01:58:54,73.24,1,0,display_programmatic,high_intent_shopper
j_da62180329,u_24166fad4047,2023-11-13 09:45:27,115.52,2,3,direct,repeat_customer
j_55b29d6642,u_e7755a5495c2,2023-07-14 01:51:59,36.2,5,24,direct,price_sensitive
j_3a15863b51,u_5bf4966509ed,2023-04-23 06:56:19,111.36,7,14,paid_social_facebook,new_visitor
j_6ff807f525,u_b45e4f5c3406,2023-10-04 06:54:35,56.61,2,22,paid_social_instagram,high_intent_shopper
j_83abf6b22c,u_134fa468b59f,2023-07-04 20:57:54,52.53,1,0,organic_search_seo,repeat_customer
j_c42377bcf7,u_5deee7654f27,2023-11-16 00:26:44,55.89,6,7,email_newsletter,new_visitor
j_14782e4084,u_db747e56cfa5,2023-11-08 14:51:58,50.18,3,25,organic_search_seo,new_visitor
j_3c8750d939,u_3c3ef2dbf8a5,2023-08-20 14:55:43,100.25,4,16,paid_search_google,repeat_customer
j_0adcec3adc,u_9aee28a9b46f,2023-06-20 17:02:30,97.49,1,0,paid_search_google,high_intent_shopper
j_603d4d6cb5,u_0b489659e5bd,2023-08-02 16:33:37,226.99,1,0,paid_social_facebook,repeat_customer
j_1d4c1ed103,u_d65a51968b2c,2023-11-29 14:36:07,27.27,5,19,direct,price_sensitive
j_de06834276,u_2bbc950421e0,2023-07-28 17:13:33,122.01,4,26,paid_search_google,repeat_customer
j_73071c6cfc,u_85dfabd34eb8,2023-04-23 14:57:58,27.91,8,26,paid_search_google,new_visitor
j_d47102e325,u_808e4c763640,2023-10-15 22:37:26,72.66,4,22,paid_social_instagram,high_intent_shopper
j_089a5de98c,u_a209add7fd6f,2023-11-06 17:56:36,266.11,4,19,paid_search_bing,repeat_customer
j_34258dbb50,u_9aeebc48c6de,2023-05-26 01:51:15,56.21,3,17,paid_search_google,repeat_customer
j_4f70dcd6f1,u_971380a3013f,2023-03-06 20:53:06,68.62,3,19,paid_search_google,high_intent_shopper
j_dd20adeea5,u_d05c9c4c9a9e,2023-10-24 22:18:43,74.3,2,16,email_retargeting,high_intent_shopper
j_7fa03f7ef7,u_bc55044635b6,2023-12-14 05:15:44,195.77,5,11,paid_search_google,brand_aware_browser
j_b861095c29,u_9ad9bb2867fd,2023-07-09 16:43:57,121.21,3,25,email_newsletter,repeat_customer
j_cd6dd17a3b,u_b82748269420,2023-02-09 15:10:14,178.35,4,19,paid_search_google,brand_aware_browser
j_81fcb1aaf0,u_e4521751dbc1,2023-09-25 05:42:21,112.53,1,0,influencer,repeat_customer
j_35a2ec2b83,u_587e36584751,2023-09-09 05:17:12,106.54,1,0,paid_social_facebook,repeat_customer
j_d4eeecd738,u_91f9739bc197,2023-10-30 05:07:43,78.9,1,0,paid_social_instagram,high_intent_shopper
j_fdcac4cd00,u_fa66aa3f0b77,2023-03-07 09:26:59,154.97,5,26,direct,high_intent_shopper
j_2c01d282f8,u_b23ad2c0891f,2023-04-02 18:37:26,243.93,1,0,paid_social_facebook,repeat_customer
j_1c6e930cb5,u_5fbdb335fab0,2023-10-03 17:48:05,181.24,2,7,paid_search_google,repeat_customer
j_8eec302e6a,u_5628a3873457,2023-12-20 20:37:37,36.72,3,23,email_retargeting,high_intent_shopper
j_a554cda674,u_f38741897ae8,2023-01-30 18:53:42,51.37,1,0,email_retargeting,repeat_customer
j_df3d928014,u_75940c23361d,2023-03-17 05:49:21,38.84,5,19,email_retargeting,high_intent_shopper
j_f389467350,u_e36c6a063c16,2023-09-27 05:57:35,135.49,2,15,paid_search_bing,repeat_customer
j_fa72537593,u_8e3342de5565,2023-03-04 12:57:12,79.61,1,0,email_newsletter,brand_aware_browser
j_47ea9f8718,u_11c704ada19c,2023-09-10 17:17:38,108.03,4,24,direct,brand_aware_browser
j_ccaf7c8dc9,u_25653be7d080,2023-12-14 22:32:46,68.75,1,0,paid_social_instagram,repeat_customer
j_542bc4fea7,u_5d7a9ee623a1,2023-09-14 07:51:14,79.38,9,17,paid_social_facebook,new_visitor
j_ce87123062,u_8ff4c33e7def,2023-09-09 16:21:45,66.59,6,21,paid_social_facebook,new_visitor
j_1699b851b6,u_45f550d9d839,2023-04-04 10:10:14,188.63,6,27,paid_search_bing,repeat_customer
j_7b7fa7043a,u_43f7fb5d8e0b,2023-06-12 09:49:44,77.02,2,8,paid_search_bing,brand_aware_browser
j_a55b544141,u_8aa92d8a7d28,2023-09-22 00:16:19,91.72,3,17,organic_search_seo,high_intent_shopper
j_a5285601b4,u_1a89b21d4761,2023-07-16 23:41:58,29.57,5,19,paid_search_google,price_sensitive
j_5dda0e8c55,u_a82fbea0cedc,2023-08-14 11:31:53,50.29,3,29,paid_search_google,high_intent_shopper
j_fe9119a8d5,u_664d4e09f7fd,2023-02-25 18:53:12,49.94,4,12,email_retargeting,new_visitor
j_0c22bdd62a,u_57a8cd46c89a,2023-03-09 14:08:25,77.93,2,18,paid_search_google,repeat_customer
j_a820b3f7f0,u_e591d6ae2ed1,2023-03-01 22:35:13,53.51,3,3,organic_search_seo,price_sensitive
j_3da9651b7b,u_6dc55a390d3f,2023-07-25 10:07:45,110.46,1,0,paid_social_facebook,repeat_customer
j_bfe5db2669,u_aa461b30cb5d,2023-02-09 16:38:31,210.22,1,0,paid_social_facebook,high_intent_shopper
j_0b0bfb5e89,u_0c58e1ff8ef5,2023-11-13 03:41:13,97.96,3,13,paid_search_google,high_intent_shopper
j_a2086975cf,u_7030beee52ba,2023-12-01 21:05:19,53.55,1,0,email_newsletter,price_sensitive
j_13b585e332,u_9e7dab3df7fb,2023-03-08 15:39:35,50.52,4,10,direct,price_sensitive
j_2825ae1cb0,u_14da8086991f,2023-10-12 04:01:39,92.82,2,3,display_programmatic,repeat_customer
j_e77b31636a,u_383f76695aae,2023-04-18 03:47:08,249.86,1,0,paid_search_google,high_intent_shopper
j_55b2eb18f4,u_b9be2679bda9,2023-11-02 11:56:10,106.03,3,3,paid_search_google,repeat_customer
j_16d297befb,u_e17b6c08c4b8,2023-12-24 06:43:03,146.92,5,18,direct,high_intent_shopper
j_e9a70b6b96,u_e357122f763f,2023-03-16 00:35:01,211.97,2,4,paid_search_google,high_intent_shopper
j_ad3c13cd63,u_0c765ad55fb8,2023-02-26 16:23:16,53.93,2,4,paid_search_bing,price_sensitive
j_7d95c83918,u_20ebb3b9b874,2023-10-07 20:32:55,71.48,3,15,email_retargeting,high_intent_shopper
j_96c2fcef7b,u_fbf02113d064,2023-07-13 19:54:44,47.94,4,20,paid_search_google,new_visitor
j_ca4dd4d2a4,u_e5c9f81f75a1,2023-10-17 00:57:26,166.59,1,0,paid_social_facebook,repeat_customer
j_aa3672cb78,u_0d0e22a9e4f7,2023-07-15 19:45:11,65.17,3,13,direct,new_visitor
j_db11d16d3d,u_cf414266c87e,2023-04-12 17:37:25,55.5,1,0,paid_social_facebook,price_sensitive
j_a0612e200b,u_bbf74e077f06,2023-08-19 14:36:18,68.18,5,23,paid_social_facebook,high_intent_shopper
j_35c85e6598,u_7a441db68479,2023-07-22 03:43:15,70.19,9,26,paid_social_facebook,new_visitor
j_5475353ddb,u_c7aa99f5675c,2023-11-10 20:13:52,163.48,6,21,email_newsletter,high_intent_shopper
j_4c3591059d,u_d34c6b3c67a1,2023-11-10 20:08:02,136.73,1,0,paid_social_instagram,repeat_customer
j_2d1cab7145,u_45bb61dd77fe,2023-07-03 21:26:18,190.8,1,0,display_programmatic,high_intent_shopper
j_1ea0926ed0,u_61fc3343039a,2023-06-14 17:31:57,41.95,5,15,paid_search_google,high_intent_shopper
j_dbc9dd14be,u_3c5d1975f029,2023-09-03 04:44:49,49.92,2,23,display_programmatic,high_intent_shopper
j_9e35d8109f,u_0614b2485e51,2023-07-02 11:12:33,62.51,5,17,paid_search_google,price_sensitive
j_73eaa1fd99,u_477700000383,2023-12-12 08:58:08,60.47,2,12,email_newsletter,price_sensitive
j_95c6e6a5b8,u_ca1fe905d36b,2023-05-10 07:47:04,112.2,1,0,email_newsletter,repeat_customer
j_51da89ad6f,u_990b470083ed,2023-10-24 06:03:56,98.72,1,0,display_programmatic,high_intent_shopper
j_cdb696a1be,u_97dbef2e589a,2023-08-03 03:43:40,109.12,3,16,email_retargeting,high_intent_shopper
j_bcf853a9e2,u_e3dd00fef6e8,2023-11-14 23:01:38,49.66,5,23,email_retargeting,brand_aware_browser
j_f849e6281a,u_22c2002703da,2023-08-16 02:40:06,51.56,8,26,paid_social_instagram,price_sensitive
j_6be7a2d769,u_9b084f89713f,2023-09-05 15:22:45,57.39,5,14,paid_social_instagram,high_intent_shopper
j_04fe237481,u_02c347dd6ed2,2023-11-24 20:59:56,65.3,2,2,paid_search_google,price_sensitive
j_2ff2ac6da0,u_21aa1424664f,2023-12-10 14:33:34,124.47,2,1,influencer,high_intent_shopper
j_dcc3addfa0,u_0c9fe5d2ece1,2023-10-20 07:00:51,84.09,1,0,paid_social_instagram,high_intent_shopper
j_1cf8fe781d,u_76d426b8b3ad,2023-01-16 14:58:29,37.51,1,0,paid_social_instagram,price_sensitive
j_874a4e078a,u_2edcf45a8a6e,2023-03-15 19:39:39,71.01,2,13,direct,price_sensitive
j_d0045ed5ff,u_0e50849126c2,2023-12-04 10:56:45,95.95,6,21,paid_search_google,price_sensitive
j_28e5978132,u_067092218224,2023-03-21 21:59:33,107.98,1,0,paid_social_facebook,repeat_customer
j_3131032213,u_12b5dc1f8762,2023-04-22 08:54:12,80.56,1,0,paid_social_facebook,high_intent_shopper
j_221430ee12,u_37116c7724e3,2023-01-09 14:47:24,106.08,1,0,organic_search_seo,repeat_customer
j_97158e03d9,u_0a5a2a65aad1,2023-04-16 03:45:53,70.51,6,12,organic_search_seo,brand_aware_browser
j_7ef25e498f,u_431f36cb3484,2023-12-22 12:05:47,70.05,2,7,paid_social_facebook,high_intent_shopper
j_894e4c3488,u_5e226f617a5d,2023-01-29 13:25:58,153.43,1,0,display_programmatic,repeat_customer
j_252cd2df66,u_68e61a708c8e,2023-12-15 13:20:12,71.95,3,15,email_retargeting,high_intent_shopper
j_7da287254e,u_881eb80d76f8,2023-03-29 03:14:03,137.72,1,0,paid_social_instagram,repeat_customer
j_0843e639f3,u_6cc63aea695c,2023-12-27 07:04:28,101.2,2,10,paid_social_instagram,high_intent_shopper
j_1e257ddb7d,u_078a7daf0ccb,2023-09-30 09:46:58,168.44,1,0,paid_social_facebook,repeat_customer
j_9fdd4d932e,u_7d7ec1dc519c,2023-10-07 02:36:29,54.9,1,0,paid_social_facebook,price_sensitive
j_51828b7226,u_55c8bbe8d0ca,2023-06-18 21:40:09,101.54,6,21,paid_social_facebook,brand_aware_browser
j_9cc2c0a71a,u_004e6f379e10,2023-03-06 13:06:54,60.91,10,27,paid_search_google,new_visitor
j_10b860db87,u_c1586c1c0b56,2023-12-09 22:01:58,20.54,2,3,paid_search_bing,price_sensitive
j_803b5d8fe5,u_df8cb8b253e4,2023-11-28 01:29:10,45.53,4,23,paid_search_bing,price_sensitive
j_60ed554f68,u_a89b7b55f336,2023-07-20 13:30:08,128.97,4,18,email_retargeting,brand_aware_browser
j_43de227e06,u_a79b0a7bd0b3,2023-12-07 16:46:42,97.01,3,9,organic_search_seo,high_intent_shopper
j_9dcc06e419,u_fb54ce0fea36,2023-11-11 13:00:55,78.18,3,12,email_newsletter,high_intent_shopper
j_90cd3d6c87,u_b11c32ac97a9,2023-10-08 00:40:46,108.55,3,3,paid_search_bing,repeat_customer
j_924964485c,u_bce26a45b9e6,2023-07-10 16:26:14,76.31,1,0,paid_search_bing,repeat_customer
j_fed87bad55,u_2d144ea4cab9,2023-10-02 18:14:33,192.36,1,0,paid_social_facebook,repeat_customer
j_aa1d473a80,u_ee42fe62ee28,2023-09-28 02:01:48,38.31,2,1,paid_social_instagram,high_intent_shopper
j_ff56ea7e80,u_95d5a5c63585,2023-03-15 07:19:26,89.04,2,1,paid_search_google,brand_aware_browser
j_531d151b34,u_10aed9523f61,2023-04-24 17:34:09,26.58,1,0,paid_search_google,brand_aware_browser
j_cdd530ca62,u_945fbe182e68,2023-09-05 16:42:02,76.15,1,0,display_programmatic,high_intent_shopper
j_30a242d3b0,u_4baebc4485e9,2023-04-30 03:23:29,93.41,1,0,paid_social_instagram,high_intent_shopper
j_1c9fcc67ae,u_cd37382264c3,2023-10-17 23:57:16,37.65,9,28,paid_social_facebook,new_visitor
j_b7c2dd6276,u_f61d0b6a56b8,2023-10-22 10:11:37,48.39,3,10,paid_social_instagram,price_sensitive
j_8e2ff0f452,u_3620ddddca06,2023-07-22 10:12:22,70.81,3,17,paid_search_google,price_sensitive
j_70196d534a,u_1f6f96b69750,2023-10-02 01:36:20,45.45,5,20,paid_search_bing,high_intent_shopper
j_741b62aa28,u_d0714f6920ad,2023-06-19 17:41:10,45.45,6,26,influencer,brand_aware_browser
j_323cb0e257,u_26316232eaa5,2023-07-07 18:38:27,206.44,1,0,influencer,repeat_customer
j_38ca4b3210,u_008db3ea62ce,2023-07-05 17:17:26,174.99,2,9,organic_search_seo,repeat_customer
j_4ad394c007,u_8ff72fff7289,2023-04-22 09:27:51,59.7,6,23,direct,price_sensitive
j_b53c2c32ca,u_3834b0f05c20,2023-10-29 06:09:17,93.81,3,15,paid_search_google,high_intent_shopper
j_0c2ca41d24,u_399df9c75e85,2023-03-12 23:28:37,49.2,5,24,paid_social_facebook,brand_aware_browser
j_3416840a9a,u_977e6a1e6032,2023-05-08 22:51:01,79.64,5,28,paid_search_google,price_sensitive
j_b88e79b17c,u_2ab39fc33f4a,2023-08-25 04:44:35,17.63,3,5,paid_search_google,price_sensitive
j_1a93e33536,u_00f4a9e5087a,2023-09-17 13:45:00,119.84,2,10,paid_social_facebook,high_intent_shopper
j_bee0f025d1,u_0250ec18d636,2023-09-14 08:04:42,69.67,6,28,email_newsletter,new_visitor
j_2dc2c4b1cc,u_766347d9eb13,2023-08-25 23:31:41,86.07,2,21,display_programmatic,high_intent_shopper
j_06e27c786e,u_df090504d7e5,2023-04-07 12:18:22,84.9,2,12,influencer,high_intent_shopper
j_aaf3940c5a,u_8bcd23f644ba,2023-04-10 06:04:10,86.65,2,3,paid_social_facebook,high_intent_shopper
j_f6c17a3e5a,u_a322f8440f7a,2023-03-11 21:09:18,96.57,1,0,email_newsletter,high_intent_shopper
j_4d1ec754b7,u_770a7edc1920,2023-02-20 22:06:52,220.29,1,0,email_retargeting,repeat_customer
j_b17cb71a39,u_62c9d41709ce,2023-07-20 08:11:17,24.88,2,7,paid_social_facebook,price_sensitive
j_ec3e64b760,u_328632e6bdab,2023-11-20 10:50:25,60.25,2,7,paid_search_google,high_intent_shopper
j_60738df28a,u_d85544f9a105,2023-10-30 09:04:23,134.57,1,0,display_programmatic,high_intent_shopper
j_a5b12a9830,u_ffcc3d2728b1,2023-10-17 15:21:58,172.07,2,4,paid_search_google,high_intent_shopper
j_25ff1e3491,u_70fa47b33844,2023-05-22 14:46:17,94.0,4,13,paid_search_google,brand_aware_browser
j_fb921bbbab,u_9c11088ff662,2023-02-25 03:49:40,116.22,1,0,paid_social_instagram,repeat_customer
j_a867fcbb09,u_a16f47ca40d2,2023-11-17 07:17:13,45.98,4,23,email_retargeting,price_sensitive
j_b016b9bc00,u_e02227630453,2023-07-25 16:02:33,114.1,1,0,paid_social_facebook,high_intent_shopper
j_a27e32f866,u_31370bc5f38c,2023-08-17 19:36:09,36.3,2,7,email_newsletter,brand_aware_browser
j_58e3d62fa6,u_b750e54d3176,2023-03-29 12:13:50,235.8,3,15,organic_search_seo,high_intent_shopper
j_d2e10f099f,u_cac15015cb80,2023-07-18 20:36:17,103.75,2,0,email_retargeting,high_intent_shopper
j_8a63b51c1d,u_edf9f9102c73,2023-10-09 04:31:11,55.04,3,0,paid_social_instagram,high_intent_shopper
j_f6eee0e9ab,u_c08862793868,2023-12-06 10:31:27,187.47,3,18,direct,repeat_customer
j_9d0a616541,u_fc6303bedac5,2023-09-19 16:16:07,305.66,1,0,paid_social_facebook,repeat_customer
j_0437e04a70,u_41838fda5663,2023-10-16 03:52:46,96.63,3,22,paid_search_bing,high_intent_shopper
j_76d0a12bee,u_d376718e1db2,2023-10-02 01:07:48,56.26,1,0,organic_search_seo,price_sensitive
j_d69d8e3d34,u_210972c0f4d3,2023-12-17 23:00:18,98.58,3,7,paid_search_bing,high_intent_shopper
j_efbca34534,u_1ae1b514a602,2023-08-30 06:02:15,96.84,1,0,display_programmatic,repeat_customer
j_c31441aa4c,u_cdaf4f4cba23,2023-08-19 11:19:26,186.5,5,12,email_retargeting,new_visitor
j_8a35b42ad4,u_c41bb0d67561,2023-10-08 00:03:48,50.43,5,12,paid_search_google,price_sensitive
j_f0da556357,u_dca1fad7bee0,2023-11-12 23:32:51,141.36,7,23,email_newsletter,new_visitor
j_5ae79e9ee5,u_440270fab529,2023-10-13 09:08:56,122.71,5,22,email_newsletter,repeat_customer
j_514afb14c7,u_e80aafea7ffd,2023-07-08 16:53:17,134.19,1,0,paid_social_facebook,repeat_customer
j_4d1951ad4a,u_e11cd18fa62a,2023-04-17 00:31:41,88.43,1,0,paid_social_facebook,high_intent_shopper
j_4b3afd58fa,u_79cffcf92617,2023-05-20 14:21:28,85.68,2,10,paid_search_google,high_intent_shopper
j_b51612f967,u_f1790aed4479,2023-10-11 04:30:45,98.97,2,18,organic_search_seo,high_intent_shopper
j_5cd91096e6,u_a59e10d1d9b6,2023-11-04 10:10:44,241.47,2,5,direct,repeat_customer
j_0bf927ac90,u_e7f0f94ad5ed,2023-02-11 01:16:50,26.66,4,13,paid_search_google,price_sensitive
j_649355e812,u_09804bd25698,2023-07-21 09:41:07,74.54,8,21,email_retargeting,brand_aware_browser
j_d753ee98ed,u_d4511145ca2d,2023-04-03 17:29:16,119.66,2,3,email_newsletter,repeat_customer
j_ddde8e3880,u_5a854c24bb0e,2023-09-13 04:56:39,80.59,5,20,paid_search_google,high_intent_shopper
j_81620d7ed5,u_af55483dba4e,2023-04-20 22:29:49,114.29,5,20,paid_search_google,high_intent_shopper
j_2716867db3,u_8b61115cdd1e,2023-05-17 03:59:15,132.86,1,0,paid_social_instagram,repeat_customer
j_fbe4f3b3d2,u_54e40263eeb9,2023-06-19 22:46:17,43.61,2,25,email_retargeting,price_sensitive
j_4925594656,u_5ab10b3b8ba7,2023-06-28 04:46:17,70.84,2,5,paid_search_google,new_visitor
j_aa9c7ceb21,u_b8f57f4e1121,2023-11-30 09:05:57,126.18,1,0,paid_social_instagram,repeat_customer
j_b0dda1e1c2,u_6010cc4b69ca,2023-03-02 23:04:15,44.37,5,26,paid_search_google,high_intent_shopper
j_1944985f50,u_34fa8c49d29e,2023-07-18 04:32:57,53.97,1,0,paid_social_facebook,high_intent_shopper
j_b947e41ed0,u_27d4d97befab,2023-07-31 22:58:54,68.68,4,21,paid_social_instagram,high_intent_shopper
j_d331996f54,u_47a93e22a20e,2023-06-18 12:50:26,138.13,3,24,influencer,high_intent_shopper
j_be5f8955ad,u_557860b4ca72,2023-12-11 03:49:45,108.57,2,6,paid_social_facebook,repeat_customer
j_740de05cfa,u_ff0602fe8a22,2023-08-11 19:09:18,147.0,3,24,paid_search_bing,repeat_customer
j_81652420ee,u_68120156ab72,2023-04-08 06:59:30,122.72,3,18,organic_search_seo,high_intent_shopper
j_cf44314f4f,u_ef08cdbcb9c8,2023-07-12 22:28:47,166.18,1,0,paid_social_instagram,repeat_customer
j_d8be982536,u_a5e945a17372,2023-08-23 02:57:43,158.85,1,0,paid_social_instagram,repeat_customer
j_3cfaca1e39,u_794a59cc8940,2023-05-29 12:14:25,405.66,1,0,paid_search_google,high_intent_shopper
j_24c5e6d80d,u_812642dae8c8,2023-07-13 05:43:30,78.17,5,21,paid_search_google,new_visitor
j_0c33f290d1,u_7d089da41019,2023-08-07 01:00:07,34.73,6,23,paid_search_google,price_sensitive
j_1b7150c488,u_38b8da37a077,2023-10-15 21:30:03,176.76,2,1,direct,repeat_customer
j_6a9d1f70d2,u_9a05c3fe3a44,2023-07-17 03:02:07,134.56,1,0,paid_search_google,repeat_customer
j_6f09c62e2d,u_aea328a49b86,2023-11-13 11:53:12,53.57,4,17,direct,price_sensitive
j_51df8089a3,u_983be1b20cb4,2023-11-08 11:12:57,37.56,4,16,paid_search_google,price_sensitive
j_d966bf14a9,u_74400f3a1398,2023-08-19 06:08:35,138.31,1,0,paid_social_instagram,repeat_customer
j_050a8f3b5a,u_14da7e186d0d,2023-05-24 00:25:00,117.68,2,18,display_programmatic,brand_aware_browser
j_22435d40b8,u_a8b8c64ab53b,2023-11-22 23:55:00,357.22,3,16,paid_social_facebook,repeat_customer
j_b878049b34,u_d865990f0a1c,2023-09-22 00:02:47,138.82,8,9,influencer,brand_aware_browser
j_8c006aa59e,u_b25d384f16ca,2023-08-11 03:22:38,51.89,2,0,paid_social_instagram,repeat_customer
j_ad3e7f5c45,u_3b980b3dac26,2023-02-14 04:11:33,73.03,3,7,email_retargeting,high_intent_shopper
j_1e13d6e159,u_aaeaf4b4e2bd,2023-01-22 16:46:28,43.04,2,4,paid_social_facebook,repeat_customer
j_53eb559538,u_bb37e0af3e16,2023-05-02 21:04:03,107.69,2,3,email_newsletter,repeat_customer
j_14b72f85b0,u_2b8ae79886af,2023-04-07 21:45:08,344.63,1,0,paid_social_facebook,repeat_customer
j_8dd420cb0a,u_0fd61f94a4bc,2023-02-17 14:37:35,49.5,6,16,paid_social_facebook,brand_aware_browser
j_08ebb3acb8,u_25345c76738f,2023-02-05 10:49:46,123.98,3,17,direct,repeat_customer
j_dc92dab69e,u_d09fe285f341,2023-10-22 18:00:56,241.53,1,0,paid_social_instagram,repeat_customer
j_fc5d105712,u_4e6e18147f09,2023-10-21 11:03:51,110.88,1,0,email_retargeting,repeat_customer
j_ba1b73fc36,u_70560fb09717,2023-12-03 12:58:58,55.25,2,13,paid_search_google,price_sensitive
j_4115a2ff0c,u_45ee52f208c5,2023-09-17 13:29:46,66.45,3,25,paid_social_instagram,price_sensitive
j_de871eabcd,u_9aace6d92f92,2023-04-01 23:13:55,69.95,3,9,paid_search_google,brand_aware_browser
j_a6a7d0c70a,u_27422cadedf8,2023-04-26 16:35:32,97.07,1,0,paid_social_instagram,high_intent_shopper
j_99c2a61d00,u_8da82f38810c,2023-07-11 06:32:00,184.92,2,0,display_programmatic,repeat_customer
j_85eea31d80,u_2bfa18311eb9,2023-06-03 02:29:23,69.81,1,0,paid_social_facebook,high_intent_shopper
j_e0c8e0f25a,u_2e050bc9551e,2023-05-10 19:54:52,35.87,3,5,email_newsletter,price_sensitive
j_365fa5baf3,u_819f572bb866,2023-12-02 12:54:17,204.83,1,0,paid_social_facebook,repeat_customer
j_6330d30210,u_a37111fae6da,2023-03-26 23:35:07,201.41,1,0,paid_search_google,high_intent_shopper
j_af2a6ebe03,u_4f68eb12d9f3,2023-07-18 22:28:47,161.6,1,0,paid_search_google,repeat_customer
j_c16637b7b3,u_e71093fae699,2023-07-21 22:13:21,62.17,2,22,influencer,high_intent_shopper
j_07f573efe6,u_3c84d7fc79ae,2023-10-20 12:35:07,98.56,4,22,direct,repeat_customer
j_9a1273b195,u_ee9a56d81221,2023-06-03 22:57:21,134.04,3,7,email_newsletter,high_intent_shopper
j_5f0b9f7d43,u_7cc50dc90ba8,2023-12-13 22:19:02,38.75,8,21,email_retargeting,brand_aware_browser
j_3b7d8a7ee5,u_78f633bae7ad,2023-02-20 13:03:09,55.04,4,19,organic_search_seo,high_intent_shopper
j_36b03201fc,u_344d63514afd,2023-11-21 22:30:14,151.09,1,0,paid_social_facebook,repeat_customer
j_2c5bf40a0e,u_477e37b412e3,2023-10-17 04:50:10,56.96,3,6,paid_search_google,price_sensitive
j_8473eec446,u_e681690f3bba,2023-10-16 19:54:04,36.47,1,0,influencer,high_intent_shopper
j_382564abbe,u_83eed4b4cb16,2023-01-30 05:06:44,78.83,1,0,paid_social_facebook,high_intent_shopper
j_0b5f1f1a45,u_f0a2878a0969,2023-09-25 02:11:22,128.11,2,10,paid_search_google,high_intent_shopper
j_2cfbd255ce,u_ef5cb27e3288,2023-04-01 05:20:52,117.08,1,0,influencer,high_intent_shopper
j_accbf08265,u_e1db93b77cbc,2023-02-17 16:58:47,105.47,6,18,paid_search_bing,repeat_customer
j_584b320df7,u_348205cf8c1b,2023-06-18 03:07:36,110.21,1,0,paid_social_instagram,repeat_customer
j_c88e2a993a,u_0b9ac13b46ae,2023-08-10 08:18:20,126.64,1,0,paid_social_facebook,high_intent_shopper
j_0d54611a99,u_372c7653f194,2023-09-12 08:05:04,83.31,2,8,paid_search_google,price_sensitive
j_e4712d4e34,u_3148195ea415,2023-11-24 06:26:42,104.32,2,19,email_retargeting,high_intent_shopper
j_219bcaf4ea,u_71e33c12c82a,2023-06-19 13:51:48,79.14,2,9,email_newsletter,repeat_customer
j_ccdcb0331b,u_52f073c612d3,2023-09-04 10:27:13,22.52,6,27,paid_social_instagram,brand_aware_browser
j_96daa9d721,u_cd866177663a,2023-07-25 15:49:45,46.04,3,19,email_retargeting,high_intent_shopper
j_efe0554bd2,u_1a59dee62c74,2023-06-19 09:14:45,122.09,1,0,influencer,high_intent_shopper
j_0ca1ad04fa,u_87d2acc957de,2023-08-12 22:20:27,110.35,2,2,paid_search_bing,repeat_customer
j_798f1d844f,u_9710999e2653,2023-05-25 05:04:49,135.82,1,0,paid_social_facebook,repeat_customer
j_6a702d7aa7,u_8d99e7334e56,2023-11-25 23:12:35,108.43,3,18,influencer,high_intent_shopper
j_3852b06d85,u_8ccc273d8c71,2023-11-08 20:26:59,73.06,2,8,paid_social_instagram,price_sensitive
j_e77f087138,u_edb7a5b21f92,2023-10-16 07:41:56,91.35,1,0,paid_social_facebook,repeat_customer
j_118624393c,u_7a4fad0be321,2023-11-10 23:38:06,62.5,4,17,paid_social_facebook,high_intent_shopper
j_c53dcb765f,u_3d673f62e4f9,2023-02-20 14:53:47,123.45,1,0,display_programmatic,high_intent_shopper
j_b3a1361fbd,u_d7fd01bde6d7,2023-03-23 20:22:34,149.01,1,0,email_newsletter,repeat_customer
j_e41a2e4699,u_a5ba57cbefac,2023-08-08 03:03:41,99.39,2,2,organic_search_seo,repeat_customer
j_e5479b9ac4,u_08dd863a54fd,2023-08-05 11:47:35,139.55,3,11,paid_social_facebook,high_intent_shopper
j_de097709b0,u_50345c36a5ac,2023-12-03 20:57:33,63.63,1,0,display_programmatic,high_intent_shopper
j_9af5ceba31,u_3652a9cb55cd,2023-06-24 16:19:15,139.73,6,19,paid_search_google,brand_aware_browser
j_69acab1a92,u_4760d226b32a,2023-11-08 15:20:28,25.29,8,26,paid_search_google,new_visitor
j_417488526b,u_c60b086c6ff2,2023-11-20 08:42:56,52.64,5,21,paid_search_google,new_visitor
j_d2554daeed,u_248eb2c6d36a,2023-11-16 10:36:21,55.4,4,23,paid_social_instagram,price_sensitive
j_5144f843a9,u_eff4842a5371,2023-11-03 10:32:34,138.62,1,0,paid_social_facebook,price_sensitive
j_120d22aba3,u_85209e972067,2023-05-11 05:24:03,139.87,4,22,paid_search_google,repeat_customer
j_1bf40483f9,u_af7e923e4678,2023-02-09 16:15:09,122.88,3,2,paid_social_instagram,high_intent_shopper
j_9e6a0e2b4f,u_a72ac24f5c0e,2023-08-23 00:29:09,96.7,1,0,display_programmatic,high_intent_shopper
j_2ab6716a93,u_be3e56071697,2023-02-18 19:37:11,42.03,2,19,display_programmatic,price_sensitive
j_a536337db2,u_13bc0d6770c3,2023-12-08 10:35:53,184.38,1,0,email_newsletter,repeat_customer
j_ad983861fe,u_6d4f0a3b9f54,2023-07-11 15:29:16,43.21,2,26,paid_search_bing,high_intent_shopper
j_92159191c0,u_1a5b0d9824af,2023-04-30 23:57:24,85.14,2,9,email_newsletter,price_sensitive
j_c5c6f1d1cb,u_70ecf5da7255,2023-09-07 02:42:01,46.73,4,10,email_newsletter,brand_aware_browser
j_e89d4e67d4,u_4a5865b7961d,2023-06-23 02:13:30,36.87,3,11,email_newsletter,price_sensitive
j_dcaf32ae1a,u_f5670e9d422f,2023-11-24 09:55:31,70.31,3,28,paid_search_bing,high_intent_shopper
j_fce712c989,u_3f50a91da01c,2023-12-01 11:55:24,136.57,1,0,email_newsletter,high_intent_shopper
j_883e94c257,u_75d8225dd0ca,2023-09-23 23:53:09,151.08,1,0,influencer,repeat_customer
j_3af4099388,u_272a31f91808,2023-07-02 12:51:12,58.47,2,9,paid_search_google,high_intent_shopper
j_4d77595b55,u_59b72a1ec53e,2023-06-19 21:10:26,69.71,7,21,display_programmatic,new_visitor
j_7b50ea083d,u_93a002496ae1,2023-09-07 01:39:40,76.83,3,2,direct,high_intent_shopper
j_7f6757e9f2,u_17433663f413,2023-02-07 00:22:45,71.55,3,8,paid_social_facebook,price_sensitive
j_73b5a83c8d,u_87d7cd06500c,2023-03-06 00:18:01,55.68,4,25,email_newsletter,new_visitor
j_c7ff3f588c,u_ef3fdc6bd399,2023-02-03 15:18:09,152.41,1,0,paid_social_instagram,repeat_customer
j_cb4c2bcc89,u_b4d8f3173196,2023-11-23 07:10:24,66.29,1,0,organic_search_seo,high_intent_shopper
j_f4cadfca3a,u_294178cf44cd,2023-06-25 03:46:38,42.52,6,23,paid_social_facebook,brand_aware_browser
j_67fd19043c,u_e7379dcbb744,2023-10-22 09:13:20,61.46,1,0,paid_social_instagram,repeat_customer
j_90c2930f22,u_9f2e2cacc08a,2023-04-30 16:07:28,146.18,1,0,paid_social_facebook,high_intent_shopper
j_bdfd5377e6,u_016e92ea1967,2023-04-29 19:07:14,70.47,2,0,paid_search_google,price_sensitive
j_fdcdb73c33,u_5173c1e5bb2f,2023-04-20 17:00:30,50.34,3,20,paid_social_instagram,brand_aware_browser
j_df13b9ec4c,u_731c06c67712,2023-10-02 20:28:10,53.07,9,25,paid_social_facebook,new_visitor
j_e2cd23be01,u_f76c2ef32214,2023-05-17 19:20:58,82.0,1,0,paid_search_google,high_intent_shopper
j_c994417310,u_2a87187ac9e9,2023-11-24 03:01:08,129.86,3,6,email_newsletter,brand_aware_browser
j_0b232a4fa3,u_b7f7c6dedb7d,2023-02-23 11:15:53,79.22,4,20,display_programmatic,brand_aware_browser
j_5fb1aa0fe7,u_8ee34194608e,2023-12-06 02:02:31,136.59,5,19,influencer,repeat_customer
j_9ca1f771af,u_3ded7aeff3af,2023-12-12 21:39:17,70.08,2,26,email_retargeting,high_intent_shopper
j_038b6ce5b4,u_5b16d0ca4a74,2023-06-27 17:12:22,125.33,1,0,paid_search_google,repeat_customer
j_f0d3ac3b63,u_c77b4fb32816,2023-03-04 01:01:44,98.34,4,24,email_newsletter,repeat_customer
j_1bc17f3d42,u_647ca8a0f413,2023-06-26 04:21:35,91.49,1,0,paid_social_facebook,price_sensitive
j_cdd4ddcc55,u_443b341049b7,2023-09-06 20:03:48,108.65,1,0,paid_social_instagram,high_intent_shopper
j_7666740c86,u_0944944915a2,2023-03-28 17:17:48,78.35,1,0,paid_social_instagram,repeat_customer
j_83f97e4d07,u_d00adfe6f152,2023-06-07 13:09:14,154.23,1,0,paid_social_facebook,repeat_customer
j_ac51050bef,u_be477a8cfc50,2023-10-17 02:47:00,50.47,5,25,paid_search_google,high_intent_shopper
j_cd86802476,u_2bc5c5b931a3,2023-11-04 21:57:14,58.98,1,0,paid_search_google,repeat_customer
j_4991d5c6d5,u_5482058fd7f6,2023-02-08 02:18:33,46.76,1,0,paid_social_facebook,high_intent_shopper
j_b2ce5b402f,u_92594636566e,2023-10-14 19:44:03,81.79,1,0,paid_social_facebook,high_intent_shopper
j_49cddcca72,u_e456be5d0964,2023-04-22 12:03:02,42.99,8,16,organic_search_seo,brand_aware_browser
j_002e627985,u_f235b92e9fe7,2023-09-30 13:01:47,63.04,2,20,paid_search_google,price_sensitive
j_8df1dcc22a,u_606758006ae7,2023-07-25 03:08:54,163.18,5,19,paid_search_google,new_visitor
j_b113c1878c,u_bf8f0520d8d1,2023-08-13 02:59:04,64.35,2,8,paid_search_google,high_intent_shopper
j_6647fa7d9f,u_af6e89aaed26,2023-09-21 12:40:09,125.93,1,0,paid_social_facebook,repeat_customer
j_14a355de93,u_b24e3dafb380,2023-06-07 12:30:12,96.23,1,0,influencer,repeat_customer
j_17506c6937,u_33a4c9dd9dbf,2023-02-01 19:37:47,127.86,1,0,paid_social_instagram,repeat_customer
j_cb5375215f,u_b5ee36421f5f,2023-05-26 07:18:27,84.34,2,1,paid_social_facebook,brand_aware_browser
j_74090c932d,u_2335b6f14be5,2023-12-12 17:56:13,43.03,2,20,paid_social_instagram,price_sensitive
j_a2e37c4466,u_76a42fa0bd7f,2023-09-01 03:38:32,137.81,3,8,email_retargeting,repeat_customer
j_aadeb4be40,u_fd521605f3df,2023-02-27 22:30:23,123.28,1,0,paid_social_instagram,repeat_customer
j_2c52b4f5d9,u_2fde308b1de8,2023-05-18 16:38:58,31.68,7,22,paid_search_google,brand_aware_browser
j_8e4852f73b,u_51e467d34654,2023-04-05 14:15:27,77.85,2,1,email_newsletter,high_intent_shopper
j_7cc38e198a,u_347cc620fde9,2023-04-12 06:05:32,73.2,6,26,direct,brand_aware_browser
j_69d07024c6,u_3f0db582ce32,2023-10-01 11:16:08,62.67,6,18,email_retargeting,brand_aware_browser
j_2450de0094,u_b6cf1473c7a4,2023-02-28 09:42:47,74.74,3,6,paid_search_google,repeat_customer
j_60456cd7a9,u_575f57bf5b83,2023-05-27 10:35:43,114.38,6,22,paid_search_google,price_sensitive
j_58bfed977a,u_803bb5177549,2023-11-05 18:15:31,189.64,1,0,paid_social_instagram,repeat_customer
j_6c9a636b23,u_9fafa1944d78,2024-01-03 13:46:12,159.04,1,0,email_retargeting,high_intent_shopper
j_9ec341fe49,u_eb50f8e106b4,2023-12-11 09:52:01,101.86,4,12,email_retargeting,high_intent_shopper
j_f497e14335,u_272bbca7ebc0,2023-06-28 13:55:24,52.94,1,0,influencer,price_sensitive
j_049a087f36,u_fd82a6b3d3ff,2023-12-16 23:04:09,89.25,3,26,paid_search_google,high_intent_shopper
j_a4eed38fd0,u_b13f811c4f14,2023-02-09 12:15:52,172.18,1,0,paid_social_facebook,repeat_customer
j_fd24c05df2,u_315ed83fbf59,2023-11-21 07:54:06,53.7,4,21,email_retargeting,price_sensitive
j_cad2ae1a0c,u_1cad7a030640,2023-07-31 18:44:20,85.22,1,0,paid_social_instagram,high_intent_shopper
j_44d046cf91,u_0585ce3e850f,2023-11-04 15:00:52,124.29,1,0,display_programmatic,repeat_customer
j_d5acb58af2,u_b7a4a74731dc,2023-12-09 16:25:10,82.84,3,14,paid_social_instagram,price_sensitive
j_7869a3c52a,u_5cbf167f2556,2023-08-20 20:53:26,149.05,3,17,paid_social_instagram,repeat_customer
j_9d22f49ffd,u_d1b339ac84ca,2023-01-14 23:46:51,139.88,2,9,direct,repeat_customer
j_08998ff89e,u_f928b0701b3c,2023-08-28 18:13:43,74.21,4,21,direct,new_visitor
j_2c82e2505e,u_75f0d6b1b6c4,2023-08-29 19:31:56,136.36,6,6,paid_search_google,new_visitor
j_3980132809,u_825ece7d98c2,2023-03-26 08:28:39,64.3,5,28,email_retargeting,brand_aware_browser
j_460eb715a8,u_ea62042d2fbd,2023-11-06 16:30:24,42.14,3,15,email_retargeting,price_sensitive
j_19668659aa,u_f93c16965f5d,2023-09-17 18:12:36,48.2,6,25,paid_social_instagram,price_sensitive
j_200b98374f,u_db9b1a43e4f0,2023-04-05 17:50:05,94.04,1,0,paid_social_instagram,repeat_customer
j_6758df374e,u_628b67026bc9,2023-04-06 17:14:33,68.37,2,6,paid_search_google,repeat_customer
j_f2cefded0e,u_ad6324711765,2023-05-21 05:56:44,53.63,5,26,paid_social_facebook,brand_aware_browser
j_79082bf686,u_8b2aed68b828,2023-06-24 06:34:41,110.58,3,13,email_newsletter,high_intent_shopper
j_c3f5d821ce,u_2af40b4305e8,2023-08-03 04:49:04,112.69,7,22,paid_search_bing,price_sensitive
j_45fd946cfc,u_4f35e4a25408,2023-10-02 17:02:05,107.58,1,0,paid_search_google,high_intent_shopper
j_c45009e955,u_2b4754327126,2023-08-01 21:46:37,60.88,3,18,email_newsletter,brand_aware_browser
j_0a0d83d40a,u_7a10ac8748fd,2023-11-10 06:40:01,38.47,4,3,email_retargeting,price_sensitive
j_dd08742544,u_eb22183c1683,2023-10-26 08:22:20,40.53,5,24,paid_search_google,new_visitor
j_92f985b866,u_333c3eecdec1,2023-08-20 14:44:22,76.97,7,20,display_programmatic,brand_aware_browser
j_0b2dcf314e,u_b27f0b7bb639,2023-04-01 04:14:48,248.91,1,0,display_programmatic,repeat_customer
j_a81ecfc46f,u_6cd68d778a4b,2023-03-18 09:04:07,188.98,3,17,email_newsletter,repeat_customer
j_4ec049f40e,u_fe2a34b755b2,2023-03-26 16:20:59,87.27,2,1,paid_social_facebook,high_intent_shopper
j_a31365ee58,u_c6a1e46feb2e,2023-02-26 00:54:37,101.85,4,23,paid_social_facebook,high_intent_shopper
j_cbe2b8b6e7,u_6b408e31a18f,2023-05-25 22:31:13,114.81,2,13,paid_search_google,high_intent_shopper
j_a22d1fa199,u_7b80cf5ab38e,2023-09-14 08:30:52,204.64,1,0,paid_search_google,repeat_customer
j_6eee560fa1,u_c5b0be0d5893,2023-07-30 07:48:38,61.95,3,10,paid_social_instagram,brand_aware_browser
j_034ca91a8b,u_56778155aa18,2023-10-02 13:37:58,86.24,3,23,paid_search_google,new_visitor
j_474a5748fb,u_5edcbc3b3986,2023-09-03 15:32:36,44.76,1,0,organic_search_seo,new_visitor
j_5ded23538d,u_71ac6c6ca5e1,2023-07-12 16:05:42,63.98,3,25,email_retargeting,high_intent_shopper
j_bf5e3ddf68,u_00531f4c428f,2023-12-08 02:36:20,110.8,9,25,paid_search_google,brand_aware_browser
j_a9388ca51d,u_73b428ff8a38,2023-12-10 01:08:19,88.36,1,0,email_newsletter,repeat_customer
j_ddab173043,u_5ae53144b9c4,2023-04-08 21:16:57,85.03,4,16,email_newsletter,high_intent_shopper
j_91c12ad05c,u_2ca29134e2c2,2023-11-13 21:57:11,109.76,4,26,paid_search_google,high_intent_shopper
j_3acd4f5321,u_152263d3d99f,2023-04-02 15:49:33,101.0,4,21,paid_social_instagram,price_sensitive
j_5b279352d1,u_bbc81358a688,2023-07-09 15:04:48,71.74,1,0,influencer,repeat_customer
j_0382d3eedb,u_f8c941d7a676,2023-10-12 01:54:42,133.8,2,5,email_retargeting,repeat_customer
j_260e5d357c,u_569dd9756387,2023-11-14 23:23:34,119.65,1,0,paid_social_instagram,repeat_customer
j_80fc8475bd,u_fa6577b65937,2023-09-01 06:49:18,40.17,5,14,paid_social_instagram,new_visitor
j_4db2a178da,u_d13b5e463b90,2023-09-01 02:42:58,130.7,1,0,paid_social_facebook,repeat_customer
j_5f97c04a0d,u_d6413bd6e98d,2023-05-23 00:07:22,96.86,1,0,paid_social_instagram,repeat_customer
j_401370b7ca,u_5b9af0233777,2023-06-20 16:41:54,57.02,7,26,paid_search_bing,new_visitor
j_c3800b457e,u_da2cf6c8bf17,2023-08-16 00:32:25,296.95,3,13,paid_search_google,high_intent_shopper
j_902b4cdebc,u_68bc8445a9b6,2023-12-18 11:41:47,86.76,2,7,direct,high_intent_shopper
j_2b8110ca7b,u_ceea4682f5ec,2023-06-05 15:16:54,110.3,3,12,email_newsletter,high_intent_shopper
j_1ed3fcf756,u_10bc0458be1d,2023-04-13 18:41:31,53.94,7,14,email_newsletter,price_sensitive
j_bd5c056fef,u_06968cf7a409,2023-12-28 14:54:49,109.03,1,0,display_programmatic,high_intent_shopper
j_f52b562500,u_bfeca43a86c6,2023-10-23 12:38:41,169.12,4,23,email_newsletter,repeat_customer
j_89b20d7f43,u_a928588c6c7e,2023-09-08 21:16:47,107.51,2,1,paid_search_bing,high_intent_shopper
j_1a87900061,u_7454624682f0,2023-06-21 15:02:11,91.3,3,10,paid_social_instagram,high_intent_shopper
j_c4d36d9d22,u_7cd43989a501,2023-06-29 23:10:33,44.95,6,18,paid_search_google,new_visitor
j_55b354ec9b,u_360cbf4572bf,2023-05-20 01:41:15,38.14,3,13,paid_social_instagram,high_intent_shopper
j_c3a43bf12d,u_2e22a66a6a5b,2023-04-07 06:25:05,248.82,4,25,paid_search_google,new_visitor
j_dc4e6a2b82,u_148d5e6df588,2023-08-16 22:49:14,33.39,3,22,email_newsletter,price_sensitive
j_6552ab1c25,u_08a7b0146947,2023-09-07 08:33:07,167.87,2,17,email_newsletter,repeat_customer
j_63c2df9a8e,u_38615370ff0c,2023-11-22 15:20:45,392.36,2,10,paid_search_bing,repeat_customer
j_26bf898de8,u_3fb339c8616a,2023-05-15 06:00:34,92.65,2,2,paid_social_facebook,brand_aware_browser
j_3c74556051,u_2197df394793,2023-04-10 01:32:18,59.77,5,19,paid_search_google,brand_aware_browser
j_0c2c79a949,u_e2e8c1671c88,2023-12-10 11:26:49,101.03,2,22,organic_search_seo,high_intent_shopper
j_406f84b87b,u_39c2d91d153b,2023-07-10 19:06:00,99.64,2,5,direct,high_intent_shopper
j_90364820f6,u_8a5257f375d7,2023-11-26 09:35:15,93.31,3,10,direct,price_sensitive
j_bead9a655b,u_432de20e21d6,2023-04-20 17:22:05,143.76,3,26,paid_search_google,high_intent_shopper
j_5b8dcee166,u_d695f2eee5d4,2023-04-25 01:11:23,99.83,1,0,email_retargeting,high_intent_shopper
j_f05632e48e,u_2734f09ef32a,2023-10-21 07:04:06,151.84,5,10,paid_search_bing,repeat_customer
j_445664a536,u_80104714c0c2,2023-04-21 04:23:29,36.11,1,0,organic_search_seo,price_sensitive
j_56abdc2ab9,u_3397c59e2f1d,2023-06-05 13:51:21,188.81,1,0,paid_social_facebook,repeat_customer
j_22c5873cb9,u_504264452aa6,2023-01-28 16:11:06,161.65,1,0,influencer,high_intent_shopper
j_4d6e79d99c,u_ac913983257f,2023-11-27 12:11:51,61.32,1,0,display_programmatic,repeat_customer
j_cd75282c26,u_3f0ff2baaaab,2023-12-10 14:17:24,30.45,1,0,email_newsletter,price_sensitive
j_948a2b9a2c,u_cef0e9484432,2023-05-22 09:33:20,66.9,5,24,email_newsletter,price_sensitive
j_5a4cb54ad0,u_2aaf6ed161bd,2023-08-23 05:28:03,81.49,4,23,email_retargeting,repeat_customer
j_951248d0a0,u_cca85f4c05e4,2023-02-23 04:21:46,73.55,3,11,paid_search_google,high_intent_shopper
j_357fdef6d2,u_14003ecb0093,2023-06-13 14:12:52,135.69,1,0,display_programmatic,repeat_customer
j_6ac74ef303,u_103855e5609b,2023-02-17 19:53:59,57.03,6,25,organic_search_seo,new_visitor
j_dda619ed58,u_6d45aa7e5c2f,2023-06-26 19:24:46,108.91,2,13,paid_social_facebook,repeat_customer
j_cc02e3fbf6,u_528138ad7384,2023-09-16 15:45:24,90.2,1,0,display_programmatic,high_intent_shopper
j_444d1d1b2f,u_a8797a68dc69,2023-05-31 09:01:00,100.48,10,23,email_retargeting,new_visitor
j_e1414bf087,u_dc0ff08e0af4,2023-11-02 07:46:03,62.14,1,0,display_programmatic,high_intent_shopper
j_a31193cb97,u_fdb8fbcc6607,2023-05-04 22:34:10,77.76,7,26,paid_social_instagram,brand_aware_browser
j_ddde196bad,u_ce5bb34a946c,2023-02-06 00:39:18,57.99,2,6,paid_social_instagram,brand_aware_browser
j_86713f7913,u_18032cd230d4,2023-07-12 10:59:02,66.76,2,0,paid_search_google,price_sensitive
j_f5bea8cf1d,u_d694492a21cd,2023-06-18 05:20:18,101.35,1,0,paid_social_facebook,high_intent_shopper
j_3eab17c070,u_76be54feaa19,2023-10-14 08:14:48,205.64,1,0,paid_social_facebook,repeat_customer
j_911e2a7254,u_7ded4ea65bdd,2023-11-07 18:26:29,74.82,3,14,paid_social_facebook,high_intent_shopper
j_49edb45dca,u_7a05c8dd5e0c,2023-08-06 15:39:13,63.34,3,7,paid_social_facebook,brand_aware_browser
j_11dfc1710e,u_c6b21b4f959b,2023-07-22 02:22:07,140.24,4,5,display_programmatic,price_sensitive
j_e8c476b429,u_0c0f5f0bd4c1,2023-11-01 06:19:27,82.28,7,17,email_newsletter,new_visitor
j_542d2fb106,u_fe8cb316c4f5,2023-06-17 15:20:48,74.12,2,12,paid_social_instagram,price_sensitive
j_5b3a621297,u_accc231b9efd,2023-09-27 15:41:49,28.64,1,0,paid_search_google,high_intent_shopper
j_5b0c29fad9,u_71cdd9a1ca66,2023-07-17 22:16:57,180.56,1,0,paid_social_facebook,repeat_customer
j_6bdcdb114d,u_b63f6895354b,2023-11-13 11:51:47,159.48,1,0,paid_search_google,repeat_customer
j_32e64dac9e,u_0ccc9c718df0,2023-11-09 20:16:28,35.68,1,0,paid_social_facebook,new_visitor
j_a715c2b56b,u_2d620bbd1981,2023-07-27 09:23:35,105.4,5,14,paid_search_google,high_intent_shopper
j_e987fd678a,u_0559d8af681d,2023-05-08 21:34:51,59.83,2,5,email_retargeting,high_intent_shopper
j_9640891660,u_6f27d2b61d38,2023-09-10 18:30:55,28.51,2,4,email_newsletter,price_sensitive
j_fc6a03f0a2,u_2c1d89ac525e,2023-02-14 17:38:35,124.88,1,0,display_programmatic,repeat_customer
j_3caf7cee3c,u_2ab7462141c1,2023-02-17 00:46:41,119.34,1,0,influencer,high_intent_shopper
j_40dde99dd5,u_d1adc2af570c,2023-10-18 18:21:21,146.59,1,0,paid_social_instagram,repeat_customer
j_0e4979a0aa,u_178761e27f6c,2023-04-16 12:47:45,66.13,3,20,email_newsletter,high_intent_shopper
j_315c4f1269,u_dd974af2d3d1,2023-11-04 19:16:46,82.14,6,23,email_newsletter,new_visitor
j_8009869675,u_73688cc9df1e,2023-06-26 08:44:18,82.75,6,16,paid_search_google,new_visitor
j_69adcb9f44,u_f4e45c16bd52,2023-04-13 18:52:26,210.43,5,25,paid_search_google,repeat_customer
j_8d5869092f,u_1d2735a96a3f,2023-09-03 20:07:28,35.57,4,21,display_programmatic,price_sensitive
j_6f7acbef20,u_484bebe72124,2023-08-25 21:05:40,33.82,5,13,display_programmatic,price_sensitive
j_6b4db1e6a7,u_2347826a2805,2023-03-03 15:39:21,42.41,1,0,organic_search_seo,price_sensitive
j_9a40c9d3d9,u_8813705e875f,2023-05-19 20:01:31,135.75,3,3,paid_search_google,high_intent_shopper
j_e5fcf22ce4,u_a698ec24a7bc,2023-03-27 03:40:25,171.22,2,5,paid_search_google,repeat_customer
j_bb722ac47a,u_92dc58b2d713,2023-10-21 10:00:19,149.14,4,1,email_newsletter,repeat_customer
j_0e7a7b9e89,u_fee0d17d41a0,2023-05-19 13:22:09,120.53,2,1,paid_social_facebook,high_intent_shopper
j_a75eced2ad,u_5f021d3d2433,2023-12-21 03:30:53,60.6,3,14,paid_search_google,high_intent_shopper
j_85e1c1cb72,u_c77fdc469fbf,2023-06-04 22:17:35,250.75,2,11,paid_search_google,repeat_customer
j_5351bff711,u_67ab98be9464,2023-02-21 06:43:27,58.18,1,0,display_programmatic,repeat_customer
j_1ea0b68dbe,u_46927486b730,2023-08-21 15:42:36,352.08,2,6,paid_social_facebook,high_intent_shopper
j_9a9141ea2c,u_5579114adade,2023-03-21 21:55:08,99.26,1,0,paid_social_instagram,high_intent_shopper
j_c064b07de5,u_a5d11fa04d54,2023-03-06 18:45:46,112.18,1,0,paid_social_instagram,repeat_customer
j_bf7d07462f,u_e74363d1cbb3,2023-04-15 20:25:51,72.83,3,7,paid_search_bing,high_intent_shopper
j_9f73218c29,u_a2e4024cf773,2023-05-22 00:27:02,66.98,1,0,paid_social_instagram,high_intent_shopper
j_4ea4038341,u_30341efbc8ce,2023-06-13 03:28:20,153.65,1,0,organic_search_seo,high_intent_shopper
j_c715bd076c,u_be14918702b3,2023-02-28 22:17:00,53.52,1,0,paid_search_google,brand_aware_browser
j_13f97160ba,u_9242870c0370,2023-02-19 17:14:53,96.53,1,0,email_newsletter,brand_aware_browser
j_de059494eb,u_d7488cfaeb3c,2023-04-25 14:25:59,100.69,1,0,organic_search_seo,high_intent_shopper
j_328700eb9b,u_e5a454f682e1,2023-07-11 09:52:24,174.36,3,15,display_programmatic,high_intent_shopper
j_0b6b1fea84,u_30da751dfa66,2023-08-08 07:23:12,42.72,4,22,paid_search_bing,price_sensitive
j_b9c12397df,u_5a31898a8bfa,2023-08-31 19:01:09,331.57,1,0,email_newsletter,repeat_customer
j_2f6f94e7c6,u_1f35cd18a9d4,2023-07-12 02:19:31,321.09,2,13,paid_search_google,repeat_customer
j_393a49ecd2,u_a05dc61a6b5b,2023-12-10 00:38:25,66.51,1,0,email_newsletter,repeat_customer
j_87b8ff1b5c,u_e0e673ba47d0,2023-11-23 21:52:17,29.05,3,21,paid_search_bing,price_sensitive
j_30368954c8,u_b8bc1888ae4e,2023-03-17 12:42:20,101.4,2,13,email_retargeting,high_intent_shopper
j_8b6da86ec0,u_5b89fdbadf78,2023-03-17 02:28:15,65.0,1,0,paid_social_facebook,price_sensitive
j_b4c03d7eec,u_cdfedadc55e3,2023-08-08 03:38:38,231.47,2,19,paid_search_google,high_intent_shopper
j_aae331b4e5,u_8e654fdbdb3e,2023-09-17 09:38:12,51.05,1,0,organic_search_seo,high_intent_shopper
j_e8c4d7b60e,u_0643f61a3967,2023-11-14 18:26:35,65.91,2,10,direct,price_sensitive
j_b9daa609c1,u_dacaa988bc7d,2023-10-14 04:17:52,134.87,2,1,email_retargeting,high_intent_shopper
j_45f06a9f88,u_fb0fb1e57aa0,2023-11-17 07:23:51,49.43,1,0,paid_social_instagram,high_intent_shopper
j_3cd9f01f6a,u_d237b18b7fb5,2023-12-02 09:50:56,333.11,6,24,paid_social_instagram,repeat_customer
j_ad590ddba9,u_f03d30badd67,2023-03-30 16:22:30,79.05,1,0,paid_social_facebook,high_intent_shopper
j_94449dcff7,u_06a61009e4ca,2023-02-25 04:21:48,187.06,2,8,paid_search_google,repeat_customer
j_ad6712cd69,u_72f463686006,2023-06-28 17:46:31,52.15,8,20,paid_social_instagram,brand_aware_browser
j_9ee4b0e93a,u_527aa0b88504,2023-06-25 17:45:49,76.81,1,0,paid_social_facebook,repeat_customer
j_86ff66b387,u_8767a119c421,2023-02-24 11:14:29,40.72,1,0,paid_social_facebook,high_intent_shopper
j_a40157292b,u_3e1997ef8c80,2023-04-21 19:09:06,25.84,3,13,display_programmatic,price_sensitive
j_528281ab84,u_c7404c6b38a9,2023-03-02 03:29:04,186.0,4,19,paid_social_facebook,high_intent_shopper
j_0f7a6a0cf3,u_aa4dddf1f547,2023-11-15 07:59:53,161.12,1,0,paid_social_instagram,repeat_customer
j_192febda18,u_861b28224c4c,2023-03-10 20:53:33,91.51,1,0,display_programmatic,high_intent_shopper
j_e1b1dab544,u_677206969042,2023-07-13 17:24:59,77.56,1,0,organic_search_seo,high_intent_shopper
j_97ddb33211,u_1be8f6b73afa,2023-11-06 16:12:01,53.21,2,0,paid_search_google,brand_aware_browser
j_7b8fb43a79,u_43094269b52d,2023-08-16 09:54:50,51.47,3,9,paid_search_google,brand_aware_browser
j_c312cf4943,u_5fd838da9cdd,2023-05-19 17:54:32,56.55,1,0,paid_social_facebook,high_intent_shopper
j_85211bb2e0,u_1871db13e9c6,2023-10-18 08:06:11,77.89,2,24,paid_search_google,brand_aware_browser
j_8e1b85a16c,u_adac4eb0ec61,2023-10-21 09:45:49,168.19,3,11,paid_social_instagram,repeat_customer
j_a0376a4b62,u_b6d705e1c792,2023-06-04 21:02:58,104.84,1,0,display_programmatic,high_intent_shopper
j_1b79b911d1,u_d0fccad19363,2023-06-03 17:59:32,88.61,1,0,paid_social_instagram,high_intent_shopper
j_fc690f2930,u_5a638f95efae,2023-08-19 18:12:00,42.62,1,0,paid_social_facebook,high_intent_shopper
j_3040e8f452,u_97666e845ce7,2023-11-05 04:23:19,94.79,1,0,paid_social_instagram,repeat_customer
j_87f5996e0b,u_ef6bee895da4,2023-05-02 04:52:52,109.64,3,10,email_retargeting,new_visitor
j_f167b33bbf,u_7335a2376afd,2023-02-20 21:02:42,32.47,6,16,influencer,price_sensitive
j_f8e19f8def,u_8d8401653324,2023-09-25 02:07:02,116.14,4,25,paid_search_google,high_intent_shopper
j_fdeaa87bf3,u_436c8c504ca6,2023-03-13 20:35:35,44.39,2,24,paid_social_facebook,new_visitor
j_85886b1748,u_47a6d2d62f31,2023-10-17 09:23:12,126.84,1,0,paid_search_google,repeat_customer
j_0ea2171e28,u_2c67b66cad74,2023-02-22 00:18:08,97.62,10,26,paid_search_google,new_visitor
j_e9df7eafc2,u_45114c3d181b,2023-05-31 01:59:06,67.91,3,3,email_newsletter,repeat_customer
j_8332bd6242,u_ae16525fdbc5,2023-10-24 03:26:35,86.64,5,15,paid_social_facebook,brand_aware_browser
j_b95dffea6f,u_9bfa0ed3a19c,2023-03-11 04:39:22,90.78,6,17,email_newsletter,new_visitor
j_2e3eb20dc0,u_ed4faf7fef47,2023-08-21 10:45:42,48.07,3,11,email_newsletter,brand_aware_browser
j_0f10a6e26c,u_45a50c113731,2023-03-13 13:20:22,81.22,2,4,email_newsletter,repeat_customer
j_1cf97923a1,u_82c5fe5717d6,2023-11-24 04:47:23,255.51,1,0,email_retargeting,repeat_customer
j_f0b9144503,u_7c2297ecee42,2023-03-09 09:21:04,125.75,1,0,email_retargeting,repeat_customer
j_c6c188f30c,u_14ce2eed993f,2023-01-28 00:51:12,169.71,5,20,paid_social_instagram,high_intent_shopper
j_152830cf6a,u_65d8e616eea3,2023-10-30 14:18:55,45.8,5,18,paid_social_instagram,new_visitor
j_2973031aa4,u_c950d18c8375,2023-03-26 10:00:58,41.68,2,1,email_newsletter,high_intent_shopper
j_9f140926d3,u_17e5f8c4735e,2023-03-17 20:49:23,85.51,1,0,display_programmatic,price_sensitive
j_e6fe23c32f,u_cc73de1233d8,2023-11-22 09:33:43,118.95,3,27,paid_search_google,repeat_customer
j_08972c4860,u_a18db430a0e7,2023-06-20 11:43:21,64.44,5,14,influencer,brand_aware_browser
j_86d9ccbe34,u_bfecd218209c,2023-02-23 12:43:16,141.55,3,28,organic_search_seo,high_intent_shopper
j_15c0508502,u_94f133978f81,2023-07-24 09:10:16,142.58,1,0,email_newsletter,repeat_customer
j_cc7eeae313,u_b67935befa85,2023-05-30 02:28:29,61.97,4,23,paid_search_google,brand_aware_browser
j_ccfc311041,u_d1407ab57b2d,2023-07-31 01:38:27,23.53,1,0,paid_search_bing,price_sensitive
j_754b2ed71c,u_1e15c8fff0e6,2023-11-29 21:14:45,94.6,1,0,paid_social_facebook,repeat_customer
j_1aacdf04c8,u_4259d056daec,2023-12-25 09:19:48,110.3,7,16,paid_search_google,repeat_customer
j_22f1b20e4a,u_fe728858c48b,2023-04-18 04:57:43,50.85,1,0,paid_social_instagram,high_intent_shopper
j_0340eb7ea8,u_796c5e059377,2023-09-23 01:38:40,74.61,3,6,influencer,high_intent_shopper
j_134bdf1b0b,u_c454768f1de6,2023-08-15 09:40:41,73.23,7,21,paid_search_google,high_intent_shopper
j_5141ab2142,u_d7f219f6b9a3,2023-05-05 14:09:23,440.14,1,0,email_newsletter,repeat_customer
j_5187ea1ea0,u_59baf49e5c52,2023-09-19 22:52:48,152.73,1,0,paid_social_facebook,repeat_customer
j_c41bb36c58,u_f2d1d4ae2cb4,2023-06-05 06:21:35,162.92,3,15,email_newsletter,repeat_customer
j_87860520b7,u_52461ce7626c,2023-12-21 10:28:26,219.24,3,3,email_retargeting,high_intent_shopper
j_9128501103,u_1f8b5e0d787e,2023-01-30 19:23:41,104.39,2,11,paid_search_google,high_intent_shopper
j_6f2feed31c,u_347a4db51428,2023-11-30 11:11:29,111.18,3,15,email_retargeting,brand_aware_browser
j_89bb46670a,u_e69f21ecfafd,2023-10-24 23:05:21,295.73,1,0,paid_social_facebook,repeat_customer
j_648b7256a6,u_82f81ca1d68e,2023-06-03 08:06:46,181.28,1,0,display_programmatic,repeat_customer
j_f0411d6624,u_f4680b5be571,2023-08-17 02:25:47,62.29,4,18,email_newsletter,price_sensitive
j_dabc23020c,u_b2f4c3e7aa25,2023-09-05 10:09:49,134.74,5,20,email_newsletter,high_intent_shopper
j_80da5a2450,u_76adc2fe71a5,2023-02-20 20:51:30,108.32,1,0,display_programmatic,high_intent_shopper
j_b8ecf4cb6f,u_6e92eff72621,2023-04-13 09:32:27,42.9,4,14,paid_search_google,brand_aware_browser
j_4b0eaeca5e,u_d197a5f3ae25,2023-03-20 22:03:45,82.3,3,2,paid_search_google,repeat_customer
j_db4c8cd132,u_8bb3e9b486aa,2023-06-01 11:26:11,127.37,2,21,paid_search_google,repeat_customer
j_f9c229cc53,u_2cec453efd1c,2023-07-03 03:51:53,95.08,6,26,paid_search_bing,brand_aware_browser
j_54d9e26ddd,u_8e71733d2a94,2023-06-06 07:13:39,102.57,2,6,organic_search_seo,high_intent_shopper
j_b64fe66f15,u_fa8aeda72559,2023-08-18 13:19:34,46.1,8,23,paid_search_google,brand_aware_browser
j_fd5ec1e0a6,u_7a9b3a8e0474,2023-05-20 02:24:32,291.92,2,14,paid_search_google,high_intent_shopper
j_0af82cd894,u_c8917b79aa62,2023-01-29 23:24:33,63.11,3,27,email_newsletter,repeat_customer
j_4120d9e8be,u_48ebdd019f74,2023-11-16 23:48:48,120.25,6,28,email_newsletter,brand_aware_browser
j_37a9a8d225,u_b7f10ac48610,2023-07-06 01:02:51,132.74,1,0,display_programmatic,high_intent_shopper
j_250a702dbc,u_664e33a65216,2023-12-15 01:36:08,161.79,1,0,paid_search_bing,high_intent_shopper
j_4732e3dc00,u_0959d66590f8,2023-11-19 16:42:04,46.71,1,0,paid_search_google,high_intent_shopper
j_1ac07b37ae,u_0ae8f075fb29,2023-11-03 01:06:35,78.33,1,0,paid_social_instagram,high_intent_shopper
j_167c8b9873,u_8f35c0d7caeb,2023-04-27 13:05:07,70.57,1,0,influencer,price_sensitive
j_ce491e5e66,u_f519d96bbdb2,2023-10-23 19:53:04,85.71,3,26,paid_social_facebook,repeat_customer
j_191642f70c,u_144458ee93ed,2023-12-19 19:39:07,171.13,5,26,display_programmatic,repeat_customer
j_66989b6f24,u_065d54cdd172,2023-09-13 23:34:55,132.13,3,10,paid_social_instagram,repeat_customer
j_1572426cd1,u_dd0f0a660a43,2023-06-23 01:25:21,175.0,3,12,paid_search_google,high_intent_shopper
j_8c15981c67,u_6f9cf428d02d,2023-09-25 14:33:41,51.71,6,20,paid_search_google,new_visitor
j_3763b54dbe,u_303470685a5f,2023-04-20 10:03:46,49.78,5,22,organic_search_seo,brand_aware_browser
j_d338bc23cc,u_830b5d208fb2,2023-07-07 07:52:02,58.5,4,10,paid_social_facebook,brand_aware_browser
j_f517d453d7,u_7b589725b872,2023-02-28 23:14:22,62.84,1,0,paid_social_facebook,high_intent_shopper
j_40f534b5f5,u_79331e20c1f8,2023-03-22 07:17:49,58.73,6,22,influencer,brand_aware_browser
j_cf0c6b1a46,u_324eb3fefc5c,2023-10-23 04:50:54,64.21,2,20,paid_social_instagram,new_visitor
j_af1977f507,u_b25056eb81e1,2023-12-18 09:23:11,93.75,10,24,paid_search_google,new_visitor
j_7656bb8456,u_f27b4d41f356,2023-05-08 11:37:55,106.24,1,0,paid_social_facebook,high_intent_shopper
j_6120188561,u_7dd065bb1c0f,2023-11-15 13:21:03,94.9,3,18,direct,brand_aware_browser
j_714c5fdae7,u_d1e8ee73bde4,2023-09-09 04:02:18,75.43,4,12,email_retargeting,high_intent_shopper
j_c743cccf74,u_4e66428c5c2e,2023-05-22 07:35:42,107.44,5,25,paid_search_bing,brand_aware_browser
j_35d6165fe8,u_ff2e02805adf,2023-12-03 08:32:05,29.34,4,23,influencer,price_sensitive
j_417b7033ca,u_de7eec916b3b,2023-08-03 13:38:18,131.76,4,15,email_newsletter,brand_aware_browser
j_819a606700,u_5303fc4d510b,2023-09-05 20:36:51,76.8,3,8,paid_social_facebook,brand_aware_browser
j_46f36df25d,u_4b0f21bf2ce3,2023-10-10 00:28:57,91.68,3,12,paid_social_instagram,high_intent_shopper
j_a6527974b3,u_3fcb1f601772,2023-06-13 23:24:38,81.81,5,27,paid_search_google,price_sensitive
j_409bc0fdaa,u_80d6baad81e2,2023-08-22 08:36:23,72.98,3,11,display_programmatic,high_intent_shopper
j_6c8ac78cf1,u_0f4e62fc5715,2023-11-19 02:51:16,53.48,5,20,influencer,brand_aware_browser
j_539828e739,u_1fa17b18c53e,2023-04-01 22:40:50,60.4,2,2,paid_social_instagram,price_sensitive
j_9be0b18ef2,u_0f4d63c00418,2023-08-14 12:11:38,46.16,3,18,email_retargeting,price_sensitive
j_3add9804a1,u_0b03666db1b3,2023-12-08 20:38:03,254.22,2,16,display_programmatic,repeat_customer
j_8040243b33,u_fd475f7cbfb2,2023-11-20 22:34:17,125.35,2,1,paid_search_google,high_intent_shopper
j_c7e693576e,u_45221ff6baff,2023-10-08 06:42:03,123.13,1,0,paid_search_google,repeat_customer
j_2e1fcaa6ce,u_5aa4e9156c49,2023-09-05 03:44:49,111.23,2,19,paid_search_google,high_intent_shopper
j_881922daaf,u_39eb249ec8f3,2023-04-28 18:31:44,139.45,1,0,paid_social_instagram,repeat_customer
j_e446ba4e06,u_51c051ae9448,2023-08-22 15:24:21,123.54,1,0,organic_search_seo,high_intent_shopper
j_853fe92206,u_d6e34d5d699e,2023-11-22 10:10:44,104.82,1,0,email_retargeting,repeat_customer
j_0f0b22fc98,u_6ffe29f232d7,2023-09-28 08:50:34,165.42,3,17,paid_search_bing,high_intent_shopper
j_c06f7b2f7b,u_082ef3310607,2023-04-30 00:50:07,31.65,4,21,email_newsletter,new_visitor
j_1b82cf72ea,u_e0ce075852f8,2023-03-11 04:46:51,261.05,3,17,paid_search_google,repeat_customer
j_543ab14031,u_8da453f11180,2023-08-27 21:09:24,118.87,3,11,paid_search_google,repeat_customer
j_90bc1a3f69,u_489d30f76acc,2023-08-05 18:33:20,64.77,3,2,paid_social_facebook,high_intent_shopper
j_906bcf91bf,u_2d8eb2f52547,2023-12-07 10:27:26,58.4,3,26,email_newsletter,new_visitor
j_1d746a29e5,u_c49ae01a3e4f,2023-10-24 00:32:14,48.69,5,18,direct,new_visitor
j_c7060a1a1c,u_e76f078fdac3,2023-03-30 15:45:35,162.36,6,26,paid_search_bing,new_visitor
j_2438215024,u_3499a7abad53,2023-07-19 01:52:45,42.74,11,24,paid_social_facebook,new_visitor
j_c18b5679c9,u_80776e1b4145,2023-12-07 23:06:33,86.03,3,22,email_newsletter,high_intent_shopper
j_72d40eb482,u_7aa56e939071,2023-05-09 14:21:47,66.17,5,16,paid_search_bing,brand_aware_browser
j_189c987e35,u_60a1dddff6bb,2023-07-13 19:31:15,125.85,1,0,paid_search_bing,high_intent_shopper
j_16527d6a94,u_48e7c76d2085,2023-05-01 02:55:53,176.86,1,0,paid_social_facebook,high_intent_shopper
j_1c8c440ddb,u_719087a320bb,2023-05-25 12:06:35,46.77,9,25,email_retargeting,new_visitor
j_f8029cc06c,u_1dc72ce84c00,2023-09-28 17:13:34,45.54,3,21,email_retargeting,brand_aware_browser
j_1be77c62bd,u_dce45afebe3f,2023-11-09 12:42:25,23.52,4,23,display_programmatic,price_sensitive
j_b2974487d0,u_a0318ae64ba4,2023-12-20 10:38:25,88.53,2,26,paid_search_bing,high_intent_shopper
j_c42026389d,u_fe183373d2d8,2023-08-15 18:52:01,22.66,5,21,paid_search_bing,price_sensitive
j_064d21950d,u_9e86f28ca7e9,2023-01-24 17:04:44,48.52,1,0,paid_search_google,price_sensitive
j_246f9e9d4c,u_3a93cca7ad69,2023-10-25 02:45:05,147.46,4,23,direct,high_intent_shopper
j_bfc0f9d280,u_baf9ee5aa955,2023-04-23 09:39:42,73.39,7,18,email_newsletter,high_intent_shopper
j_e0ff97d966,u_f9d9022d3e7b,2023-02-16 21:20:03,115.6,3,15,paid_social_facebook,repeat_customer
j_24e68eaf60,u_67ed6550fb73,2023-05-09 14:49:26,113.2,1,0,paid_search_google,repeat_customer
j_72e17689e8,u_7564b66d62c1,2023-11-14 20:54:33,46.36,9,25,paid_social_facebook,new_visitor
j_c93e2eef5e,u_a7174dc51028,2023-11-02 05:33:30,142.05,2,7,email_newsletter,repeat_customer
j_88840408da,u_7ee9b69a7bf1,2023-10-23 22:14:42,131.98,3,6,paid_search_google,high_intent_shopper
j_b689e0ef43,u_897bde3e9f87,2023-07-18 05:30:18,117.22,5,24,paid_search_google,brand_aware_browser
j_71ac6e1fe9,u_9de9deb134bc,2023-02-24 22:28:24,74.91,1,0,email_newsletter,high_intent_shopper
j_a62b0f9f80,u_64f9de43a732,2023-10-07 20:14:34,82.6,2,3,paid_social_facebook,high_intent_shopper
j_3c407d0225,u_0077f2801606,2023-10-22 13:04:45,204.52,2,0,paid_social_facebook,repeat_customer
j_7ea1101b66,u_a7c07c473659,2023-10-06 10:52:27,36.08,4,9,paid_search_google,price_sensitive
j_b09ed6e2bb,u_f07bb3591eb5,2023-10-20 09:11:39,148.36,3,13,paid_social_facebook,high_intent_shopper
j_d3cb972b6e,u_d37cda475ba2,2023-07-22 21:11:05,129.94,2,5,paid_search_google,repeat_customer
j_a6165b7ccc,u_8b128eabeedd,2023-02-07 06:48:47,48.76,5,3,email_newsletter,new_visitor
j_de27223983,u_e1ecb9decfd1,2023-05-15 23:45:54,47.1,1,0,paid_social_instagram,high_intent_shopper
j_8d578a4743,u_6968107c7f50,2023-11-05 14:08:00,69.89,1,0,direct,price_sensitive
j_5aed3030b9,u_edb1f6228b02,2023-07-28 01:44:23,57.55,3,9,paid_social_facebook,high_intent_shopper
j_66f30430f9,u_73e04b32b44b,2023-11-11 23:29:53,81.09,2,2,paid_search_bing,high_intent_shopper
j_97b0440b66,u_37acc9527662,2023-02-02 10:43:36,94.01,7,22,paid_social_facebook,new_visitor
j_cc33d97a61,u_2e0d0f9c9752,2023-07-03 19:22:15,15.51,7,25,display_programmatic,new_visitor
j_9c9593cedd,u_6c7cc1340ccf,2023-09-13 04:03:27,141.09,1,0,paid_social_facebook,repeat_customer
j_b76e4b0d31,u_fea6e9538721,2023-08-12 23:37:17,185.52,2,11,display_programmatic,high_intent_shopper
j_fb59461f3b,u_d43943d71490,2023-04-02 00:30:32,146.04,1,0,paid_search_google,repeat_customer
j_8c16a5eba9,u_f95182a83843,2023-08-31 00:24:06,206.46,2,5,organic_search_seo,repeat_customer
j_a11e292246,u_85d97b6b6924,2023-05-13 10:19:51,122.83,4,23,paid_search_google,price_sensitive
j_13743f11bb,u_8c89c7e2b260,2023-10-25 16:53:26,240.58,1,0,email_retargeting,repeat_customer
j_5aaec9870e,u_6281ad689da8,2023-04-26 00:06:00,72.21,1,0,paid_social_facebook,high_intent_shopper
j_bab31cd813,u_41e2610bd996,2023-10-09 16:34:57,99.05,2,15,direct,repeat_customer
j_c332a4153c,u_be7bed39aa64,2023-05-08 01:56:33,44.93,4,22,paid_search_google,new_visitor
j_8b03b29222,u_53c9e1ca61d0,2023-06-21 22:29:10,115.7,6,24,paid_search_bing,brand_aware_browser
j_075578ba25,u_74aa1821b025,2023-12-09 23:28:28,152.78,2,15,display_programmatic,high_intent_shopper
j_977d860450,u_8fa9c7558b63,2023-05-21 11:30:09,158.71,1,0,paid_social_facebook,repeat_customer
j_d3a9ea5059,u_ae38e16f7630,2023-08-24 20:01:14,101.13,7,16,email_retargeting,new_visitor
j_31007015c3,u_8a8b7901a043,2023-04-06 05:54:50,159.68,1,0,organic_search_seo,repeat_customer
j_04167617d6,u_a3e0efc23ee4,2023-03-19 22:06:29,143.83,1,0,email_newsletter,repeat_customer
j_3c932c56c9,u_cbb6b2d72896,2023-02-19 09:03:00,111.63,4,20,paid_search_google,high_intent_shopper
j_510b37e1fa,u_0fbd2223d98e,2023-12-12 03:17:54,19.14,1,0,organic_search_seo,price_sensitive
j_df28007ffd,u_fa8da68d1d4d,2023-10-11 13:09:23,91.5,3,5,paid_search_google,high_intent_shopper
j_9f02353ffa,u_5fa5df397031,2023-03-13 21:53:17,225.47,3,16,paid_social_facebook,repeat_customer
j_89812899f9,u_8f384575ee3d,2023-12-07 12:26:37,89.79,2,9,email_newsletter,price_sensitive
j_42a7fbb07f,u_b0efda4fed40,2023-02-13 04:16:48,77.9,4,23,email_retargeting,brand_aware_browser
j_f083af92db,u_ad70cfe6ff8d,2023-06-28 22:17:33,118.31,1,0,paid_social_instagram,high_intent_shopper
j_ab28066596,u_3321274f4253,2023-11-10 17:10:20,51.76,5,16,paid_search_google,brand_aware_browser
j_211dd47fe8,u_d8263f7e088a,2023-10-15 06:45:56,122.26,2,2,organic_search_seo,repeat_customer
j_1c0a9689f1,u_c57107a04e77,2023-06-19 23:31:30,69.17,5,18,paid_social_facebook,price_sensitive
j_0af41ae202,u_71aeb6eb7bf7,2023-06-22 22:18:30,36.19,1,0,influencer,high_intent_shopper
j_8be50999aa,u_18239d8bd7ed,2023-05-13 01:30:58,50.74,6,25,paid_search_bing,new_visitor
j_e6516a5085,u_94d09fbe6ea0,2023-08-25 04:21:00,131.36,1,0,paid_social_facebook,high_intent_shopper
j_8eec97c813,u_d86fe84ee8fb,2023-05-08 18:15:33,117.4,4,16,paid_search_google,brand_aware_browser
j_e353519141,u_d844a4ce9935,2023-05-31 12:33:11,119.68,1,0,paid_social_instagram,repeat_customer
j_7bc56fc705,u_71cb05a073a5,2023-05-23 13:18:54,122.7,1,0,paid_social_facebook,high_intent_shopper
j_b99711e068,u_70e2fd09e833,2023-04-03 21:14:55,76.22,3,24,paid_social_facebook,high_intent_shopper
j_7fd64c73e1,u_d008a01e64a6,2023-04-17 01:34:13,64.05,7,24,paid_search_google,brand_aware_browser
j_44182caef7,u_8819678e9852,2023-03-02 01:27:53,111.4,3,12,email_retargeting,high_intent_shopper
j_02d7de2815,u_95238e0f0c45,2023-07-03 01:10:42,44.88,6,20,paid_search_google,new_visitor
j_b2f97997fc,u_d71805a0b8ae,2023-04-26 11:47:08,97.92,4,14,display_programmatic,brand_aware_browser
j_7417adf93c,u_500041420409,2023-05-13 15:13:36,228.2,1,0,influencer,repeat_customer
j_1c289d0936,u_2f9f82550bc0,2023-11-27 15:19:40,191.86,1,0,paid_social_instagram,repeat_customer
j_e071e3f37c,u_d9ad0cc2f501,2023-01-21 09:14:27,101.37,3,2,paid_social_facebook,high_intent_shopper
j_aeb84f3359,u_dbfaaf5dc0f5,2023-05-18 14:53:20,34.74,3,13,paid_social_facebook,price_sensitive
j_d4a8106546,u_3f0a2d649d56,2023-07-11 21:28:10,99.36,8,18,email_newsletter,price_sensitive
j_f8d1c59324,u_1bb0d92a68b2,2023-07-22 15:27:05,94.57,2,3,email_newsletter,repeat_customer
j_679fcca026,u_419d605346b6,2023-10-12 07:00:17,194.11,1,0,direct,high_intent_shopper
j_3c6886432d,u_255035e98b3c,2023-05-09 14:24:53,66.58,2,2,paid_social_facebook,new_visitor
j_dd1d17e7ab,u_de59391eb44e,2023-02-21 22:11:24,274.83,1,0,organic_search_seo,repeat_customer
j_15bd9052e3,u_e591abfb4cb8,2023-11-01 20:51:22,56.13,1,0,paid_social_instagram,repeat_customer
j_7cb3f2c0c4,u_fe4cbc59e52a,2023-09-10 08:05:19,60.21,7,18,email_retargeting,new_visitor
j_0b3a8f7d8b,u_547183766e2c,2023-10-13 08:02:57,59.77,3,19,paid_search_bing,price_sensitive
j_bf883bd98e,u_8c143fbc189a,2023-03-14 10:12:23,57.99,2,20,paid_search_google,price_sensitive
j_886eb3c218,u_da45f361ced6,2023-12-04 20:54:34,60.22,2,4,organic_search_seo,price_sensitive
j_4b8dd8b081,u_cde0738e3b02,2023-06-14 03:14:36,40.49,3,13,organic_search_seo,price_sensitive
j_5617229ace,u_efb721b613a6,2023-05-30 04:47:49,304.9,1,0,direct,repeat_customer
j_8ca79aedb7,u_ac4a59123b39,2023-11-24 13:04:47,115.22,2,21,email_retargeting,price_sensitive
j_29daadce1a,u_ad703fc69bb1,2023-07-20 04:38:26,71.89,1,0,paid_social_facebook,high_intent_shopper
j_5e53576555,u_b5ec678e035f,2023-10-03 05:45:12,82.08,2,15,email_retargeting,repeat_customer
j_279aa1438a,u_aa360dee74c0,2023-04-16 15:28:39,109.86,2,9,email_newsletter,repeat_customer
j_4cd3c87b61,u_f8310f72f82f,2023-09-26 21:27:53,61.33,2,2,paid_search_google,high_intent_shopper
j_34b05d6ae1,u_4edfad8829e7,2023-05-13 09:35:40,66.73,1,0,display_programmatic,price_sensitive
j_22582899e5,u_52a7bef93912,2023-03-04 13:34:40,80.19,4,18,paid_search_google,new_visitor
j_5b5b5f6f0b,u_5dcf37d6c494,2023-02-04 16:11:25,33.7,4,10,paid_search_bing,price_sensitive
j_9861952025,u_d0333ba331e2,2023-06-08 17:44:48,70.11,1,0,direct,repeat_customer
j_960bc0b63d,u_50e45b2470ab,2023-11-17 05:41:53,55.12,4,20,display_programmatic,price_sensitive
j_a44dd19471,u_bace870022aa,2023-02-16 07:02:44,103.44,1,0,paid_social_instagram,repeat_customer
j_14e94f0d3b,u_9ababbe792f1,2023-03-29 12:45:28,63.13,3,14,email_retargeting,high_intent_shopper
j_9ec4ea89a7,u_8ea40920ee9f,2023-02-11 17:16:46,60.03,3,8,email_retargeting,price_sensitive
j_bde3ba4c3e,u_b16d3a52a5fa,2023-04-03 15:39:36,188.81,2,1,paid_social_facebook,repeat_customer
j_5076f05c6d,u_e5489967b866,2023-10-31 08:09:16,210.39,4,8,paid_social_facebook,repeat_customer
j_18e0fd9dec,u_66c0d3710a88,2023-03-19 13:15:44,108.74,1,0,influencer,repeat_customer
j_765915033e,u_24878d01478e,2023-11-18 06:30:52,81.45,5,20,email_retargeting,new_visitor
j_41cb7b735c,u_8b1402cc4524,2023-07-12 19:05:42,137.16,3,24,organic_search_seo,high_intent_shopper
j_7cb0a023e7,u_2bef61343db1,2023-02-16 07:28:08,96.98,2,5,direct,high_intent_shopper
j_fa781b34a4,u_eeccdcc17829,2023-08-31 11:24:47,45.02,1,0,paid_social_facebook,price_sensitive
j_1442fc03ef,u_8d6e5e1a3c2d,2023-06-14 10:43:07,51.59,6,24,email_retargeting,price_sensitive
j_e7c22b0642,u_64dfca40f7b6,2023-11-11 09:48:37,268.95,1,0,paid_social_instagram,repeat_customer
j_eb6db77ec7,u_95cc66c82b61,2023-08-11 01:04:27,46.88,4,14,paid_social_instagram,brand_aware_browser
j_2d72a9526e,u_c8174206a933,2023-07-24 11:30:57,83.58,2,16,display_programmatic,price_sensitive
j_8e9d0a811d,u_f9115fd24316,2023-12-28 23:29:54,50.95,3,25,paid_search_google,price_sensitive
j_afb899a1fa,u_db8de63add23,2023-03-20 15:15:56,71.33,8,25,email_retargeting,brand_aware_browser
j_543c5996eb,u_3557760684eb,2023-04-09 00:37:46,155.89,4,18,paid_social_facebook,high_intent_shopper
j_47ff5b7f5f,u_52099297bffb,2023-06-06 01:30:15,89.78,2,0,paid_search_google,repeat_customer
j_cf42359077,u_7eee228b8e26,2023-05-04 21:36:39,108.6,3,7,paid_social_instagram,repeat_customer
j_8784999310,u_56894d27dd40,2023-02-08 06:58:25,65.49,3,8,influencer,high_intent_shopper
j_63296d1599,u_0a131435a3ca,2023-11-09 08:20:26,112.66,3,18,email_newsletter,high_intent_shopper
j_095dee16d7,u_89b574165849,2023-06-11 20:40:54,111.54,1,0,paid_social_facebook,high_intent_shopper
j_379e6f3241,u_0515adb0cf15,2023-07-22 22:00:10,52.76,3,17,organic_search_seo,high_intent_shopper
j_faa1d00dcb,u_3d40236c3c49,2023-01-20 13:46:26,208.85,1,0,paid_social_instagram,repeat_customer
j_01c673193a,u_5a5773ed4e1d,2023-10-11 06:22:28,96.72,4,25,email_newsletter,repeat_customer
j_878dccad84,u_62a8f5813bd0,2023-02-03 22:32:39,75.31,3,12,paid_search_google,price_sensitive
j_efd887348d,u_5c92cc9174c0,2023-07-13 13:46:37,125.44,3,18,display_programmatic,repeat_customer
j_ac41363789,u_75ebf7ff15bb,2023-08-26 15:32:16,184.65,3,23,organic_search_seo,repeat_customer
j_2ca43feb30,u_21cd6069d513,2023-02-25 22:02:24,96.91,6,21,influencer,brand_aware_browser
j_957cab1bbb,u_81a59de40c70,2023-11-14 08:33:16,67.85,4,21,paid_search_google,brand_aware_browser
j_231acfd46c,u_9f057c0aadcd,2023-05-08 15:18:03,29.52,3,20,email_retargeting,price_sensitive
j_b27f15dd2f,u_8de05098b4fd,2023-10-06 04:43:15,127.53,2,12,paid_search_bing,high_intent_shopper
j_6d53e9fb40,u_882443921572,2023-05-17 04:30:12,52.76,3,18,paid_search_google,price_sensitive
j_76c03b3149,u_5efa12b75424,2023-05-10 10:41:03,109.17,2,3,paid_search_google,price_sensitive
j_25521f2527,u_0dc8b2da2fab,2023-09-18 13:34:58,74.77,1,0,display_programmatic,high_intent_shopper
j_d8d714dcd5,u_e1714e52a8d3,2023-03-21 18:48:50,37.02,6,24,paid_social_facebook,new_visitor
j_96f3f6226e,u_7b228f3d4947,2023-02-19 09:18:45,182.01,2,3,paid_search_google,repeat_customer
j_bdb90c2b9d,u_4ac63adbb701,2023-04-26 22:06:39,109.47,1,0,organic_search_seo,repeat_customer
j_202d1edd3d,u_871dcc654a52,2023-02-22 02:01:55,63.35,1,0,paid_social_facebook,high_intent_shopper
j_8e160ce03b,u_f2957bce561a,2023-01-14 09:18:23,256.8,1,0,paid_search_google,repeat_customer
j_b3decb66d8,u_e1adc83d47fd,2023-01-29 05:50:51,289.37,1,0,paid_social_instagram,repeat_customer
j_4c633d30e6,u_dcf29711b7bd,2023-11-16 00:02:41,34.29,8,21,paid_search_bing,price_sensitive
j_6d2be2f464,u_e0528d9a3814,2023-04-24 16:22:43,43.1,9,25,organic_search_seo,new_visitor
j_3de0d62da2,u_157c1937b56a,2023-04-27 06:34:07,192.39,1,0,organic_search_seo,repeat_customer
j_eb8e76e29e,u_c3c1441b2629,2023-12-06 14:36:26,99.31,1,0,paid_search_google,repeat_customer
j_5379f063e9,u_e32b3ac2a3f1,2023-05-10 22:28:19,51.92,3,7,display_programmatic,brand_aware_browser
j_ead151c787,u_cf543aef6f1a,2023-05-31 17:29:02,87.85,1,0,organic_search_seo,repeat_customer
j_ef5395c1b9,u_9169336c726d,2023-07-01 09:03:30,97.3,1,0,organic_search_seo,repeat_customer
j_2fa0ea2215,u_e3d4d690debd,2023-12-11 06:34:23,31.93,4,14,display_programmatic,price_sensitive
j_2e60fc08f0,u_0a8bd80f1e45,2023-07-07 13:55:32,55.56,2,10,paid_search_google,new_visitor
j_01c9135f5b,u_7b6104cebbb3,2023-02-17 05:28:16,82.54,1,0,display_programmatic,repeat_customer
j_8e3f8858d3,u_467bd934110c,2023-11-25 14:04:29,337.02,1,0,influencer,repeat_customer
j_13dc73b092,u_2e16350e345e,2023-06-24 08:50:10,250.64,4,11,paid_social_instagram,repeat_customer
j_a3e0e3d4f3,u_236c854bf519,2023-12-06 05:02:17,77.63,6,21,paid_search_google,brand_aware_browser
j_557d23e158,u_da6f11756d3e,2023-09-28 19:00:38,47.41,4,19,email_newsletter,brand_aware_browser
j_9975aa9156,u_dfc3d833be89,2023-01-12 05:37:08,306.16,1,0,paid_search_google,repeat_customer
j_c0263d7dbc,u_6c07fdb192c1,2023-07-31 17:13:09,82.68,2,16,influencer,high_intent_shopper
j_c988f5ece1,u_6fd7d81c4504,2023-11-22 07:21:32,214.75,2,4,direct,repeat_customer
j_9d9027fbd1,u_ad4e1ce1a0c1,2023-02-12 21:58:16,88.23,5,24,influencer,brand_aware_browser
j_9ce3799821,u_c4b32b5298cd,2023-01-25 04:48:09,106.2,1,0,paid_social_facebook,repeat_customer
j_29e9211b8d,u_372cef332ffa,2023-10-01 13:23:16,59.05,1,0,influencer,high_intent_shopper
j_292e86e86c,u_d84ef30d9ecc,2023-04-16 11:31:06,142.03,5,21,email_newsletter,high_intent_shopper
j_68332b004e,u_5c9c8899a378,2023-09-30 16:11:24,150.39,2,29,paid_search_google,high_intent_shopper
j_5d7d439802,u_9a9764b6de3a,2023-11-07 13:43:37,87.75,4,13,paid_search_google,high_intent_shopper
j_c58509f1e6,u_c4eba6791521,2023-08-31 19:15:42,22.95,5,14,paid_search_google,price_sensitive
j_822ed81131,u_a960fceda485,2023-10-05 02:28:11,130.83,1,0,display_programmatic,high_intent_shopper
j_48dac8fdaa,u_ac58cd082a58,2023-12-24 21:51:51,48.79,2,4,paid_search_google,price_sensitive
j_405dd392fc,u_58559222979a,2023-01-30 18:51:46,48.39,5,25,paid_search_bing,price_sensitive
j_4e92a16e35,u_bc821ea9ccde,2023-12-22 14:34:09,36.48,3,22,email_newsletter,price_sensitive
j_f79e89a9dc,u_a27849e8d309,2023-09-09 19:47:51,61.25,4,16,paid_search_google,price_sensitive
j_95f1b0852b,u_dce145858406,2023-02-05 13:59:35,130.69,1,0,paid_social_facebook,high_intent_shopper
j_dea56d198f,u_fdfc12f5dd4c,2023-12-30 06:46:46,62.1,2,7,email_newsletter,brand_aware_browser
j_7d90466dab,u_30a1f6898966,2023-11-16 02:04:03,76.77,2,22,email_newsletter,high_intent_shopper
j_ca9a722954,u_ce807522a12c,2023-02-08 06:42:17,63.65,2,23,paid_search_bing,high_intent_shopper
j_5478d43d34,u_5ddfd1c7ab92,2023-08-10 07:36:54,71.39,3,24,paid_social_instagram,brand_aware_browser
j_e1cf2d8b41,u_c119b2eb6c71,2023-05-28 12:21:29,161.48,1,0,paid_social_facebook,repeat_customer
j_3b45dd87f5,u_cff41151dd79,2023-08-20 20:18:30,62.69,2,6,paid_social_facebook,high_intent_shopper
j_f91a97a2a4,u_f362bc87acb6,2023-11-05 13:52:09,164.82,2,3,paid_social_facebook,repeat_customer
j_e02012ac47,u_b8a6e72b3de1,2023-10-13 12:36:27,40.02,1,0,paid_search_google,high_intent_shopper
j_aa871b567d,u_920913bd1b29,2023-02-20 15:06:11,138.19,1,0,display_programmatic,repeat_customer
j_c59a2936d6,u_15c023f8ce93,2023-05-21 04:54:35,48.69,2,14,email_retargeting,high_intent_shopper
j_15985cf5ab,u_1753cd04a197,2023-11-27 02:17:20,193.06,1,0,paid_social_instagram,high_intent_shopper
j_daef093642,u_e8e8d1fc44e0,2023-09-03 12:11:39,53.94,1,0,email_newsletter,repeat_customer
j_0748d28a68,u_6d5facc64272,2023-02-03 23:17:43,37.98,4,21,direct,high_intent_shopper
j_05772ab1f7,u_c520af90a229,2023-10-30 01:28:39,35.37,2,13,paid_social_instagram,brand_aware_browser
j_d8b8b86858,u_81aba84ba341,2023-09-14 06:13:34,238.01,4,14,paid_search_google,repeat_customer
j_6bc9a619fb,u_249dbb472b13,2023-04-24 00:21:15,101.6,1,0,paid_social_facebook,repeat_customer
j_68f763f993,u_92c15a8141a4,2023-07-10 11:44:13,43.69,3,26,paid_social_instagram,price_sensitive
j_50c67ea61c,u_bc18fac673a1,2023-03-03 10:31:07,133.96,3,6,paid_search_google,high_intent_shopper
j_6df763ead4,u_8ea64aab8136,2023-11-30 02:59:04,225.75,1,0,email_newsletter,repeat_customer
j_46f9388b82,u_591ffcdcc121,2023-11-17 00:44:35,173.93,10,25,paid_social_facebook,brand_aware_browser
j_9ba54b26eb,u_df0627a36fe9,2023-05-20 02:28:49,25.97,3,28,paid_search_google,brand_aware_browser
j_3c247d5971,u_f58ffeed4cce,2023-10-24 17:40:14,101.35,4,23,paid_search_google,high_intent_shopper
j_a5014a4b08,u_13421e4a7042,2023-06-06 13:13:20,197.1,4,3,direct,repeat_customer
j_ee93e06f47,u_ef5e71e784c6,2023-11-20 23:11:33,99.93,1,0,paid_search_google,high_intent_shopper
j_0a3adcb70d,u_0513f01fb229,2023-12-02 03:09:23,80.27,1,0,paid_social_instagram,high_intent_shopper
j_5760d5111a,u_7b0eaf98fb09,2023-11-21 05:14:32,38.61,1,0,email_retargeting,price_sensitive
j_da0701e621,u_54c5ac303432,2023-09-07 20:14:57,100.08,2,1,paid_search_bing,brand_aware_browser
j_6daafd3c85,u_74ed7ad0d539,2023-07-31 18:41:09,163.45,7,26,paid_search_google,brand_aware_browser
j_ba41f4d88d,u_e5880cdf1483,2023-06-18 14:05:03,180.63,1,0,paid_social_instagram,repeat_customer
j_d0f6c45e55,u_95a2c648584e,2023-08-29 21:54:12,85.12,2,0,paid_social_facebook,high_intent_shopper
j_75b8246a20,u_2a52e0e159a3,2023-06-05 08:49:45,69.56,2,1,direct,repeat_customer
j_a2c451c644,u_14de3337a1df,2023-04-01 19:59:17,100.46,1,0,organic_search_seo,repeat_customer
j_53aa09b60e,u_e47847719b31,2023-07-24 03:29:37,64.69,1,0,paid_social_facebook,high_intent_shopper
j_9231301993,u_bd166d9d381f,2023-10-07 16:01:06,94.43,1,0,paid_social_facebook,high_intent_shopper
j_1423ffce04,u_476d023166d1,2023-11-14 10:05:25,55.06,1,0,paid_social_instagram,price_sensitive
j_034c41a6bc,u_e13a23e8b870,2023-10-11 02:52:32,189.39,1,0,influencer,repeat_customer
j_4dfedd9407,u_0c0c9cbef7ca,2023-04-07 23:42:39,126.09,2,12,direct,repeat_customer
j_ea658c661c,u_ac7d54abc87d,2023-10-15 05:45:03,63.27,1,0,email_newsletter,repeat_customer
j_77bb481392,u_d0fc0daccc56,2023-07-01 18:23:35,116.34,3,3,paid_search_bing,high_intent_shopper
j_ce57f7196e,u_5331a12680d2,2023-03-27 16:18:31,114.18,1,0,paid_social_facebook,high_intent_shopper
j_7f815a813e,u_2bfca16c493e,2023-06-21 06:58:48,163.5,2,12,email_newsletter,brand_aware_browser
j_6c3dc4ae24,u_68c524ce55da,2023-09-29 13:14:40,151.9,1,0,influencer,repeat_customer
j_78087e9357,u_7cea3f74107d,2023-05-07 07:51:23,71.99,5,18,email_retargeting,high_intent_shopper
j_f5aa480fa1,u_2cce095baa39,2023-11-08 04:16:13,47.19,1,0,paid_social_facebook,high_intent_shopper
j_05a6632dc3,u_dd88adc609e8,2023-06-14 08:57:19,29.31,3,14,paid_search_google,brand_aware_browser
j_1cd0a02f5d,u_af31d4e639af,2023-05-21 07:31:49,185.42,2,5,display_programmatic,repeat_customer
j_793bf6a3bd,u_1db1a1c52b12,2023-08-25 04:58:23,61.11,3,9,email_retargeting,price_sensitive
j_1c92d91880,u_2e229bd8fa39,2023-05-19 23:40:08,116.91,6,14,email_retargeting,high_intent_shopper
j_ee294e637e,u_92cc19505046,2023-02-09 09:27:02,42.94,3,8,paid_search_google,high_intent_shopper
j_134d329ef4,u_1b3d5a5e5c60,2023-12-24 17:18:11,108.64,1,0,influencer,high_intent_shopper
j_cb367b34d5,u_8044d22d3dd6,2023-06-26 05:54:10,123.36,1,0,paid_social_facebook,high_intent_shopper
j_9c75ea310c,u_fe3cd5f96668,2023-03-03 15:51:18,37.87,2,1,email_newsletter,price_sensitive
j_6846bd26a1,u_28120e8b96c2,2023-04-25 08:14:37,123.31,1,0,paid_social_instagram,high_intent_shopper
j_6810abeeec,u_95d5dec2c077,2023-08-01 21:58:08,150.23,2,12,email_retargeting,high_intent_shopper
j_1b066f5d60,u_d8b8d3be2061,2023-03-26 04:44:54,91.23,1,0,paid_social_facebook,high_intent_shopper
j_4a55964343,u_fc616ebe46ce,2023-05-15 22:34:00,105.14,1,0,email_retargeting,repeat_customer
j_616ce25e57,u_be5ebd827e34,2023-11-21 15:30:25,75.15,5,24,email_retargeting,price_sensitive
j_98cda40c2c,u_e9c490309257,2023-02-01 22:04:49,75.68,3,14,display_programmatic,high_intent_shopper
j_c8caa583a7,u_6221fb78c172,2023-04-06 16:01:58,125.85,3,22,email_retargeting,repeat_customer
j_9a3d8eea4b,u_82c14aea379b,2023-07-07 08:32:15,54.52,2,4,email_newsletter,brand_aware_browser
j_9027082360,u_6cc3adf1768e,2023-02-18 23:50:05,55.77,1,0,paid_social_facebook,brand_aware_browser
j_d78ceaffcf,u_ccf5a6608aed,2023-10-28 11:32:11,48.93,4,25,paid_search_google,price_sensitive
j_b048ea8114,u_41f4f662f3ff,2023-12-22 17:26:29,51.1,1,0,paid_social_facebook,brand_aware_browser
j_21f71b6f0f,u_9a781e3adb98,2023-06-01 06:21:43,268.19,3,7,paid_search_google,repeat_customer
j_b9d4236a52,u_f51537a9e045,2023-05-04 16:52:40,205.58,3,22,direct,high_intent_shopper
j_db7d2b6d6e,u_1347784dae4a,2023-03-04 23:15:40,239.89,1,0,paid_social_facebook,repeat_customer
j_a1ae972d53,u_f77fedbd3cfd,2023-06-11 06:38:19,149.57,6,27,email_newsletter,brand_aware_browser
j_284a868c4a,u_62bfc6580ae6,2023-08-10 22:09:05,90.56,5,24,paid_search_google,brand_aware_browser
j_dbf23d5f8d,u_5c170309bfb0,2023-05-04 18:35:36,145.69,1,0,paid_search_google,repeat_customer
j_f684b8e396,u_71e6c90da5d3,2023-03-23 13:05:32,78.58,1,0,paid_social_instagram,repeat_customer
j_0bdbe8ddc7,u_f0cc8dae4f60,2023-05-11 22:18:23,52.96,7,28,paid_search_google,price_sensitive
j_29b27eba56,u_3d21a81664e6,2023-03-15 00:15:36,100.65,1,0,influencer,repeat_customer
j_3d85e46592,u_54e1be760aa7,2023-12-10 06:56:02,93.26,1,0,paid_social_instagram,high_intent_shopper
j_82fb2c65b8,u_13ce64b8591a,2023-04-20 12:24:15,85.82,3,15,paid_search_google,high_intent_shopper
j_57ea3a5f01,u_93c3791a34e1,2023-09-15 19:38:47,43.59,2,1,paid_social_facebook,brand_aware_browser
j_7e5f55ac4c,u_5263d3999d71,2023-03-05 13:53:41,66.27,2,5,direct,price_sensitive
j_eb50eb1eae,u_9978336860b1,2023-06-08 10:29:24,152.35,1,0,paid_social_instagram,repeat_customer
j_8828ad62f4,u_ce45ef237d01,2023-02-17 17:40:29,104.59,3,10,paid_search_bing,repeat_customer
j_9fb453b587,u_52a1156a3a1f,2023-03-20 18:59:39,47.55,4,16,paid_search_google,brand_aware_browser
j_f5cd7b295f,u_b4adeb5b2d5c,2023-03-17 03:25:24,66.16,1,0,paid_social_instagram,high_intent_shopper
j_82304a7cc6,u_4595dffd78a4,2023-03-04 04:28:05,89.48,1,0,paid_social_facebook,high_intent_shopper
j_6914fe7942,u_3ce0358d01cf,2023-09-15 02:53:52,151.12,1,0,paid_social_facebook,repeat_customer
j_c25012f449,u_781f25f0b442,2023-08-10 00:37:05,56.15,2,0,paid_search_bing,high_intent_shopper
j_7bc54ee591,u_cbf8c572ccb8,2023-10-29 22:55:47,120.39,2,22,direct,price_sensitive
j_b540d2e1cc,u_ffd00ee62f8a,2023-11-23 09:07:54,85.69,3,12,email_newsletter,high_intent_shopper
j_18821e2e55,u_87342c529496,2023-04-20 03:51:20,70.17,1,0,paid_search_bing,repeat_customer
j_7f03193cd2,u_7f1b9579ebc8,2023-04-13 16:21:23,166.69,6,21,paid_social_facebook,high_intent_shopper
j_9627a8a1c8,u_865bd35510f7,2023-08-17 02:34:00,82.15,3,20,paid_search_google,price_sensitive
j_5d16e9aa81,u_f0135b2bf741,2023-07-05 14:14:19,92.59,4,14,paid_search_google,repeat_customer
j_f6f23d5469,u_bd46471be313,2023-12-01 05:41:58,196.51,1,0,paid_social_instagram,high_intent_shopper
j_9c7ed89ce3,u_bbc8073c86e7,2023-12-09 18:44:19,198.9,1,0,paid_social_instagram,repeat_customer
j_02e6e5089a,u_6ec58df43c86,2023-08-27 08:54:30,64.9,2,9,paid_search_google,high_intent_shopper
j_3cffb17dfe,u_ca205a5a1c36,2023-09-13 01:55:17,71.23,6,14,paid_search_google,brand_aware_browser
j_31cdb4e381,u_2ba89c9772c8,2023-11-16 10:01:25,166.46,1,0,paid_social_instagram,repeat_customer
j_c553675715,u_df828fcc4ccf,2023-06-22 22:20:57,40.25,4,16,organic_search_seo,price_sensitive
j_3c80475985,u_0f228e58920b,2023-08-23 12:36:46,24.98,3,8,direct,new_visitor
j_4832d1e060,u_84f10395e9e4,2023-03-22 08:53:07,182.57,1,0,paid_social_facebook,repeat_customer
j_2976eb3570,u_f06c26a7f977,2023-02-27 01:33:16,52.74,1,0,paid_social_facebook,brand_aware_browser
j_2194dfeec0,u_3d159c993550,2023-02-18 01:22:28,52.89,1,0,paid_social_instagram,price_sensitive
j_7efe41c2fe,u_6946e38c0391,2023-10-19 13:06:25,129.85,3,10,email_retargeting,high_intent_shopper
j_44d64c00a6,u_0280079fe11c,2023-05-10 21:37:41,305.16,1,0,paid_social_instagram,repeat_customer
j_bef508de77,u_b4240ab03354,2023-05-06 06:00:35,57.47,4,14,direct,price_sensitive
j_a247f9ad39,u_a0853e350c97,2023-08-12 02:23:51,96.9,3,0,email_retargeting,brand_aware_browser
j_a98b7f7529,u_7dc7296508c0,2023-08-06 05:59:31,101.02,1,0,paid_social_instagram,repeat_customer
j_6214be14bd,u_d84d11de9a67,2023-10-05 13:49:11,78.76,7,27,direct,high_intent_shopper
j_7f59947093,u_cdad75789dd3,2023-04-17 17:40:10,54.93,4,10,email_newsletter,high_intent_shopper
j_e32dda633c,u_b53dab039b6e,2023-06-14 18:11:04,140.97,2,0,paid_search_google,high_intent_shopper
j_20fdffa02f,u_68257c3a5197,2023-06-27 00:16:21,103.47,2,5,paid_search_google,high_intent_shopper
j_875e141f3f,u_968702f9da36,2023-02-16 09:31:06,145.02,3,23,paid_search_google,repeat_customer
j_598ef6cb36,u_b3288e568e4d,2023-07-16 01:57:28,104.45,2,14,paid_search_google,price_sensitive
j_8079c30892,u_8d8c44ca33fe,2023-04-06 13:15:19,122.55,2,7,display_programmatic,high_intent_shopper
j_c51ea95ca0,u_dae0b58d7b32,2023-04-08 01:08:43,132.02,1,0,paid_social_instagram,high_intent_shopper
j_5464dc9418,u_e2d1c9a598a5,2023-05-31 05:22:54,147.3,3,2,paid_search_google,high_intent_shopper
j_24fd0d5cb1,u_3fe239c3ea8e,2023-10-13 22:47:18,51.25,2,20,organic_search_seo,price_sensitive
j_6faa24c4ef,u_04a0523b844f,2023-12-22 07:58:03,65.81,2,27,display_programmatic,repeat_customer
j_a296926abd,u_130592d92228,2023-10-07 15:14:51,34.22,5,23,paid_search_google,price_sensitive
j_38b39980d0,u_acd5e4246f11,2023-11-15 09:15:07,99.24,1,0,paid_social_facebook,repeat_customer
j_2e8ca1a91c,u_4f5056f94656,2023-05-22 22:46:07,155.79,3,23,email_newsletter,repeat_customer
j_48ccfe228f,u_1c7632ab0ea3,2023-05-11 04:44:09,58.77,6,22,email_retargeting,brand_aware_browser
j_36f1f1060d,u_b2b18cf3b233,2023-07-03 14:58:56,125.64,2,10,paid_social_instagram,repeat_customer
j_394f406d03,u_0cf396831159,2023-02-10 21:21:09,113.26,3,14,organic_search_seo,repeat_customer
j_883e971cdd,u_9a49eb0fd984,2023-02-16 20:25:54,66.46,1,0,paid_social_instagram,brand_aware_browser
j_e23b3df94d,u_4d7ef7cee151,2023-11-05 00:08:41,143.53,2,18,email_newsletter,repeat_customer
j_0936c0e5d1,u_de8ac6964966,2023-04-09 03:58:47,115.57,1,0,email_newsletter,repeat_customer
j_956acc1f51,u_7a9545f0aed2,2023-06-29 18:04:17,77.03,2,19,organic_search_seo,repeat_customer
j_93ba5a7893,u_71ac445d4e37,2023-09-03 12:33:46,146.45,1,0,paid_social_instagram,high_intent_shopper
j_74a897c843,u_eff1c383c2ca,2023-11-25 10:09:45,49.35,1,0,paid_search_google,high_intent_shopper
j_5d11a5523f,u_9cc79b3330f8,2023-07-07 07:51:36,27.64,5,23,paid_social_facebook,price_sensitive
j_2901fe623d,u_18f9ecf4b82b,2023-10-25 05:29:35,41.18,1,0,paid_social_facebook,high_intent_shopper
j_c46fb4f44e,u_e5bc680a8f71,2023-03-17 11:32:11,136.79,4,18,paid_search_bing,high_intent_shopper
j_8dfab956ec,u_3f0c6fcea024,2023-02-19 13:52:26,105.6,1,0,paid_social_facebook,high_intent_shopper
j_80f3ffdbf6,u_44193bf3225d,2023-07-23 18:58:57,105.7,4,16,paid_social_instagram,brand_aware_browser
j_6c251cb637,u_f404cfada682,2023-10-26 08:44:45,146.91,4,22,paid_search_google,high_intent_shopper
j_17d264939b,u_ff44fedf5b56,2023-07-16 02:28:02,213.79,2,6,paid_search_google,repeat_customer
j_be4abd67a2,u_e9b3b2e70cec,2023-11-14 00:13:25,82.4,1,0,paid_search_bing,high_intent_shopper
j_188644bc26,u_c3f31c5e4624,2023-08-09 10:57:28,125.72,4,13,email_retargeting,high_intent_shopper
j_911a641ce9,u_9f4160328438,2023-05-23 14:36:52,223.26,1,0,organic_search_seo,repeat_customer
j_a03e2fae44,u_35269c1b8523,2023-08-23 08:49:20,88.78,1,0,paid_search_google,high_intent_shopper
j_a16f5e9615,u_8734d9e2d57c,2023-04-11 12:08:40,87.99,2,8,paid_search_google,high_intent_shopper
j_c5c2bc7105,u_59fe3fdf2bae,2023-03-06 10:47:29,112.21,2,12,paid_search_google,high_intent_shopper
j_c2e12cc897,u_62fca0ce9c78,2023-06-22 01:57:53,47.77,2,6,paid_search_bing,high_intent_shopper
j_8080ff4404,u_166416ae7c25,2023-04-23 18:29:23,98.79,3,9,paid_social_facebook,new_visitor
j_a8f4ac239c,u_31d9a4106dc7,2023-03-31 15:15:15,64.86,4,8,paid_search_google,new_visitor
j_c83f6adbde,u_cc5fb17ddf46,2023-11-05 17:08:31,131.91,1,0,email_newsletter,repeat_customer
j_40354b0ca4,u_78b01aa42964,2023-04-17 00:28:51,208.06,4,17,paid_search_google,repeat_customer
j_5f2f003d37,u_9e34e7e0fbdf,2023-04-02 01:13:47,54.7,7,21,organic_search_seo,brand_aware_browser
j_e2c815b525,u_3e428dd158fa,2023-09-03 00:38:52,103.43,2,9,display_programmatic,repeat_customer
j_cb7650d252,u_8e4f7673dd8c,2023-01-31 10:01:40,219.09,2,8,paid_social_facebook,high_intent_shopper
j_e800309e43,u_0b0448562f70,2023-03-27 03:10:10,129.46,1,0,influencer,repeat_customer
j_2f0eb129c6,u_3af5aa1a6e57,2023-11-15 00:31:24,108.09,4,8,paid_search_google,high_intent_shopper
j_7e9de22bf7,u_de6ed7190bd5,2023-07-26 02:22:41,131.38,3,17,direct,high_intent_shopper
j_6bf8e280b5,u_52aa99a3ade0,2023-11-04 23:07:53,115.95,1,0,paid_social_facebook,repeat_customer
j_9d7db4d051,u_5cfc2cc1e890,2023-07-01 20:24:33,140.12,2,10,paid_social_instagram,repeat_customer
j_ea8d809431,u_349b7c984f7e,2023-07-01 19:59:45,132.56,1,0,paid_social_facebook,repeat_customer
j_46c61703d6,u_d0dcc8e0d831,2023-06-09 23:39:56,40.2,1,0,organic_search_seo,price_sensitive
j_fd86a21aca,u_97bafc8a09ec,2023-06-05 23:31:18,45.65,6,27,paid_search_google,brand_aware_browser
j_1a36fd36c2,u_a6a6c5bc532d,2023-11-27 01:56:04,101.01,1,0,paid_social_facebook,repeat_customer
j_e6b92b1470,u_0aae7e48c0bf,2023-11-24 09:54:26,195.75,1,0,paid_social_facebook,repeat_customer
j_98d8ba87e4,u_e3a229abfe9d,2023-11-29 06:03:39,41.1,1,0,paid_social_facebook,price_sensitive
j_e928c15a4c,u_e37c67039463,2023-10-20 08:23:36,25.54,4,14,paid_search_google,price_sensitive
j_5609efc414,u_121073748236,2023-09-25 04:51:19,61.19,5,21,email_retargeting,brand_aware_browser
j_18b64310df,u_e543e651b803,2023-03-14 05:30:41,82.72,2,2,display_programmatic,high_intent_shopper
j_833afe0bf3,u_dd972a5f0917,2023-09-10 03:00:44,93.91,6,25,paid_search_bing,high_intent_shopper
j_3c5f07daef,u_fdd0cd10085d,2023-02-06 00:12:13,33.24,4,8,paid_social_instagram,price_sensitive
j_ac3bffaacc,u_f66afd275070,2023-02-11 04:10:18,83.4,4,20,direct,price_sensitive
j_6b9c240195,u_3c7e3afbe071,2023-01-15 18:26:28,112.49,2,3,paid_search_google,repeat_customer
j_172e556c5a,u_d5415b455843,2023-12-10 19:09:55,230.12,3,15,paid_search_google,repeat_customer
j_cf30a74ebd,u_24d864637e37,2023-08-01 05:36:14,83.45,4,14,paid_search_google,repeat_customer
j_8fa53abfa1,u_133d315112c1,2023-03-18 11:51:33,196.23,2,1,paid_search_google,high_intent_shopper
j_d0c5e39114,u_698093d28712,2023-09-24 14:41:12,123.76,1,0,email_newsletter,high_intent_shopper
j_81d3dcf56e,u_b2d5a01c786a,2023-03-31 09:18:51,86.36,1,0,paid_social_instagram,high_intent_shopper
j_272e4eb071,u_b2299a60e01e,2023-06-04 06:19:43,57.77,3,10,paid_search_google,new_visitor
j_5dc3022dee,u_3bdc17fdeaee,2023-04-27 15:04:01,80.16,6,22,organic_search_seo,new_visitor
j_d48de9751c,u_f086e3ca2360,2023-08-04 01:55:02,132.44,2,12,paid_search_google,high_intent_shopper
j_89ef047f39,u_8569465695bd,2023-02-09 04:15:40,133.27,2,12,paid_search_google,brand_aware_browser
j_63416f5333,u_0c641360b5cc,2023-10-27 18:41:04,98.21,5,17,paid_search_google,new_visitor
j_7187c9a93b,u_152f3d4b5709,2023-07-02 11:14:18,299.17,1,0,paid_social_instagram,repeat_customer
j_704ace3475,u_7453cc513ec8,2023-11-24 06:29:40,123.05,2,6,paid_search_google,repeat_customer
j_c275d1b130,u_b20619aa365e,2023-09-14 18:06:28,79.95,1,0,paid_social_instagram,high_intent_shopper
j_0a5c587be0,u_0b4ea8a85366,2023-05-30 09:48:58,62.76,1,0,paid_social_instagram,repeat_customer
j_2ee1f97a85,u_791cb9787653,2023-07-28 06:49:08,183.74,3,16,display_programmatic,high_intent_shopper
j_024c46b17c,u_fa803c71b74e,2023-08-08 07:55:42,172.68,5,19,organic_search_seo,high_intent_shopper
j_3fd32b4719,u_7737ddb414c0,2023-11-20 12:17:06,46.71,1,0,influencer,price_sensitive
j_4acde898c8,u_4f49ed67e2e7,2023-08-13 08:51:05,151.7,2,1,paid_social_facebook,repeat_customer
j_9d7a2aee3d,u_9afda26774b0,2023-04-27 19:25:53,125.86,2,2,paid_social_facebook,repeat_customer
j_0f8a85f26a,u_650b377c710f,2023-03-25 13:32:53,106.81,2,0,paid_search_bing,repeat_customer
j_39c17493db,u_b0d90883d841,2023-09-12 23:28:50,26.75,1,0,paid_social_instagram,price_sensitive
j_d4d683a6bd,u_30c23b567223,2023-08-24 07:54:23,66.78,5,13,email_retargeting,repeat_customer
j_d4a751364f,u_b2570c58b1a1,2023-11-06 04:32:46,96.17,3,25,organic_search_seo,brand_aware_browser
j_0fb0181928,u_c56fa3129e96,2023-06-20 16:59:16,70.93,2,8,paid_social_instagram,new_visitor
j_eead862989,u_7c0ea70568ac,2023-11-05 06:48:52,104.59,1,0,paid_social_facebook,repeat_customer
j_458a1a08b5,u_1e79941f9e94,2023-07-14 21:00:00,27.7,5,27,paid_search_google,price_sensitive
j_9b2e33b121,u_36f820c73afc,2023-01-28 18:50:42,51.57,2,7,paid_search_google,high_intent_shopper
j_2cf33a68e1,u_f9ec5c55753b,2023-08-31 08:24:41,66.7,4,20,paid_search_google,high_intent_shopper
j_f0d608f053,u_44681d564f11,2023-05-31 11:03:44,16.17,3,12,paid_search_google,price_sensitive
j_69fe54ce9c,u_e2f79b7e8d88,2023-03-01 19:55:02,237.03,1,0,paid_social_facebook,high_intent_shopper
j_e0e7022dbc,u_57d77c8c69fb,2023-07-25 23:52:48,46.13,1,0,email_retargeting,high_intent_shopper
j_8c9faab818,u_074ba2b68b6e,2023-10-01 05:26:31,236.92,3,24,direct,repeat_customer
j_52ba40f594,u_04be93b4ea04,2023-06-19 06:12:42,170.58,2,13,display_programmatic,high_intent_shopper
j_f430bfa48e,u_913b8a7c7e16,2023-02-17 03:23:01,40.23,2,15,paid_search_google,price_sensitive
j_31fc1ae875,u_3826e832882e,2023-07-22 19:28:08,55.51,6,28,email_newsletter,new_visitor
j_60da2a590b,u_bbbaeb118fb8,2023-09-30 10:05:10,256.92,5,11,paid_search_google,repeat_customer
j_4dba9f6391,u_69d725561ca4,2023-04-15 05:53:37,237.16,2,18,paid_search_google,repeat_customer
j_006e948667,u_3eef0b971b8a,2023-03-13 16:19:21,210.46,4,11,display_programmatic,repeat_customer
j_eda9b294dd,u_366ce622a5f8,2023-04-30 12:06:10,106.81,1,0,paid_social_facebook,brand_aware_browser
j_edeaec933c,u_588498f03a79,2023-02-28 19:37:23,171.79,1,0,influencer,high_intent_shopper
j_f6b808192a,u_f4d796510fbe,2023-06-29 17:04:12,176.42,1,0,email_retargeting,repeat_customer
j_5d7e730e8f,u_ad25fbf3662b,2023-06-12 13:09:22,154.87,4,17,paid_social_facebook,brand_aware_browser
j_f961a084ba,u_aeeb2e9f4368,2023-06-30 05:56:05,193.57,1,0,paid_social_facebook,repeat_customer
j_ea26544e78,u_f1a182f57868,2023-08-17 06:17:23,104.52,1,0,email_newsletter,high_intent_shopper
j_1dc0ef49f1,u_c447321a527f,2023-03-09 06:55:58,101.18,1,0,paid_search_bing,repeat_customer
j_8900194163,u_f94941da47dc,2023-07-06 12:10:57,177.03,2,8,paid_social_facebook,high_intent_shopper
j_048ae5c7bf,u_496ea89792aa,2023-08-24 03:26:19,53.21,1,0,display_programmatic,repeat_customer
j_f0ca9b4178,u_5c54a16a3af5,2023-12-03 07:05:36,70.01,1,0,organic_search_seo,high_intent_shopper
j_5194afcafd,u_7789431705d7,2023-10-18 09:19:32,30.3,3,9,paid_search_google,price_sensitive
j_2dcff25155,u_1d76b0820832,2023-06-24 15:45:20,33.21,6,24,paid_search_google,price_sensitive
j_bb98f3d5ad,u_dcf153d57d8c,2023-06-29 16:55:55,78.85,4,19,paid_search_google,price_sensitive
j_217ad67a20,u_125bc0717d4f,2023-07-02 13:47:17,76.17,5,24,paid_social_facebook,high_intent_shopper
j_101067f1b1,u_5f8d15761167,2023-10-22 05:55:04,75.39,1,0,paid_social_facebook,price_sensitive
j_17ac7ddb23,u_c232b44d68ea,2023-09-21 22:45:11,120.07,2,8,paid_search_google,repeat_customer
j_5b1b8b94c5,u_4fbe489fe65b,2023-11-04 06:23:29,85.49,1,0,paid_search_google,high_intent_shopper
j_f786c51103,u_7e59886a5d58,2023-10-28 18:35:28,66.8,9,28,direct,new_visitor
j_98fd9d76f7,u_baad8b78d69b,2023-05-15 06:01:29,110.17,2,6,organic_search_seo,price_sensitive
j_1f39b3b87e,u_a6401de8ceca,2023-06-10 08:34:59,52.01,4,16,direct,new_visitor
j_13af189d97,u_f9a466954c82,2023-09-04 21:41:13,62.32,1,0,display_programmatic,repeat_customer
j_8401bd1c8c,u_e69911a141bc,2023-02-11 22:44:30,70.19,4,20,email_retargeting,brand_aware_browser
j_7284984cce,u_818600e806fe,2023-05-18 06:55:20,37.39,5,19,paid_search_google,price_sensitive
j_aa7f5add42,u_3a43beebd217,2023-04-13 22:54:22,112.34,1,0,email_retargeting,repeat_customer
j_62d2ec619f,u_1617190344a9,2023-11-03 06:51:52,142.27,1,0,paid_search_google,repeat_customer
j_70c641f062,u_5dbb376b81b6,2023-08-25 12:13:21,100.02,2,1,paid_search_google,high_intent_shopper
j_fd1b4fe30e,u_f3f3093adb8a,2023-09-28 10:55:24,41.55,4,17,paid_social_facebook,price_sensitive
j_adda65f978,u_bbd65d7e6bb4,2023-02-08 16:13:20,136.08,1,0,paid_social_facebook,repeat_customer
j_9719df91eb,u_f3a35b3016c1,2023-03-10 22:48:23,86.22,1,0,paid_social_facebook,high_intent_shopper
j_a4bb889d98,u_efc239798170,2023-05-06 19:39:57,46.57,4,9,direct,high_intent_shopper
j_e0116e001d,u_c34b9ead5cae,2023-03-25 03:39:19,115.61,5,12,display_programmatic,brand_aware_browser
j_b85e9d3bc6,u_b2322dfe70a5,2023-12-03 15:54:49,120.74,2,17,paid_social_instagram,high_intent_shopper
j_9551c84e2d,u_ba289c43a3f8,2023-07-26 04:08:27,54.31,7,28,email_newsletter,price_sensitive
j_1d153129a5,u_4b733f237fc2,2023-03-20 13:59:29,59.96,4,21,paid_search_google,price_sensitive
j_01e7b268b7,u_6d3b0c85185f,2023-05-22 03:33:43,85.45,1,0,paid_social_instagram,repeat_customer
j_37719eb4d4,u_7069c3630f4b,2023-03-06 11:48:39,354.5,4,17,paid_social_instagram,repeat_customer
j_5de578eff3,u_32dda9a9dc02,2023-07-01 20:24:41,111.56,1,0,email_newsletter,repeat_customer
j_4265dbe0dc,u_37b3b8c340b4,2023-06-18 20:10:48,97.17,1,0,organic_search_seo,high_intent_shopper
j_b2c0ca80dd,u_88fedecae3fa,2023-05-06 09:13:19,110.42,5,18,paid_social_instagram,price_sensitive
j_a8ac843f3a,u_afd28024ff64,2023-04-30 07:48:04,264.54,3,11,paid_search_google,repeat_customer
j_03f5139ff2,u_55a71942921d,2023-03-01 18:44:44,73.27,6,8,paid_search_google,price_sensitive
j_a7899b6b00,u_c16bc46e0e0b,2023-08-17 09:44:04,125.81,1,0,paid_social_facebook,high_intent_shopper
j_064a98cc6d,u_4a3f4c6572ac,2023-07-26 10:41:42,75.97,1,0,influencer,repeat_customer
j_56dd8318b6,u_b025976cf3e1,2023-11-22 06:50:06,97.71,1,0,paid_search_google,high_intent_shopper
j_7d6370c5f0,u_814df256af69,2023-12-13 10:28:22,60.22,5,12,paid_search_google,brand_aware_browser
j_2394142e43,u_0285de5686c5,2023-06-04 13:33:35,126.34,4,14,paid_social_instagram,repeat_customer
j_9b6101c8c3,u_99d1fa2c0161,2023-10-25 19:49:28,150.58,2,26,paid_social_instagram,repeat_customer
j_cade0f1b7c,u_58634e7d9fb6,2023-03-10 09:03:00,117.88,3,16,organic_search_seo,brand_aware_browser
j_b8ba2e096e,u_771a3a2e7e71,2023-06-15 14:50:16,120.88,3,26,display_programmatic,brand_aware_browser
j_b17dd7649a,u_5cc15283fee1,2023-06-21 07:50:07,171.33,1,0,display_programmatic,repeat_customer
j_f14fd0de1b,u_89bb44f9258d,2023-11-05 19:30:22,78.95,1,0,direct,repeat_customer
j_025d633f05,u_4c0a727e0b9e,2023-06-16 18:47:42,41.06,1,0,paid_social_instagram,high_intent_shopper
j_8ea07d48d1,u_5055697a0864,2023-11-20 06:15:46,91.3,1,0,paid_social_facebook,repeat_customer
j_b51626e551,u_509722500b66,2023-10-20 03:13:10,406.82,2,9,paid_social_instagram,repeat_customer
j_e9a841fe60,u_2f46c72501b6,2023-08-16 03:51:58,95.82,1,0,paid_search_google,high_intent_shopper
j_d035603a91,u_d943eb5013ee,2023-10-06 12:23:36,49.66,2,14,email_retargeting,price_sensitive
j_6f3f58b0ef,u_9fcf91ef42b9,2023-10-23 00:22:28,161.95,6,18,paid_search_bing,repeat_customer
j_f562157b44,u_7888d9d42acd,2023-12-03 17:47:57,109.59,1,0,paid_search_google,repeat_customer
j_30c92c8438,u_3fb1ce059de3,2023-10-22 06:21:53,101.65,1,0,paid_search_bing,brand_aware_browser
j_9652d81c0b,u_e17e8de68328,2023-10-23 02:53:41,120.78,7,23,paid_search_google,brand_aware_browser
j_6b632a9ae4,u_db07aaccca8d,2023-07-14 00:00:47,88.55,2,4,direct,high_intent_shopper
j_b125a7a3ba,u_ef594937c762,2023-05-13 15:24:59,194.94,3,23,paid_search_bing,repeat_customer
j_4830ecd171,u_80d281c16e2f,2023-09-08 01:51:03,114.27,4,16,paid_social_instagram,high_intent_shopper
j_d1d61c7243,u_b42114f55372,2023-12-20 04:46:26,369.83,1,0,email_retargeting,high_intent_shopper
j_1723509aaf,u_ea396a37a04b,2023-11-19 20:18:12,53.54,3,17,email_newsletter,high_intent_shopper
j_35d1ad7208,u_c9eb3ecb9d91,2023-06-10 04:00:27,78.53,2,1,paid_search_google,high_intent_shopper
j_e8f5fbf804,u_7e70daafd0a5,2023-05-12 07:15:21,141.99,1,0,display_programmatic,repeat_customer
j_11e726f0f3,u_68f2dc64319c,2023-09-18 10:02:30,81.89,1,0,paid_social_facebook,high_intent_shopper
j_cfadd007e3,u_58bd45f67ad6,2023-05-22 09:36:37,64.68,6,19,paid_search_google,price_sensitive
j_8e46f70ee1,u_76f841d545b8,2023-05-08 10:50:48,117.94,1,0,display_programmatic,repeat_customer
j_9bb4d4892f,u_f8d24bd5d724,2023-07-15 17:02:28,122.52,10,23,paid_social_facebook,new_visitor
j_35c0b11a45,u_c440211d24ab,2023-06-14 00:48:33,61.73,3,25,paid_search_bing,high_intent_shopper
j_7f2fb0d01e,u_1975f5d6675c,2023-12-05 23:18:01,72.6,1,0,paid_social_facebook,high_intent_shopper
j_62f6ada67c,u_89213ab1be78,2023-03-04 05:03:20,118.64,1,0,display_programmatic,repeat_customer
j_64eed13ab2,u_ad7a6baa5534,2023-03-18 03:04:22,39.54,2,23,paid_search_google,high_intent_shopper
j_21bbd87caf,u_44b3c969b402,2023-09-22 00:37:19,102.03,1,0,paid_social_instagram,high_intent_shopper
j_392c0186b7,u_3da4869ddf0b,2023-01-14 01:49:11,243.77,1,0,email_newsletter,repeat_customer
j_a48b248ad4,u_81376b9c0787,2023-12-29 09:08:54,113.01,1,0,paid_social_facebook,repeat_customer
j_adf9fb4c7e,u_c13f47c271bd,2023-02-20 11:33:29,247.87,5,24,display_programmatic,repeat_customer
j_96d050824e,u_25853836c31c,2023-03-02 17:04:52,42.88,4,22,direct,brand_aware_browser
j_dcda11d67b,u_e5f900842ae2,2023-09-07 10:34:15,57.02,2,12,paid_search_google,high_intent_shopper
j_3aa02cf389,u_d6d4615de068,2023-03-05 09:57:41,134.03,4,18,paid_social_instagram,brand_aware_browser
j_4bf89e3428,u_86799fba76dc,2023-11-18 11:18:36,35.81,3,4,paid_search_google,brand_aware_browser
j_e5414290dd,u_cb6fb70c0976,2023-04-29 17:41:37,153.89,2,22,email_newsletter,repeat_customer
j_65096e94b1,u_284f53094909,2023-12-09 22:16:11,96.7,1,0,paid_social_instagram,high_intent_shopper
j_3e1e388178,u_2a8242069737,2023-12-20 18:13:38,29.94,6,25,display_programmatic,price_sensitive
j_6c08f60c3f,u_d836053bc4e3,2023-03-04 06:20:14,212.19,1,0,paid_social_facebook,high_intent_shopper
j_15eba76af6,u_713230b80599,2023-04-12 02:16:07,138.52,1,0,organic_search_seo,repeat_customer
j_cd19bff0b0,u_5533d7ef28f8,2023-05-29 07:15:31,48.0,2,0,email_newsletter,high_intent_shopper
j_bf14317dbb,u_56f9b220d2c1,2023-07-31 07:19:02,110.08,4,23,email_newsletter,high_intent_shopper
j_3fb7111607,u_bc8fecafca73,2023-06-21 07:02:06,83.66,5,14,paid_social_instagram,brand_aware_browser
j_ea33c06fdb,u_25fbb4b78696,2023-02-10 03:07:39,85.33,2,14,email_retargeting,high_intent_shopper
j_7dda6f9211,u_06d3a6498042,2023-11-26 06:50:41,133.6,4,7,paid_search_bing,high_intent_shopper
j_d1879b4cb5,u_f92874299b79,2023-11-30 13:02:20,133.67,1,0,organic_search_seo,high_intent_shopper
j_5a88a26504,u_156d4eb4c911,2023-04-13 20:53:40,57.8,3,17,email_newsletter,brand_aware_browser
j_7ed0c243cd,u_493ad014e6e3,2023-09-20 01:33:06,112.43,3,4,email_retargeting,brand_aware_browser
j_74cea357b7,u_79b1fc0c1a7e,2023-12-24 13:20:34,67.14,1,0,influencer,high_intent_shopper
j_336bdecf3f,u_54b9a4c9c7d9,2023-10-31 16:55:51,105.21,4,24,paid_social_facebook,new_visitor
j_2f81a6721c,u_b04a636d15a7,2023-10-26 08:25:08,121.81,3,22,paid_search_google,high_intent_shopper
j_166c44d3f3,u_baed1780b0dc,2023-12-20 00:35:39,146.42,3,21,paid_social_facebook,high_intent_shopper
j_d6d81ace51,u_e8fdc9fc4336,2023-05-17 16:09:56,89.33,7,24,paid_search_google,brand_aware_browser
j_f4570e24c8,u_ff8826f2dcba,2023-10-12 02:09:08,214.76,4,25,paid_search_google,repeat_customer
j_a5845f67ef,u_4fc8d631d41c,2023-08-16 09:03:14,110.54,1,0,influencer,repeat_customer
j_0ca20631f5,u_7a31305b502f,2023-02-15 13:03:36,148.32,1,0,display_programmatic,high_intent_shopper
j_693e4c7727,u_5270923bb0a8,2023-09-29 20:50:41,153.88,1,0,paid_social_facebook,repeat_customer
j_92f98cec59,u_96a33eb859b9,2023-06-06 21:35:13,108.75,1,0,display_programmatic,repeat_customer
j_32fead6584,u_bb9cfdbbcb58,2023-03-23 22:57:01,302.78,1,0,email_newsletter,repeat_customer
j_8c6e31e6c4,u_ff735af0ed11,2023-04-02 12:46:41,31.3,2,25,email_retargeting,price_sensitive
j_3d1e04ccfc,u_2d2ceb04b7cc,2023-06-21 03:26:58,115.67,1,0,paid_search_google,high_intent_shopper
j_2ddcb27564,u_947b3a38bfc6,2023-05-13 18:47:52,94.19,3,25,organic_search_seo,high_intent_shopper
j_659ce09f2c,u_1a5bf8008a77,2023-06-13 09:54:47,179.75,4,25,email_newsletter,brand_aware_browser
j_b070b92f37,u_dd06b89fd682,2023-12-16 03:24:50,41.41,1,0,paid_social_facebook,high_intent_shopper
j_fd54abdd44,u_d9a5bb1cec6c,2023-01-26 14:16:06,118.34,1,0,influencer,repeat_customer
j_f69dc9de0b,u_4267966687ce,2023-05-20 17:08:23,216.05,1,0,organic_search_seo,repeat_customer
j_c3bd320301,u_2675655f21a3,2023-03-01 14:45:50,45.11,1,0,email_newsletter,repeat_customer
j_e7e385d52f,u_562ead33ad15,2023-04-05 07:23:44,96.78,2,15,paid_search_google,repeat_customer
j_c395e0bb23,u_9ad07207c42e,2023-02-06 01:04:19,287.48,1,0,organic_search_seo,repeat_customer
j_29e19e6071,u_20161e09cc41,2023-09-27 20:43:17,29.98,3,1,influencer,price_sensitive
j_94f53325e0,u_90145c602e74,2023-04-20 14:05:52,24.03,1,0,paid_social_instagram,price_sensitive
j_837bb619da,u_23bd3b129ca7,2023-11-26 20:35:59,102.29,1,0,display_programmatic,brand_aware_browser
j_e7fbcc37e8,u_d2287d62322b,2023-06-03 03:24:36,58.58,7,24,paid_social_facebook,brand_aware_browser
j_2f2759d146,u_a26f263d51c6,2023-04-19 00:11:00,161.39,4,15,paid_social_facebook,high_intent_shopper
j_047b03ec57,u_9c2ffd945a0f,2023-07-20 21:21:48,67.45,1,0,paid_social_instagram,repeat_customer
j_5858894710,u_a0599b63ad1b,2023-07-12 17:00:07,68.23,4,19,influencer,high_intent_shopper
j_436ffd7850,u_4696e310a7e9,2023-06-06 02:08:58,62.35,1,0,paid_social_instagram,repeat_customer
j_71f6c437d2,u_c3af21e8c2dc,2023-03-02 06:16:07,184.53,3,7,email_newsletter,repeat_customer
j_364f868864,u_ef4b362e9f2e,2023-09-26 03:43:10,121.14,1,0,paid_social_facebook,repeat_customer
j_c4546443ee,u_a2687d601398,2023-09-16 11:56:06,66.83,6,25,direct,brand_aware_browser
j_92dec34c4a,u_9771f56ed4be,2023-04-26 02:09:34,164.87,3,15,paid_social_facebook,repeat_customer
j_4b32712d2b,u_137167313da7,2023-09-29 04:19:25,163.85,1,0,paid_social_facebook,repeat_customer
j_5ef36d442f,u_c6036638493e,2023-06-13 05:44:02,68.9,1,0,paid_search_google,high_intent_shopper
j_00b84752c2,u_f49262cd63a9,2023-07-21 20:55:28,218.42,1,0,paid_social_facebook,high_intent_shopper
j_962fbc1fbd,u_85207607290a,2023-11-29 13:57:17,231.24,1,0,paid_social_facebook,repeat_customer
j_c691258a1f,u_25ce9b09a88f,2023-04-30 10:37:00,68.36,5,25,email_retargeting,high_intent_shopper
j_769470140e,u_90afe2b90a02,2023-07-11 23:51:33,31.55,2,13,email_retargeting,price_sensitive
j_a0722fb41d,u_07824f6ed374,2023-08-19 14:33:13,65.99,2,10,email_retargeting,price_sensitive
j_5804137f46,u_537152f331c5,2023-08-10 15:02:52,29.37,4,24,paid_social_facebook,new_visitor
j_974e880ca6,u_2880e057c669,2023-06-07 12:49:09,97.37,6,23,paid_social_instagram,new_visitor
j_245f2a3c72,u_5325a37cb99c,2023-09-18 16:13:39,98.44,2,10,paid_social_facebook,repeat_customer
j_39cb75e6dc,u_82148bb00fb5,2023-11-22 20:38:22,32.73,1,0,display_programmatic,brand_aware_browser
j_c237e9b9d9,u_885d92706d60,2023-09-13 02:05:55,36.91,7,29,paid_social_facebook,new_visitor
j_d62ca5e5a3,u_32d3795f50ca,2023-07-15 16:08:59,166.2,1,0,paid_social_facebook,repeat_customer
j_9798d992f0,u_571a04192d55,2023-05-10 11:56:29,92.26,3,11,display_programmatic,price_sensitive
j_8c9c205f72,u_a324d4b9cc04,2023-02-19 22:01:55,56.71,1,0,direct,price_sensitive
j_9405cf2cab,u_2f69057c8357,2023-11-18 16:59:48,112.58,2,0,paid_search_google,repeat_customer
j_41d4f2b189,u_5f0d4f65d61d,2023-03-29 08:18:57,36.2,1,0,influencer,high_intent_shopper
j_4c2cd35da6,u_b410306f3255,2023-12-31 00:16:16,57.15,2,2,paid_search_google,price_sensitive
j_c976239015,u_c1fffba7bf92,2023-08-05 21:04:26,109.31,4,10,email_retargeting,high_intent_shopper
j_fe360d7e9e,u_302f751963c2,2023-06-14 02:51:32,134.16,1,0,paid_social_instagram,repeat_customer
j_8accf4a71e,u_e739cf31e0be,2023-11-03 00:51:41,56.77,9,26,paid_search_bing,new_visitor
j_30fa6fc78d,u_a6202113d1cd,2023-03-15 01:58:18,119.27,1,0,email_newsletter,repeat_customer
j_1bb8b270f4,u_7da36c2e2a9b,2023-05-16 07:52:58,156.22,1,0,display_programmatic,repeat_customer
j_2dde382a66,u_e958e39552b8,2023-06-07 16:39:45,144.31,1,0,email_newsletter,repeat_customer
j_bdaa944d21,u_78f1a5413da5,2023-01-20 08:35:50,83.53,4,13,paid_search_google,brand_aware_browser
j_811bd6846c,u_156fb54f0ee0,2023-12-28 06:47:32,119.42,5,24,paid_social_instagram,brand_aware_browser
j_7e442633d4,u_a812a809eb5c,2023-01-29 17:14:22,41.84,1,0,paid_social_facebook,high_intent_shopper
j_595bd90eca,u_f741ecb6a45b,2023-08-07 23:21:30,31.36,5,18,paid_search_bing,new_visitor
j_e26fbb4669,u_9ead6e3fa4bf,2023-04-28 23:24:13,48.83,2,0,direct,price_sensitive
j_a4fa731cf8,u_0327cb7cdb73,2023-02-03 12:31:33,127.87,6,19,email_newsletter,high_intent_shopper
j_7a5ee76720,u_c7786c800c9e,2023-03-26 00:28:45,65.61,1,0,paid_social_instagram,repeat_customer
j_20eccfa001,u_e2fee3132604,2023-07-17 21:17:03,98.0,11,23,direct,new_visitor
j_a4798725d9,u_0963d26c5a2c,2023-05-24 11:44:23,72.81,1,0,paid_search_google,repeat_customer
j_9f3e2a9502,u_7cf47ff8ec9f,2023-09-22 04:23:19,41.95,5,22,paid_social_instagram,price_sensitive
j_bb21a13354,u_92d4eebf76db,2023-12-06 15:01:50,94.1,4,14,email_retargeting,brand_aware_browser
j_7e737e935f,u_6f01ed752e7f,2023-09-08 19:05:10,53.85,2,3,paid_social_facebook,brand_aware_browser
j_0c3de92fbc,u_343a0c8d4062,2023-07-17 06:31:03,100.84,2,12,email_retargeting,repeat_customer
j_2a7fe422fc,u_b81bdb327e3a,2023-03-06 20:04:43,102.65,1,0,email_retargeting,price_sensitive
j_64cde4b3b1,u_0ff6b9b2e5da,2023-03-20 01:50:13,73.41,2,7,paid_search_google,high_intent_shopper
j_845fe506f2,u_a5b473c87ed6,2023-05-20 14:26:10,124.16,2,11,paid_search_google,high_intent_shopper
j_92558d79e3,u_776e77e200c1,2023-07-17 18:30:40,230.99,1,0,email_newsletter,repeat_customer
j_dcb13b586a,u_476b5f82b51a,2023-11-12 23:59:12,115.13,1,0,paid_social_facebook,repeat_customer
j_c597a3b468,u_9ef495635a99,2023-01-23 02:07:13,139.24,2,9,paid_search_google,high_intent_shopper
j_16abe4c98f,u_572929e9457c,2023-02-23 04:06:40,121.18,7,9,paid_search_bing,high_intent_shopper
j_84bc380555,u_f4d19f530a8d,2023-02-05 23:20:55,387.41,1,0,paid_social_instagram,repeat_customer
j_bcc5989669,u_54102bdece0c,2023-07-10 19:38:58,108.5,1,0,paid_search_google,repeat_customer
j_c193406987,u_c7c4ecf017a5,2023-11-01 00:32:07,84.08,2,9,paid_social_facebook,high_intent_shopper
j_8684552add,u_ea89df139ac5,2023-09-08 20:47:30,107.15,9,28,email_retargeting,new_visitor
j_1396c75184,u_68611f86e9d2,2023-03-14 12:24:32,42.4,3,23,direct,price_sensitive
j_0ae414ced0,u_1a304c1c4091,2023-01-29 15:40:11,74.1,3,11,paid_social_facebook,repeat_customer
j_4ef467b1dc,u_876665519d90,2023-08-25 12:05:08,91.24,1,0,paid_social_facebook,high_intent_shopper
j_fa77ae00af,u_0624880de98d,2023-08-31 19:09:09,55.08,4,21,paid_search_google,high_intent_shopper
j_f51309b01e,u_8021857ab45e,2023-01-17 18:43:16,120.76,1,0,email_newsletter,high_intent_shopper
j_db53030252,u_eaf961ac89eb,2023-02-28 23:50:44,155.89,1,0,paid_social_facebook,high_intent_shopper
j_65f519bbe0,u_64691104b233,2023-03-07 10:25:07,270.17,1,0,paid_social_facebook,repeat_customer
j_f21408fc2f,u_1e9a6c8f940a,2023-06-30 05:02:57,56.74,1,0,paid_social_facebook,high_intent_shopper
j_5bbe076efe,u_ce8fdf96cf12,2023-11-13 20:31:23,66.74,1,0,paid_social_facebook,high_intent_shopper
j_f0f0cb70db,u_144cbeda8fa4,2023-03-06 17:53:02,322.07,1,0,paid_social_instagram,repeat_customer
j_21e58a8ba6,u_3962851a78c3,2023-08-14 04:13:01,64.6,3,8,email_retargeting,high_intent_shopper
j_7d23038fa0,u_c6a87f5d984e,2023-02-18 14:45:06,104.55,1,0,email_newsletter,repeat_customer
j_037a8fd8b2,u_d3823591511b,2023-11-14 12:11:02,107.28,3,12,paid_search_google,repeat_customer
j_b0316375c3,u_126ba9c74229,2023-04-16 07:45:49,60.73,3,14,paid_social_facebook,high_intent_shopper
j_5764dea212,u_48ac2ff196ae,2023-04-15 08:28:27,47.7,11,25,paid_search_google,new_visitor
j_4d255c4da3,u_4c59cb5f609a,2023-12-24 20:18:11,145.02,3,20,paid_search_google,high_intent_shopper
j_671cb13989,u_8e701df6446f,2023-07-03 21:47:00,128.06,3,17,paid_social_instagram,repeat_customer
j_7db85a4ed3,u_e2222f3081b6,2023-06-23 21:08:01,65.14,2,2,email_newsletter,price_sensitive
j_3bb8fea075,u_0fd736be977d,2023-01-24 10:56:52,59.07,1,0,paid_search_google,price_sensitive
j_38effc7279,u_38e11c8be0b4,2023-03-17 01:29:35,35.27,3,19,paid_search_google,price_sensitive
j_458b476717,u_fa92dcaafd69,2023-10-15 21:34:48,45.55,1,0,email_newsletter,price_sensitive
j_fcd2d699b7,u_bb5bcc9dc25b,2023-10-11 11:56:06,81.91,3,17,paid_search_google,high_intent_shopper
j_54450059b2,u_8ae079ca1e2b,2023-03-13 21:10:03,91.28,2,1,paid_search_google,price_sensitive
j_89a20cc2ca,u_1112e2e45ddb,2023-06-17 05:55:42,249.2,1,0,email_newsletter,high_intent_shopper
j_248f0ba947,u_f71958496c1f,2023-07-31 19:31:19,78.18,2,10,paid_social_instagram,repeat_customer
j_f2c68c10bd,u_f47c7682817e,2023-03-14 22:48:38,55.99,1,0,paid_social_instagram,high_intent_shopper
j_a29569e3fc,u_0b71b88b54cc,2023-07-21 12:13:09,123.17,1,0,paid_social_facebook,high_intent_shopper
j_87afd4b057,u_3ad5765bc8e6,2023-10-13 09:28:11,56.11,6,20,paid_search_google,high_intent_shopper
j_5bac53770a,u_812c4a9539fa,2023-08-26 13:34:06,79.2,1,0,display_programmatic,high_intent_shopper
j_e2712df834,u_74e1e84dd931,2023-08-01 05:32:15,130.42,1,0,influencer,repeat_customer
j_8514e0700d,u_2a0504f4f2e4,2023-06-16 20:29:05,60.45,2,28,email_retargeting,high_intent_shopper
j_f9f6c617f1,u_e7891f0471d4,2023-06-21 09:49:12,78.76,3,16,paid_search_google,high_intent_shopper
j_4401b824cb,u_e28ed41a2dfe,2023-12-13 22:18:04,69.53,7,23,display_programmatic,brand_aware_browser
j_89f2c1294d,u_266b3b2d297c,2023-10-18 13:17:36,84.16,3,15,paid_search_google,high_intent_shopper
j_5a7eee4e82,u_89dbfed9c861,2023-05-06 05:43:43,56.17,10,27,display_programmatic,new_visitor
j_0069b46cc4,u_952b540ab1cf,2023-05-24 03:35:48,137.81,2,7,paid_social_facebook,repeat_customer
j_7e792daa87,u_41873e1940f3,2023-06-22 02:59:40,51.93,4,19,paid_social_facebook,brand_aware_browser
j_7900c80344,u_223e242f2712,2023-02-25 13:45:48,40.0,5,26,email_newsletter,new_visitor
j_acfde4fa79,u_2b41f96f4a7c,2023-05-23 02:39:04,85.56,3,29,paid_search_google,repeat_customer
j_875229d798,u_6c61afb99957,2023-04-26 01:25:35,91.01,5,16,direct,new_visitor
j_5c4d0fe84a,u_65727525c871,2023-05-22 21:17:34,154.51,2,12,email_newsletter,high_intent_shopper
j_a867519cfc,u_56b4a45d1cb1,2023-04-28 15:59:05,50.54,3,12,direct,new_visitor
j_e0462daca2,u_3899620ac2c2,2023-05-22 01:12:29,101.83,1,0,email_newsletter,repeat_customer
j_59a2e7dbf5,u_0b6c98f99efc,2023-04-10 03:45:16,249.32,1,0,email_retargeting,repeat_customer
j_804c476ab1,u_241613838815,2023-02-15 12:55:39,106.25,1,0,paid_social_facebook,repeat_customer
j_f0cd1f1d83,u_93ac3a6d4683,2023-03-27 11:46:55,99.78,2,2,paid_search_google,price_sensitive
j_33c6f31a50,u_a1841d5253da,2023-02-15 12:19:29,51.97,7,20,direct,new_visitor
j_7658aaa99b,u_5b6d5ae37e96,2023-02-02 07:32:14,118.1,2,8,paid_search_google,price_sensitive
j_25d7315bc2,u_0787152c717e,2023-04-05 18:12:49,195.03,2,3,email_retargeting,high_intent_shopper
j_8f6dfe923c,u_a6eedf9f10e4,2023-03-30 11:48:26,74.73,5,22,paid_search_google,new_visitor
j_6fc0a9dfeb,u_60f7514ffad7,2023-10-21 12:03:28,167.43,1,0,paid_social_instagram,high_intent_shopper
j_10a0414b39,u_f51d50a866d4,2023-04-10 18:53:35,87.93,1,0,display_programmatic,high_intent_shopper
j_2bc01dda05,u_b50be0e3c004,2023-11-25 16:10:06,149.4,1,0,paid_social_facebook,repeat_customer
j_c31e491734,u_1b8df374c1a2,2023-11-26 09:44:03,130.17,1,0,display_programmatic,high_intent_shopper
j_cd4236f200,u_8bafe1a75027,2023-11-02 18:44:05,22.25,2,1,paid_search_google,new_visitor
j_f8ffcbe558,u_2336c35fa990,2023-04-06 12:56:40,101.95,6,16,paid_social_instagram,high_intent_shopper
j_887e846c90,u_51f98eb6b6c7,2023-12-09 19:16:54,114.28,1,0,paid_social_instagram,high_intent_shopper
j_694f761843,u_2e927bfb9e8d,2023-07-25 22:03:46,61.73,3,26,paid_social_facebook,high_intent_shopper
j_9d58e8e1de,u_733f5c0ab2e4,2023-03-19 04:35:06,50.97,2,3,paid_search_google,brand_aware_browser
j_511bdd777a,u_552a94f76f89,2023-12-05 01:48:16,117.45,2,18,email_newsletter,high_intent_shopper
j_19c45e7527,u_bca40c907dbe,2023-09-13 21:55:48,73.13,1,0,display_programmatic,repeat_customer
j_1e0eb1d63e,u_b6da092e3185,2023-03-07 04:52:39,169.38,3,6,direct,high_intent_shopper
j_279a567424,u_27ab7fd53d7f,2023-06-30 10:55:40,125.28,2,16,email_retargeting,brand_aware_browser
j_82c676b687,u_43f745fed4fb,2023-04-19 23:03:38,110.65,2,0,paid_search_google,repeat_customer
j_2f0ba7b433,u_4f1c48cc9eaf,2023-08-10 05:47:36,150.62,1,0,direct,high_intent_shopper
j_c0f6a81478,u_4351a10a075f,2023-02-23 16:48:22,92.97,6,21,influencer,brand_aware_browser
j_24fa0d9036,u_ca4b2a6ca073,2023-06-21 01:22:38,85.78,2,4,direct,repeat_customer
j_fa5104e2e2,u_55dafa2c7c17,2023-11-23 06:07:44,105.24,1,0,paid_search_google,high_intent_shopper
j_6e233ddce5,u_72939d26056c,2023-08-09 07:50:30,85.14,5,23,paid_social_facebook,price_sensitive
j_ef668433ff,u_ef356bc1f480,2023-07-03 17:38:03,125.23,1,0,email_newsletter,repeat_customer
j_f8282ae7d6,u_41ff27b35191,2023-05-09 02:17:19,49.35,2,18,paid_social_instagram,price_sensitive
j_dc467253de,u_550a1971b4f2,2023-05-19 16:58:06,46.43,5,21,paid_social_facebook,brand_aware_browser
j_59459ee3d9,u_15f5b78aca77,2023-11-14 04:50:33,44.63,1,0,influencer,brand_aware_browser
j_e930156726,u_e8d526eb89a8,2023-03-27 09:19:08,160.84,1,0,paid_social_facebook,high_intent_shopper
j_802dc3e508,u_b16c9d4edefe,2023-02-22 12:20:01,202.49,1,0,paid_search_google,high_intent_shopper
j_125f3582ee,u_5aaa57695664,2023-04-05 11:49:09,109.96,1,0,paid_social_facebook,repeat_customer
j_d8c02a9f3d,u_4c6da9ea5c56,2023-09-25 21:18:20,35.11,2,5,paid_search_google,high_intent_shopper
j_7a9a5e7511,u_b536f7df97a0,2023-08-13 17:41:12,407.48,3,13,email_retargeting,repeat_customer
j_36872da584,u_4551a5c2e2d4,2023-06-29 10:15:58,301.03,1,0,paid_social_instagram,repeat_customer
j_dfe12e76de,u_d40320efdfba,2023-08-01 21:58:44,38.95,8,25,paid_search_google,price_sensitive
j_e6d1a3b83b,u_2f236704132b,2023-06-12 12:26:14,64.19,3,16,paid_social_instagram,price_sensitive
j_78c8393977,u_195016cf2985,2023-07-15 10:48:19,26.13,10,21,paid_search_google,new_visitor
j_8be546639f,u_395f02acab73,2023-08-15 01:12:58,207.82,2,11,paid_search_google,high_intent_shopper
j_4d0888a777,u_e0ace6751ef9,2023-09-27 07:20:17,186.6,2,0,paid_social_facebook,high_intent_shopper
j_09169ff099,u_4a421081979c,2023-03-23 05:07:58,118.43,4,26,paid_search_google,brand_aware_browser
j_bba75c44e0,u_3af500fe49a6,2023-11-03 11:39:29,155.09,1,0,paid_social_instagram,high_intent_shopper
j_a22f3570d1,u_9833f7164e97,2023-04-09 18:57:01,63.51,6,28,direct,brand_aware_browser
j_0a544ae194,u_a2bc731e7fab,2023-05-25 19:00:28,156.67,1,0,paid_social_facebook,high_intent_shopper
j_2b3cbf9280,u_4699d4adb0c1,2023-06-09 23:30:45,72.98,2,14,paid_search_google,high_intent_shopper
j_778515fd6e,u_451927111630,2023-10-07 06:48:47,65.74,3,21,paid_search_google,price_sensitive
j_129fe69c5d,u_5a3e152b992d,2023-08-22 13:20:51,105.86,5,14,paid_search_google,high_intent_shopper
j_bcd895f3c4,u_07fc4242b1c1,2023-09-08 19:53:05,97.75,3,18,email_newsletter,brand_aware_browser
j_c1d1bc0d8a,u_c5fab50ce337,2023-11-28 19:11:07,143.6,2,9,influencer,repeat_customer
j_fce1fbe6b6,u_93a3cc3e464b,2023-09-11 23:30:15,44.48,6,18,paid_search_google,new_visitor
j_5b2d229cf5,u_228bf0a4b4fd,2023-04-23 04:34:40,165.41,1,0,email_newsletter,repeat_customer
j_905c08c3d9,u_91469baff730,2023-04-30 00:06:08,62.81,1,0,influencer,price_sensitive
j_3db2f70103,u_377eb8e398e2,2023-07-21 13:58:18,91.63,1,0,email_newsletter,high_intent_shopper
j_b1192c3336,u_49e91a5ce3c9,2023-09-07 09:03:48,56.89,5,25,direct,price_sensitive
j_05b59a065a,u_0c7721b6deea,2023-11-21 03:47:17,61.9,1,0,paid_social_facebook,high_intent_shopper
j_350fa80b5e,u_da835dc8904a,2023-05-21 08:34:40,130.75,1,0,email_retargeting,repeat_customer
j_b42881cf8f,u_7aaf4c96d3eb,2023-11-08 04:10:51,71.08,1,0,paid_search_google,high_intent_shopper
j_47bf3449a9,u_92932cdcbd96,2023-06-03 12:28:46,151.28,1,0,display_programmatic,brand_aware_browser
j_a576b81f17,u_ec9ca44a70ba,2023-10-29 14:19:50,214.42,1,0,display_programmatic,repeat_customer
j_4e757447da,u_8d28d30c442f,2023-03-07 05:03:06,184.92,1,0,display_programmatic,high_intent_shopper
j_b4ad145084,u_b51746b396bb,2023-08-12 14:47:43,465.95,1,0,paid_social_facebook,high_intent_shopper
j_ef70ff16fc,u_3d7ff291bc4f,2023-06-09 12:33:14,45.8,3,25,organic_search_seo,price_sensitive
j_6e7fc35785,u_6c9133418986,2023-10-26 00:39:08,69.59,7,24,display_programmatic,brand_aware_browser
j_2da2b9e51d,u_bec49dd86fce,2023-04-29 11:44:30,130.91,2,6,email_newsletter,repeat_customer
j_cf79f3df3e,u_6544ce43ae14,2023-09-07 19:11:38,51.03,5,16,direct,price_sensitive
j_b4dcbe2c71,u_3870a1dce821,2023-09-21 03:25:28,119.79,1,0,paid_social_facebook,brand_aware_browser
j_30f886edc7,u_44a2dcfdf43d,2023-10-14 15:40:10,67.5,4,17,paid_social_instagram,price_sensitive
j_1e9ab8625b,u_b7ce3b3b5381,2023-02-22 06:26:40,123.95,1,0,paid_social_instagram,repeat_customer
j_958a61c004,u_3a29510dce3f,2023-05-21 01:27:19,24.45,2,3,paid_social_facebook,price_sensitive
j_104547d136,u_659ce3d2bd16,2023-10-12 03:49:22,55.35,5,20,paid_search_google,price_sensitive
j_fd7d967a96,u_ec1fd028246b,2023-12-03 00:43:26,67.77,1,0,email_retargeting,high_intent_shopper
j_b4a3abc613,u_c07b59ebe23e,2023-07-07 04:59:30,54.76,5,20,paid_social_facebook,price_sensitive
j_08b62babe6,u_d845102be142,2023-08-02 20:42:55,113.32,1,0,paid_social_facebook,high_intent_shopper
j_be803c9836,u_0477cdbc48e9,2023-06-27 08:46:08,71.39,2,18,email_retargeting,high_intent_shopper
j_76a8eba93f,u_bcb22a693521,2023-03-06 08:06:55,347.03,1,0,paid_social_instagram,repeat_customer
j_35d71dd9cd,u_fec48fd94722,2023-04-22 03:39:57,140.62,1,0,paid_social_facebook,repeat_customer
j_dbd2ec45ae,u_933a82f80974,2023-03-19 04:49:22,52.64,9,29,email_newsletter,brand_aware_browser
j_41e33c867c,u_a68be6d3a1f7,2023-08-10 04:17:18,274.21,1,0,email_newsletter,repeat_customer
j_8ed37bc304,u_95bba998b324,2023-03-02 06:07:12,71.54,1,0,influencer,high_intent_shopper
j_66caed5aa0,u_6cea789e199f,2023-04-13 03:12:31,109.99,1,0,influencer,repeat_customer
j_c22d5c0f11,u_a6d824005d26,2023-07-08 21:31:10,102.95,1,0,organic_search_seo,repeat_customer
j_6a9f359e93,u_5bab2e317fdb,2023-03-20 03:05:29,67.12,2,13,display_programmatic,repeat_customer
j_9f09a2dfba,u_b95e71acc613,2023-10-26 00:18:55,163.74,2,22,paid_search_google,high_intent_shopper
j_e26836bc35,u_7e99a0973fc6,2023-03-26 17:10:46,68.48,3,3,paid_search_google,price_sensitive
j_8e0cba2bb5,u_7e243ff64243,2023-12-10 19:39:56,115.86,2,13,influencer,high_intent_shopper
j_c19dedea9d,u_8cf26f01cb62,2023-02-18 10:44:32,103.55,1,0,paid_social_facebook,high_intent_shopper
j_7de74fbd34,u_904bace7e8d1,2023-11-06 00:57:58,58.33,4,19,influencer,price_sensitive
j_b05d44e63e,u_0de3fa193982,2023-03-07 15:51:46,156.2,1,0,paid_social_facebook,repeat_customer
j_b03982ba1d,u_f4936d6162aa,2023-04-25 19:26:57,73.15,2,4,paid_social_facebook,high_intent_shopper
j_b75912078a,u_c1b82b98b793,2023-07-22 09:19:02,72.07,4,12,paid_search_google,price_sensitive
j_206da2dff1,u_b925f266032e,2023-04-24 00:07:55,32.21,4,4,paid_search_google,price_sensitive
j_6b46b0fb1b,u_10f6756cf0e3,2023-05-26 13:56:51,48.43,1,0,paid_social_facebook,repeat_customer
j_43e1df8d26,u_5f4382dc9392,2023-07-08 23:23:28,208.84,1,0,display_programmatic,repeat_customer
j_9876a03ce1,u_453141c1e678,2023-04-14 03:02:30,55.11,2,7,influencer,price_sensitive
j_b57064502d,u_4037ad0b908f,2023-03-21 10:48:36,55.6,1,0,organic_search_seo,price_sensitive
j_b3040365c1,u_f41f0e419d16,2023-10-02 17:50:22,88.59,2,20,email_retargeting,repeat_customer
j_71f4a9bf61,u_0cc348f3cbd0,2023-10-29 06:30:14,135.72,1,0,paid_social_facebook,repeat_customer
j_f00ec6463e,u_f1d7c4cec77c,2023-09-27 03:55:31,78.27,3,13,paid_social_facebook,price_sensitive
j_2b85aee488,u_a67cec669955,2023-10-22 08:42:36,122.58,1,0,email_newsletter,repeat_customer
j_3d835db07e,u_d3ebffcb7136,2023-11-15 18:37:59,249.53,2,2,email_newsletter,repeat_customer
j_d415308d98,u_bf99ac91fa2e,2023-11-16 23:48:09,47.47,4,18,paid_search_bing,price_sensitive
j_48df500131,u_d95f96ffbe55,2023-12-10 23:10:48,241.44,1,0,display_programmatic,high_intent_shopper
j_e5770d3d9c,u_58e80090fba6,2023-11-09 20:30:22,125.71,5,14,paid_search_google,new_visitor
j_ddf6797f23,u_71926ce907f7,2023-12-06 07:06:03,107.97,2,2,email_newsletter,repeat_customer
j_84271ea75a,u_22e47158148a,2023-05-18 11:11:36,102.82,2,4,direct,brand_aware_browser
j_bae0b4e698,u_f413a69ffff7,2023-05-25 18:05:59,54.58,2,8,email_retargeting,price_sensitive
j_b60c011f49,u_5bdfc2cfc9cb,2023-06-28 12:52:58,46.65,7,21,paid_search_google,brand_aware_browser
j_84d33df781,u_9f0bb17d8562,2023-02-11 01:49:13,101.95,2,17,email_newsletter,repeat_customer
j_772a862bee,u_5b874b34d645,2023-12-11 02:39:30,20.68,5,14,display_programmatic,brand_aware_browser
j_c35b53db7c,u_1630a29237d7,2023-12-08 11:20:31,42.71,2,3,email_newsletter,brand_aware_browser
j_ec5ce701a1,u_616afe79609c,2023-03-01 17:19:44,88.34,4,19,email_newsletter,new_visitor
j_153ad6df25,u_07f86f125f45,2023-11-30 11:30:37,29.26,2,3,paid_search_bing,price_sensitive
j_f6680b5aee,u_bb809acbe86e,2023-09-22 13:34:32,88.72,2,9,email_newsletter,repeat_customer
j_13bbc58251,u_a55a13d1d622,2023-12-02 11:23:28,53.69,4,18,paid_social_facebook,price_sensitive
j_feae6a6079,u_7f307f33bf1d,2023-06-28 05:08:28,92.94,6,27,email_retargeting,brand_aware_browser
j_f4dfc3f875,u_291d07ab836d,2023-02-20 14:50:10,179.0,1,0,paid_social_instagram,repeat_customer
j_f05b75ea42,u_cae4d41740a4,2023-07-15 03:53:06,239.79,1,0,influencer,repeat_customer
j_2f5611e4a4,u_cdae5fbe6aa7,2023-10-19 19:54:08,89.99,1,0,direct,repeat_customer
j_5f59d2295e,u_31a4d703f61a,2023-10-16 12:40:14,162.04,1,0,paid_social_facebook,repeat_customer
j_d96bede585,u_056a4465c5f1,2023-06-12 06:14:18,57.46,4,25,paid_search_google,price_sensitive
j_b727bf9272,u_c1655d7dc3dc,2023-05-03 12:26:20,83.19,1,0,paid_social_instagram,high_intent_shopper
j_002095d6b6,u_753c682d83fa,2023-07-04 17:27:43,49.35,3,16,organic_search_seo,price_sensitive
j_c005327588,u_e7f64cb1d44c,2023-09-07 13:52:17,74.69,1,0,organic_search_seo,high_intent_shopper
j_0ecfc43463,u_6b1c41abd10c,2023-08-24 15:47:30,97.06,1,0,email_newsletter,brand_aware_browser
j_c3555eb17c,u_8dfbf51d0e85,2023-11-08 03:31:23,120.72,4,6,paid_search_google,brand_aware_browser
j_18828307de,u_22b38ae6d87a,2023-05-20 10:20:57,50.58,6,13,paid_social_facebook,brand_aware_browser
j_d5f7927cb5,u_0df2c8d93c54,2023-06-24 04:45:38,89.72,5,24,paid_search_bing,new_visitor
j_e0dcaf9653,u_e217c82f4be5,2023-12-22 17:38:43,101.47,3,3,email_newsletter,price_sensitive
j_b9017a95d7,u_6aa5d64108e1,2023-06-24 20:20:06,47.04,2,6,paid_search_google,brand_aware_browser
j_a2362edf28,u_9d9e44b8bb20,2023-03-07 07:44:54,128.19,1,0,paid_social_instagram,repeat_customer
j_069683e5ad,u_dca8bbd8a3d3,2023-12-13 06:23:10,58.01,2,19,paid_search_google,high_intent_shopper
j_1467a51ad1,u_ad74e2019b2d,2023-07-10 11:16:43,69.06,1,0,paid_search_google,price_sensitive
j_32c7ce016f,u_58cf9d598c9a,2023-10-20 17:04:43,34.32,6,28,display_programmatic,price_sensitive
j_3ae2f5e219,u_53d30454807d,2023-06-15 23:25:09,48.4,1,0,email_newsletter,brand_aware_browser
j_f1c6cbc5ca,u_c06a2c8344db,2023-03-08 17:52:50,71.18,1,0,paid_social_facebook,repeat_customer
j_dcc9290923,u_0f9e16146a3e,2023-09-11 21:22:57,90.38,1,0,display_programmatic,repeat_customer
j_7dee7312db,u_3ad3a0b31fbe,2023-07-01 18:20:19,168.97,1,0,paid_social_facebook,high_intent_shopper
j_7a0b7a2720,u_1c62046fa004,2023-09-29 08:33:52,53.08,3,19,display_programmatic,high_intent_shopper
j_d418c56c2d,u_5a0434a27449,2023-05-25 02:59:36,188.41,1,0,influencer,repeat_customer
j_f6ffc43325,u_c07eac19b01c,2023-05-24 14:08:59,156.9,1,0,email_retargeting,repeat_customer
j_9405fcb95f,u_2f2c7b193cd5,2023-05-24 17:34:27,181.77,4,24,paid_search_google,brand_aware_browser
j_edf651d71f,u_3afe4a3285e6,2023-07-20 13:33:48,74.25,3,18,display_programmatic,high_intent_shopper
j_2ea3025df1,u_7451a6e3783f,2023-03-12 22:46:34,78.41,3,16,direct,high_intent_shopper
j_3b1b6cbe5d,u_75ced6364f92,2023-07-10 14:17:19,96.86,1,0,display_programmatic,repeat_customer
j_70e653f4dc,u_3488fc9be4da,2023-11-08 16:15:23,210.15,2,22,paid_search_google,repeat_customer
j_8d60f6ab5a,u_6b9a45e13644,2023-06-28 04:22:59,34.56,1,0,organic_search_seo,price_sensitive
j_66d122d845,u_cf26fd6f13df,2023-01-31 20:47:59,39.51,2,11,paid_search_bing,price_sensitive
j_c80424c987,u_b368b4cbf7fb,2023-09-16 04:43:43,44.33,3,20,organic_search_seo,high_intent_shopper
j_707aef996a,u_92c6535543ea,2023-09-18 00:13:34,281.81,2,10,paid_search_google,repeat_customer
j_f4b2cf9511,u_20aaa77ddaa7,2023-12-07 16:09:23,50.26,6,18,paid_search_google,new_visitor
j_e53c1706c9,u_80671406e08a,2023-10-09 09:41:41,80.33,4,24,paid_social_facebook,brand_aware_browser
j_82e63d5be9,u_83317ff40f1e,2023-02-01 01:29:43,102.65,1,0,influencer,repeat_customer
j_267ba89e42,u_28cdcd21e911,2023-10-25 02:11:24,255.87,4,17,paid_search_google,repeat_customer
j_85efa497fc,u_b2570136d55c,2023-09-21 18:48:53,98.22,11,16,email_newsletter,new_visitor
j_fa7d44ccad,u_3a5bde4e9c40,2023-11-29 09:44:22,104.75,2,11,email_newsletter,high_intent_shopper
j_f901062604,u_d99f68124531,2023-08-22 15:34:18,159.53,1,0,direct,high_intent_shopper
j_0a1f009373,u_cbba2fe45a3d,2023-07-06 07:51:58,102.59,3,13,display_programmatic,high_intent_shopper
j_e28e3dddb2,u_1a9cd6469217,2023-04-16 22:46:05,42.33,3,13,paid_search_google,price_sensitive
j_a5153eeb66,u_0e59038492fd,2023-06-30 11:39:20,14.8,3,26,paid_search_google,price_sensitive
j_f22dbae338,u_6a26072789a8,2023-04-07 06:58:35,81.75,1,0,paid_social_facebook,repeat_customer
j_da019b8420,u_f7f71f59d4b1,2023-06-13 15:49:40,60.92,3,5,direct,brand_aware_browser
j_3e246ada8e,u_29da708c3489,2023-04-07 00:34:24,303.8,1,0,influencer,repeat_customer
j_bd5dab6c42,u_073a703fd608,2023-12-10 21:24:26,162.84,2,6,paid_search_google,repeat_customer
j_a268e8481e,u_883262a96440,2023-09-08 09:08:59,31.77,2,3,paid_search_google,price_sensitive
j_f3489ff4a2,u_e5f4de330492,2023-06-10 17:36:54,105.41,1,0,paid_search_google,high_intent_shopper
j_9255ce2bb8,u_37dd82b24859,2023-06-18 01:00:08,98.65,1,0,organic_search_seo,repeat_customer
j_3063e1c6b4,u_95fa88d21663,2023-04-27 23:03:19,233.89,1,0,paid_social_facebook,repeat_customer
j_7847beaa0a,u_f1ff68bf7202,2023-02-04 02:23:45,137.47,2,14,direct,repeat_customer
j_57a8c423fa,u_3e9cd796c73c,2023-10-17 12:55:49,179.6,1,0,paid_social_facebook,repeat_customer
j_f4227f1bf4,u_c9c306fa56c2,2023-09-10 10:54:47,179.2,1,0,paid_social_instagram,high_intent_shopper
j_334bb87fc4,u_a393f6f4a78f,2023-12-27 02:48:39,112.89,5,27,display_programmatic,high_intent_shopper
j_7a8b4877ad,u_96ed4b1c015b,2023-07-11 04:12:14,140.74,1,0,paid_social_facebook,repeat_customer
j_bbe1954b1a,u_f33d6155a101,2023-08-08 11:04:45,149.54,3,16,direct,repeat_customer
j_5d25547022,u_7a03bc3eb2fd,2023-10-12 05:56:07,88.73,4,24,direct,price_sensitive
j_90be1472bb,u_9ab5680c17e5,2023-04-20 08:29:44,64.41,6,13,paid_social_instagram,new_visitor
j_6016414d29,u_bf1574a383aa,2023-02-13 15:37:10,59.05,6,27,paid_search_bing,new_visitor
j_930a085f0b,u_5b5046cc3d34,2023-06-10 11:27:36,87.18,1,0,direct,repeat_customer
j_1e6265fe4c,u_c81927cc64c0,2023-12-10 02:08:01,143.09,4,18,organic_search_seo,high_intent_shopper
j_fb1109c52a,u_e994d3c90dd4,2023-05-15 10:54:46,55.56,4,24,paid_social_facebook,brand_aware_browser
j_d185a93348,u_a6b858157c40,2023-09-28 12:56:25,134.61,2,5,paid_search_google,repeat_customer
j_8760a789d9,u_4d140e1b09c1,2023-11-05 12:57:24,73.46,1,0,organic_search_seo,high_intent_shopper
j_8f367ccabe,u_d9300f73e426,2023-06-29 22:19:24,88.74,2,15,paid_search_google,high_intent_shopper
j_0d2d597553,u_de48b1e9412d,2023-11-02 16:51:50,140.55,3,16,direct,repeat_customer
j_d9b9a3c6bf,u_cc9dece0d39c,2023-07-06 10:42:54,280.42,3,6,paid_search_google,repeat_customer
j_9493412630,u_a8196d07bdfa,2023-01-31 15:36:59,106.12,2,27,email_newsletter,repeat_customer
j_45a512bbc6,u_d0a65c20aaa6,2023-11-21 07:05:16,45.08,7,22,paid_social_instagram,brand_aware_browser
j_eeafc956a0,u_afc2abfd5929,2023-10-15 07:17:35,33.86,4,27,email_newsletter,price_sensitive
j_6aa3904f06,u_a8114788441c,2023-01-15 16:47:48,74.78,2,4,paid_search_google,price_sensitive
j_c2cc695c58,u_33f0ba1c5f62,2023-02-21 00:11:25,36.42,5,8,paid_social_instagram,brand_aware_browser
j_3a6ee086d9,u_b7ab64280e35,2023-08-28 19:54:51,168.59,1,0,email_newsletter,repeat_customer
j_d149b6ec12,u_893471b8d5c5,2023-12-19 10:26:08,72.51,7,19,paid_search_google,new_visitor
j_2363914e25,u_78e17be259c2,2023-09-19 01:23:41,114.28,1,0,paid_social_facebook,repeat_customer
j_65c725b6c7,u_7e4a5cae1494,2023-11-15 23:18:03,192.4,2,4,display_programmatic,repeat_customer
j_5086f221a8,u_dce82f9157cd,2023-02-03 05:57:38,142.45,1,0,paid_social_instagram,high_intent_shopper
j_fa33b103f7,u_41388fd168c8,2023-07-08 04:02:06,44.9,8,23,email_retargeting,brand_aware_browser
j_35e0330487,u_8d904a92b8dd,2023-12-05 13:32:47,67.56,3,9,paid_search_bing,brand_aware_browser
j_c84a160c22,u_0a3bf5877869,2023-01-26 22:07:17,55.03,1,0,paid_social_facebook,price_sensitive
j_4073d1815c,u_61a1393fd6ae,2023-12-25 15:40:06,55.75,2,5,paid_search_google,brand_aware_browser
j_7486223750,u_2fe8f021cdbd,2023-01-14 15:13:15,79.71,2,0,paid_search_google,repeat_customer
j_49f12c8845,u_ec192c655b25,2023-05-24 12:26:30,46.9,1,0,paid_search_bing,high_intent_shopper
j_d76cb7ae41,u_74b5fa0f4f86,2023-04-01 13:04:24,259.52,3,1,email_retargeting,repeat_customer
j_ca9c819689,u_26a3d8449b6a,2023-11-21 08:20:34,110.86,4,21,organic_search_seo,new_visitor
j_198788bc5f,u_b54e53e9b7e5,2023-03-06 00:06:31,152.46,4,15,paid_social_instagram,high_intent_shopper
j_93368d2769,u_0c2188743908,2023-10-15 11:25:45,98.22,3,10,email_newsletter,repeat_customer
j_fe978f84b6,u_0a4c78be3ed9,2023-06-10 03:39:36,50.34,1,0,display_programmatic,high_intent_shopper
j_2ef1957bca,u_97bfa82db334,2023-07-03 17:35:51,45.88,2,13,organic_search_seo,price_sensitive
j_914ca83229,u_695c3228b055,2023-11-26 19:01:15,160.67,1,0,paid_search_google,repeat_customer
j_db823416dd,u_3f7da4cd3c46,2023-06-21 12:31:18,82.89,1,0,email_newsletter,repeat_customer
j_3736c9cf95,u_3cd7af9afd97,2023-10-21 01:13:25,71.85,9,28,email_newsletter,brand_aware_browser
j_d8002b259b,u_e432db6aa44a,2023-12-08 05:14:20,48.27,4,4,paid_social_facebook,brand_aware_browser
j_50fd1d5d57,u_88eb84a0272b,2023-06-18 19:21:29,95.39,4,10,paid_search_google,high_intent_shopper
j_62b84739b3,u_627bbc01914c,2023-04-24 12:18:03,185.1,1,0,email_newsletter,repeat_customer
j_600634e45e,u_37fd8bf19b6a,2023-01-09 00:25:55,222.61,2,1,paid_search_google,brand_aware_browser
j_0180c505a7,u_beb946d3dccd,2023-07-21 23:34:57,161.79,2,2,email_retargeting,repeat_customer
j_c74842bc8e,u_cd47a1bc4f1d,2023-02-10 17:52:45,44.2,4,11,email_newsletter,price_sensitive
j_a7a5aedb66,u_9a6777ae2358,2023-05-31 04:53:11,89.3,1,0,paid_social_instagram,repeat_customer
j_c945f08435,u_c402f46d9597,2023-01-19 03:30:59,51.69,1,0,paid_search_google,high_intent_shopper
j_970708a49b,u_688dd29f926a,2023-11-03 18:53:40,150.64,1,0,email_newsletter,repeat_customer
j_6797dd9486,u_a67c98dad4d4,2023-11-26 12:41:46,41.52,1,0,display_programmatic,high_intent_shopper
j_42e2788efc,u_827eeffb9bdd,2023-02-25 12:37:00,104.42,5,15,paid_search_bing,high_intent_shopper
j_a477c5cd7b,u_da41ddb0beeb,2023-05-29 04:36:44,90.95,4,18,paid_search_google,high_intent_shopper
j_389fc0e0a7,u_9af290e025fe,2023-03-01 20:49:13,74.83,1,0,display_programmatic,repeat_customer
j_1a1d3e2b34,u_c088776c51a8,2023-07-13 16:12:49,127.45,1,0,paid_search_google,repeat_customer
j_3333f2838f,u_0c65c41710c2,2023-08-17 18:38:32,122.46,2,7,paid_social_facebook,repeat_customer
j_d0ce5fa095,u_5a77353e361e,2023-12-04 17:35:11,95.91,3,18,paid_social_facebook,high_intent_shopper
j_f9d1931567,u_f101b0979fd6,2023-03-24 19:33:26,57.74,3,6,paid_search_google,price_sensitive
j_c0bec91dda,u_96d66fd7eb75,2023-11-10 00:05:05,89.6,8,16,paid_social_instagram,brand_aware_browser
j_8ded455fba,u_fcba7ff3dcf8,2023-07-20 13:30:22,88.64,1,0,email_retargeting,price_sensitive
j_eb79800eec,u_198956da1d43,2023-09-21 12:42:58,145.08,2,16,paid_search_google,repeat_customer
j_449a814f17,u_0c7f6c9c314e,2023-12-13 09:33:07,49.15,4,12,organic_search_seo,high_intent_shopper
j_ec3985c2fb,u_049ec8c31e3d,2023-05-26 00:08:07,78.17,3,19,paid_search_google,high_intent_shopper
j_3ea09b475a,u_df9597532e1d,2023-05-02 19:49:36,137.07,1,0,direct,high_intent_shopper
j_0f1403280a,u_2ad738a855ec,2023-07-06 09:38:34,52.22,1,0,paid_search_google,brand_aware_browser
j_95d99008d8,u_f353739db4d7,2023-08-30 11:14:25,142.72,3,9,direct,high_intent_shopper
j_8a73a66e95,u_4c9b6f92f715,2023-03-12 12:16:37,16.69,3,1,paid_search_google,new_visitor
j_3df4f250e1,u_ab4b14f128b3,2023-11-22 03:30:59,201.36,1,0,paid_search_google,repeat_customer
j_f89660fe72,u_f8b0c5da7e0b,2023-11-16 23:39:06,180.33,3,25,paid_social_instagram,high_intent_shopper
j_c794329158,u_72884acf991c,2023-04-19 18:29:37,81.76,5,17,organic_search_seo,high_intent_shopper
j_87a452593b,u_609634ed4339,2023-04-23 10:20:55,119.72,1,0,paid_search_google,high_intent_shopper
j_19a619a414,u_5e8b1fff8b84,2023-10-13 13:40:43,194.98,3,16,paid_social_facebook,high_intent_shopper
j_16728dc09a,u_2a4d6e0be35f,2023-10-03 10:41:16,181.74,3,17,email_newsletter,high_intent_shopper
j_45912c3d09,u_2be21b3e5940,2023-09-27 15:23:45,56.82,7,26,email_newsletter,brand_aware_browser
j_c0657d21b1,u_0d751ec05218,2023-02-25 10:02:25,148.47,3,3,paid_social_facebook,high_intent_shopper
j_952b63e143,u_568e110cb068,2023-05-05 17:15:08,29.93,4,10,influencer,price_sensitive
j_a6b43acf52,u_ca201da7b065,2023-03-29 10:53:54,39.97,3,26,email_newsletter,brand_aware_browser
j_2341d718b2,u_300ab4ef6c4f,2023-02-11 04:07:39,86.84,2,5,paid_search_google,price_sensitive
j_58854eb22b,u_b6da1566fa27,2023-06-14 11:16:03,92.13,5,25,paid_search_google,brand_aware_browser
j_51dd4978da,u_e721549400fe,2023-11-19 17:14:55,83.0,4,24,paid_search_google,high_intent_shopper
j_5c64178cc2,u_b446caa04ba6,2023-12-03 04:53:34,76.12,2,13,organic_search_seo,high_intent_shopper
j_8784d6dc9b,u_1d9b260f6581,2023-11-19 11:23:26,115.99,1,0,paid_social_facebook,repeat_customer
j_ae357bb1d7,u_47c93f431d9e,2023-04-29 01:28:38,165.56,1,0,paid_social_facebook,high_intent_shopper
j_67c4080075,u_436403c21858,2023-05-21 20:03:58,138.51,1,0,paid_search_google,brand_aware_browser
j_79a080c4e2,u_0e58dd2dbcbc,2023-03-12 02:36:24,73.24,3,27,paid_social_facebook,price_sensitive
j_b5f74308d2,u_e7982017dbef,2023-01-21 23:37:54,80.03,3,8,organic_search_seo,high_intent_shopper
j_a27f581952,u_40da97eeb10a,2023-02-27 05:37:59,86.08,5,22,email_retargeting,high_intent_shopper
j_e428693f21,u_e78c50b0b14d,2023-12-12 17:16:35,96.18,5,16,display_programmatic,new_visitor
j_ac5b655553,u_afc890f8d0a9,2023-09-20 13:32:45,38.72,5,22,paid_search_google,price_sensitive
j_9dbddd5b3e,u_3ca443140030,2023-12-24 13:27:24,136.69,1,0,paid_social_instagram,repeat_customer
j_6b12dd1d31,u_e584bf0f279b,2023-06-12 22:07:31,48.4,5,13,email_retargeting,price_sensitive
j_2350ba4057,u_db2827203636,2023-05-12 15:34:45,111.47,2,19,organic_search_seo,brand_aware_browser
j_830f06e2c9,u_269b4acfada0,2023-12-28 08:22:28,68.77,4,20,paid_social_instagram,new_visitor
j_d6e03e2cd9,u_4154bcf41128,2023-09-29 11:40:53,191.64,4,16,paid_search_bing,high_intent_shopper
j_144ea53cdc,u_d8a9884805b7,2023-09-06 04:23:58,118.21,3,8,paid_social_facebook,high_intent_shopper
j_08b651b22c,u_91b28bd1dfb9,2023-09-11 09:51:40,87.92,2,3,paid_search_bing,high_intent_shopper
j_2000fcbc3c,u_56411ad26bc6,2023-11-10 18:39:33,98.51,8,26,direct,price_sensitive
j_79c676e87d,u_225640188f41,2023-10-01 02:52:53,64.48,4,10,paid_social_facebook,high_intent_shopper
j_2d46d2962d,u_dc2ff9e1d7c3,2023-11-04 03:17:55,30.14,4,12,paid_social_facebook,price_sensitive
j_267bf8e54b,u_eed86c1b1e31,2023-01-28 11:59:40,290.28,1,0,email_newsletter,repeat_customer
j_6367c6cfbe,u_6ac7d850fc6b,2023-07-01 18:34:34,92.48,3,7,email_retargeting,repeat_customer
j_f168a423cb,u_1d140aae21de,2023-07-23 23:05:08,186.48,1,0,paid_social_instagram,repeat_customer
j_74ebaa69b5,u_3e636bb7b1d9,2023-12-10 09:26:08,60.44,2,11,paid_search_google,repeat_customer
j_0770eefe3a,u_0d992c92df0e,2023-03-13 20:07:17,174.18,4,18,email_newsletter,repeat_customer
j_2ae9199ad2,u_fc176326e532,2023-07-02 15:28:34,122.3,4,18,paid_social_instagram,repeat_customer
j_6d7be5cc1c,u_f1c8f95c76f8,2023-06-08 04:52:43,132.82,3,8,paid_social_facebook,repeat_customer
j_b04192dbbb,u_b077757c8d9a,2023-02-06 02:03:02,38.48,4,12,influencer,price_sensitive
j_30cba67024,u_671d09264bc9,2023-04-17 19:20:05,68.68,1,0,email_retargeting,high_intent_shopper
j_936356cd6a,u_c1691d95f2da,2023-05-30 06:56:57,90.43,4,12,influencer,price_sensitive
j_518f25519e,u_c54cec103534,2023-06-04 11:10:07,163.18,1,0,direct,high_intent_shopper
j_9597934192,u_0dbff3fbccc7,2023-03-20 12:38:01,217.0,1,0,paid_social_facebook,repeat_customer
j_9a85bef2b3,u_652ec156b2ee,2023-01-21 00:03:38,97.92,3,14,paid_social_facebook,high_intent_shopper
j_7186d426ca,u_d4402100bd08,2023-05-07 13:33:24,305.14,1,0,paid_search_google,repeat_customer
j_b22741d9de,u_1bac099483e6,2023-10-23 22:38:11,111.91,3,15,email_newsletter,high_intent_shopper
j_6e63d2bfa7,u_63fd911f8d78,2023-12-05 10:44:17,95.17,2,1,display_programmatic,high_intent_shopper
j_dc1f48b30b,u_23903adcf23d,2023-01-28 06:14:24,106.84,1,0,display_programmatic,repeat_customer
j_0f0350fed2,u_f4a10f64d2da,2023-12-04 00:34:37,164.87,1,0,display_programmatic,high_intent_shopper
j_5c697a6f18,u_712fe044b59e,2023-07-25 20:43:06,48.22,2,7,display_programmatic,repeat_customer
j_a4c47a246a,u_a9259bf5f89e,2023-02-04 13:28:21,50.78,2,18,paid_search_google,brand_aware_browser
j_208379d835,u_321f78c3ac58,2023-05-28 11:41:51,101.9,1,0,email_newsletter,repeat_customer
j_4f88f8e8ef,u_9dd1fe9b3de0,2023-07-06 07:21:17,48.81,4,20,display_programmatic,price_sensitive
j_f3f2e5fb36,u_a3c4d49ff9a5,2023-11-26 23:32:11,46.69,3,15,email_newsletter,price_sensitive
j_a1beb1c18b,u_17a3d8b38021,2023-09-02 21:41:09,114.24,3,12,paid_search_google,high_intent_shopper
j_faafc8d0d6,u_84b92f6a4972,2023-05-12 09:51:09,136.04,1,0,display_programmatic,high_intent_shopper
j_abcc6b703e,u_aa13e3c02801,2023-04-28 15:30:10,89.35,2,9,direct,high_intent_shopper
j_4152d4e6c3,u_13c7040d3ba6,2023-12-01 01:57:59,64.82,5,23,paid_social_facebook,brand_aware_browser
j_2f39546502,u_57793abb057b,2023-05-13 21:28:34,35.79,3,23,email_retargeting,price_sensitive
j_6e79f6296a,u_57d632b9f11c,2023-06-27 19:50:39,411.09,1,0,paid_social_instagram,repeat_customer
j_c49ee676f6,u_bcacf1c98583,2023-08-29 23:29:17,284.94,1,0,direct,repeat_customer
j_58a73f7976,u_0ee1e9f86a1b,2023-07-07 09:52:13,91.24,1,0,paid_search_google,repeat_customer
j_100e249c1a,u_7ac0419d8c0e,2023-11-13 18:44:08,145.67,8,24,paid_social_instagram,high_intent_shopper
j_df92b86887,u_406bdf266cb6,2023-10-05 02:25:17,94.32,2,20,paid_search_google,high_intent_shopper
j_b858dc0071,u_2d1becf18fee,2023-09-19 12:58:23,126.83,2,10,paid_social_instagram,high_intent_shopper
j_08e6f6a667,u_20c9f8df9833,2023-06-10 09:54:44,279.12,2,13,email_retargeting,repeat_customer
j_7e23fca7d8,u_364106262db8,2023-08-21 04:51:09,132.6,3,12,paid_search_bing,high_intent_shopper
j_8b9a8a1980,u_497303b121e1,2023-07-21 05:52:47,67.77,2,13,direct,brand_aware_browser
j_f74c1c7539,u_e742cc155f64,2023-11-10 09:29:52,79.55,4,23,email_retargeting,high_intent_shopper
j_f94c1524f1,u_f48794c3292c,2023-06-29 20:41:12,47.81,4,24,display_programmatic,high_intent_shopper
j_a496f751ad,u_69b7b2251b7e,2023-04-29 16:15:47,155.48,8,18,display_programmatic,brand_aware_browser
j_06027e390d,u_8b40048e602d,2023-08-06 03:06:00,455.02,2,13,influencer,repeat_customer
j_69411bb91b,u_1f359db6002b,2023-10-05 23:22:39,176.35,3,20,paid_social_facebook,high_intent_shopper
j_956d174ff8,u_4bf4161b6692,2023-12-30 05:15:23,77.04,7,23,organic_search_seo,brand_aware_browser
j_7d4abd16af,u_aae10f490dcc,2023-05-07 07:29:36,64.0,3,27,email_retargeting,brand_aware_browser
j_929ebc15d9,u_0feb4bd9c2de,2023-10-28 16:43:40,89.92,2,0,direct,brand_aware_browser
j_6b088a77d2,u_bd4eb17de243,2023-11-13 03:02:29,92.04,2,9,email_newsletter,brand_aware_browser
j_78a32c9ee8,u_38e44e9c34f4,2023-04-02 21:23:16,57.43,1,0,paid_social_facebook,price_sensitive
j_9982c5ffc2,u_bb7ce16babde,2023-12-22 19:18:05,96.74,5,22,display_programmatic,brand_aware_browser
j_f68c429d29,u_32146293078f,2023-05-18 18:22:33,179.91,1,0,influencer,repeat_customer
j_987a808daa,u_078129510bbd,2023-02-17 21:03:09,88.02,4,20,email_retargeting,repeat_customer
j_d59d3e163a,u_771aa2afc8f2,2023-04-27 16:51:40,103.44,4,22,paid_search_bing,high_intent_shopper
j_43a6c48802,u_09937e5aa4a2,2023-03-19 18:57:06,199.2,1,0,paid_social_instagram,high_intent_shopper
j_ca9729a8d4,u_68555d1adf13,2023-11-07 19:33:35,72.52,4,2,paid_search_google,brand_aware_browser
j_d7481f68b7,u_077899dbe839,2023-04-05 00:19:58,65.7,1,0,paid_social_instagram,price_sensitive
j_bbcd9b038e,u_aeabd978d691,2023-06-10 04:43:05,33.91,5,13,direct,new_visitor
j_2ff7c9a89f,u_107238fe6d29,2023-07-15 21:20:23,78.24,1,0,paid_social_facebook,high_intent_shopper
j_64b3f033a2,u_c8b8be6cdf22,2023-04-01 10:27:51,96.12,1,0,paid_social_facebook,repeat_customer
j_cccf5d1195,u_0d061042ccc7,2023-04-10 17:32:45,61.94,7,23,paid_social_facebook,price_sensitive
j_bf80b949d6,u_e39ab79a1989,2023-10-18 16:05:18,125.3,2,1,display_programmatic,high_intent_shopper
j_1205aa5458,u_079c56800ff0,2023-03-13 00:01:13,176.11,1,0,email_retargeting,high_intent_shopper
j_a6bce19148,u_9839da8293dd,2023-01-29 23:16:05,38.32,3,10,paid_search_google,price_sensitive
j_02517e7057,u_309e4abe003b,2023-02-18 14:34:26,136.25,7,20,paid_social_facebook,brand_aware_browser
j_3c75da88ba,u_65a3b63deee1,2023-03-08 04:14:09,98.06,1,0,paid_social_instagram,repeat_customer
j_ca04835bd8,u_b79052f61b79,2023-05-09 23:27:23,163.82,1,0,paid_search_google,repeat_customer
j_8bbf5b4a67,u_9b6a0a7bbc5f,2023-07-11 12:35:24,56.73,3,24,paid_search_google,price_sensitive
j_f0a4712425,u_68cf6b0ce127,2023-07-10 12:55:31,88.57,7,24,paid_search_google,new_visitor
j_80e2905518,u_da733570e2b3,2023-05-23 04:31:44,94.7,1,0,email_newsletter,repeat_customer
j_a6d2831613,u_d0a56193ea3b,2023-10-16 11:03:01,84.95,3,10,direct,repeat_customer
j_c92377af9a,u_fdb474f5a49e,2023-11-08 19:23:54,86.34,1,0,display_programmatic,price_sensitive
j_3f3aae25d5,u_11f056245878,2023-11-28 00:42:22,35.5,1,0,paid_social_facebook,price_sensitive
j_2bb3c02dbe,u_192f8dcaf58d,2023-07-27 12:33:26,78.6,5,16,display_programmatic,high_intent_shopper
j_95e514fb29,u_00e3879b2284,2023-03-24 10:43:24,110.15,1,0,email_retargeting,repeat_customer
j_34c607be2c,u_67f78dfae46d,2023-05-11 23:53:48,106.91,2,2,paid_search_bing,high_intent_shopper
j_7cf475cf52,u_0c9804ab55e6,2023-02-04 20:52:46,77.99,2,0,direct,repeat_customer
j_4ecd066cc6,u_60b881481310,2023-07-19 10:16:55,201.61,6,24,paid_social_facebook,high_intent_shopper
j_c7b0d2cd53,u_2e85bb03facf,2023-03-05 17:24:01,58.36,1,0,paid_social_facebook,price_sensitive
j_8ba658bcee,u_3187e2ee3bcf,2023-12-13 01:41:31,103.02,1,0,display_programmatic,repeat_customer
j_2641b76521,u_09a65fefcb8a,2023-05-25 01:57:41,81.95,4,28,email_newsletter,high_intent_shopper
j_1e3bc1177d,u_427e08c072d6,2023-05-31 20:35:27,81.9,3,10,display_programmatic,brand_aware_browser
j_81b8616cb7,u_4d7edbeee537,2023-11-10 23:28:14,79.72,4,21,direct,price_sensitive
j_89438620fc,u_d59488e3e227,2023-06-16 18:12:52,27.52,1,0,influencer,price_sensitive
j_0fbc566b3d,u_eaf95666ace1,2023-09-23 14:53:08,81.15,3,23,email_newsletter,price_sensitive
j_f659679ff0,u_cc92d0817d1f,2023-12-10 07:42:25,52.75,1,0,paid_social_instagram,high_intent_shopper
j_000c30f52b,u_4b75fbaa7133,2023-08-10 20:14:35,144.39,3,1,paid_search_bing,repeat_customer
j_970998f6ee,u_92f4526b9581,2023-11-07 11:58:00,45.97,4,13,paid_search_google,price_sensitive
j_81d96a34af,u_f02c24bc479d,2023-03-11 00:21:36,33.75,8,26,paid_search_google,brand_aware_browser
j_376853b391,u_831730d23406,2023-05-08 00:48:25,108.13,1,0,paid_social_instagram,high_intent_shopper
j_e0bfcd3fef,u_939cc62edf89,2023-11-29 01:05:53,48.19,3,24,direct,price_sensitive
j_9d2c5d7630,u_1ba1d7464b67,2023-12-11 18:01:00,115.56,2,2,paid_search_google,repeat_customer
j_6bb7dadf2a,u_e4909dbb8694,2023-05-29 21:05:23,104.86,1,0,email_newsletter,repeat_customer
j_845cd52ddf,u_57eced5d3113,2023-03-23 04:18:03,218.96,1,0,paid_social_instagram,repeat_customer
j_c139817a9d,u_268501bb202e,2023-06-02 10:10:42,58.72,2,0,paid_search_google,price_sensitive
j_d739456dd2,u_6ac603be3a94,2023-07-29 15:54:26,145.35,3,19,paid_social_instagram,repeat_customer
j_dbfbdb69cd,u_66cf35eb6a55,2023-08-19 07:20:16,44.08,1,0,paid_search_google,high_intent_shopper
j_53ea5d3167,u_eea7c11f7c17,2023-04-03 03:10:32,129.7,3,18,paid_search_bing,high_intent_shopper
j_6e2047b985,u_cc191d13e14c,2023-03-15 14:36:09,95.24,4,15,paid_search_google,high_intent_shopper
j_607af8dad7,u_ddc3bc80cb59,2023-11-28 19:23:53,69.8,7,21,paid_social_facebook,new_visitor
j_adadac09e2,u_c8f0977c2292,2023-09-13 11:17:41,79.45,6,16,email_newsletter,new_visitor
j_ac7f981228,u_33da5354f33b,2023-05-24 20:31:08,129.41,4,8,paid_social_instagram,brand_aware_browser
j_a5012c332b,u_9676f9a94e91,2023-04-11 19:08:13,103.61,1,0,paid_search_google,repeat_customer
j_8c7c4eb2ce,u_c5dcb07d5620,2023-10-28 14:42:55,165.06,1,0,influencer,brand_aware_browser
j_dbd11ba058,u_97e56fabccd4,2023-08-20 06:46:27,82.43,2,15,display_programmatic,repeat_customer
j_10f9678145,u_b5b0dbdc0ad1,2023-11-25 14:50:21,57.25,3,18,paid_social_instagram,brand_aware_browser
j_8df8a4ab09,u_d4f4696dd932,2023-05-16 00:59:25,90.04,2,20,paid_social_instagram,repeat_customer
j_566ae45955,u_ad625eec36a8,2023-09-25 20:18:14,107.01,2,5,organic_search_seo,high_intent_shopper
j_3b73ecad77,u_c1cc4ded1d7b,2023-05-09 09:16:37,46.43,6,26,paid_social_facebook,new_visitor
j_f5f8bb63ae,u_539e592f3b3c,2023-08-20 02:00:16,209.77,2,7,paid_search_google,repeat_customer
j_7d2eef908e,u_77417cdf5898,2023-05-21 04:24:18,72.47,1,0,paid_social_instagram,high_intent_shopper
j_9e18224a1a,u_30719c8c8ace,2023-05-04 11:51:08,128.29,3,21,email_newsletter,high_intent_shopper
j_2bbeefd1ab,u_0cab9afbf214,2023-03-18 12:13:53,55.64,4,9,paid_search_google,high_intent_shopper
j_58a50217cc,u_999a40088814,2023-07-27 01:09:57,36.98,2,7,paid_search_bing,high_intent_shopper
j_a7dfd585a9,u_cab1107805b0,2023-11-25 12:19:54,114.42,1,0,paid_search_google,high_intent_shopper
j_f528baa351,u_7baaeaaf2883,2023-03-12 06:04:49,69.49,2,7,email_newsletter,high_intent_shopper
j_537f7850bd,u_a79021006fde,2023-04-02 02:42:41,187.24,6,24,paid_search_google,high_intent_shopper
j_68ef65beef,u_679e75d84a00,2023-10-04 04:14:22,122.64,4,6,paid_social_instagram,high_intent_shopper
j_da256863d8,u_2b0c516a0bc6,2023-04-13 05:22:29,100.88,2,2,direct,high_intent_shopper
j_36e15c23e5,u_699d77267c46,2023-06-14 13:52:35,42.84,7,22,display_programmatic,price_sensitive
j_cea9c3f7be,u_ae08cff75797,2023-02-14 18:51:06,64.0,1,0,paid_search_google,high_intent_shopper
j_2f734fc093,u_9a6ad79cd288,2023-01-29 02:19:51,53.25,2,11,paid_search_google,high_intent_shopper
j_964e053235,u_348e82ef8e12,2023-06-18 06:09:53,99.11,2,13,paid_social_facebook,high_intent_shopper
j_20c985a9f2,u_f930c2abf9bc,2023-04-21 03:35:46,49.27,9,25,influencer,new_visitor
j_cc2e6de076,u_94c25c4794b7,2023-11-25 20:26:58,169.21,3,17,paid_search_google,repeat_customer
j_836fc8063b,u_3a4b482800f7,2023-10-20 21:17:41,39.31,3,16,organic_search_seo,price_sensitive
j_8844f5c885,u_64923c41c5d3,2023-05-26 04:41:45,138.49,4,22,direct,price_sensitive
j_9d34aed986,u_13270d2f6acb,2023-01-29 05:23:43,127.27,1,0,email_retargeting,repeat_customer
j_6a5526b10b,u_0e3ee5177fc8,2023-10-25 04:45:12,151.16,3,17,paid_search_google,high_intent_shopper
j_a43e06d3cd,u_a45a11885ad2,2023-04-20 04:27:00,68.09,2,1,paid_search_google,price_sensitive
j_a647c8dc91,u_b8707e2fc7fb,2023-05-12 12:03:52,204.22,1,0,paid_social_facebook,repeat_customer
j_858ac5a3da,u_e4b4fca9e7da,2023-08-13 22:01:58,324.29,1,0,influencer,repeat_customer
j_aa049cbdbc,u_8557b471a773,2023-11-11 21:42:47,91.32,4,16,display_programmatic,brand_aware_browser
j_a44ac9f775,u_c307df2bbaec,2023-06-12 10:38:00,151.85,1,0,paid_search_google,repeat_customer
j_dcac2f8514,u_36a4604017df,2023-07-29 06:11:30,141.81,1,0,paid_search_bing,repeat_customer
j_c3c7fac195,u_d26db716e4ef,2023-07-04 04:11:06,83.73,5,24,direct,high_intent_shopper
j_2c288be84a,u_0a41b5c65ed5,2023-07-13 06:53:44,221.53,1,0,organic_search_seo,high_intent_shopper
j_24114a23eb,u_d609a08a5c13,2023-08-05 21:26:00,116.37,3,13,organic_search_seo,repeat_customer
j_a1d964ce1c,u_38a4d2078cd4,2023-02-23 08:49:59,113.87,1,0,paid_social_facebook,repeat_customer
j_4e7cdbcf50,u_abd6a6d50838,2023-08-04 17:33:02,178.82,3,11,email_newsletter,repeat_customer
j_cf213bfa55,u_5bce98bd7194,2023-07-11 02:43:35,112.18,1,0,paid_social_instagram,repeat_customer
j_3ce75ff59e,u_d8e3159658d8,2023-08-22 08:31:58,84.5,1,0,email_newsletter,high_intent_shopper
j_2e3d3d6d9d,u_28ee5bedb680,2023-05-23 20:38:15,84.3,1,0,email_newsletter,high_intent_shopper
j_d8b014e8d2,u_765028b2116c,2023-12-08 18:27:18,35.86,2,19,paid_search_google,price_sensitive
j_016f6a3145,u_823beb34d250,2023-02-08 03:02:46,260.97,1,0,influencer,repeat_customer
j_d19f133e70,u_1f913fbc1cc7,2023-09-07 17:44:18,163.02,3,7,paid_search_google,high_intent_shopper
j_bd4bb9bf2f,u_9643478fa28e,2023-11-05 22:46:38,110.74,2,8,email_retargeting,high_intent_shopper
j_8899525d99,u_125cc7a7981c,2023-05-30 00:37:50,121.3,1,0,paid_social_instagram,repeat_customer
j_262434bd83,u_e1d4b5f5dbfd,2023-01-18 23:30:08,145.93,2,10,direct,repeat_customer
j_a3c01efde9,u_ed80b1502651,2023-06-10 18:25:45,100.28,3,8,paid_search_google,brand_aware_browser
j_38689f8339,u_cfd1a2954e9e,2023-11-08 03:48:12,111.75,4,12,organic_search_seo,new_visitor
j_0c7610ece0,u_b60a25075f7b,2023-05-22 12:17:39,57.03,6,26,paid_social_facebook,brand_aware_browser
j_b0c5a66e9a,u_69b142f9f5c9,2023-09-25 19:21:50,203.85,6,22,paid_search_google,new_visitor
j_a7ba4efb27,u_376534d9a906,2023-02-20 08:42:35,207.37,2,1,paid_search_google,repeat_customer
j_141abf47a1,u_450c5fac2569,2023-06-18 17:41:00,102.05,3,9,email_retargeting,repeat_customer
j_2514e35e2a,u_c048cbe90eb6,2023-05-23 17:15:48,72.46,3,27,email_newsletter,price_sensitive
j_550abb5c90,u_1a23e5746a20,2023-04-07 18:00:42,48.39,1,0,paid_search_google,new_visitor
j_e5290cf10b,u_c9f572acbc7c,2023-11-09 12:51:46,126.75,1,0,email_retargeting,high_intent_shopper
j_a000a85cc3,u_48eb59ec833a,2023-10-29 20:46:24,41.19,3,9,email_newsletter,high_intent_shopper
j_02ab18fc9d,u_c4d97ac4dc2e,2023-03-05 22:14:11,28.73,4,16,paid_search_google,price_sensitive
j_8fe936f8b1,u_49427b5a27a6,2023-09-03 16:33:49,232.33,2,1,paid_search_google,repeat_customer
j_a06eb14b4c,u_9228da4f3e83,2023-05-09 14:12:47,90.97,5,16,paid_social_instagram,brand_aware_browser
j_630a02b15a,u_d14f151d41e1,2023-10-25 16:54:57,217.18,1,0,paid_social_instagram,repeat_customer
j_c2c500e3f5,u_874766ee69b9,2023-08-14 12:29:32,115.51,1,0,influencer,high_intent_shopper
j_9b414c4f9f,u_4180f2cf484e,2023-10-08 05:09:18,120.85,4,22,organic_search_seo,repeat_customer
j_6117bd0e1d,u_b0c8cdfc6735,2023-11-10 11:11:54,75.82,4,18,organic_search_seo,high_intent_shopper
j_42dcb65aaf,u_80664287de9f,2023-08-21 23:51:49,133.21,3,6,email_newsletter,high_intent_shopper
j_009d0a556e,u_670ca2ff689b,2023-03-05 16:10:31,176.62,1,0,paid_social_facebook,high_intent_shopper
j_dbff1f3471,u_f6f42d7fa1bb,2023-03-05 15:46:09,86.9,1,0,paid_social_instagram,high_intent_shopper
j_234d3753f8,u_3e40a51bb85f,2023-05-08 05:16:29,110.62,3,8,paid_social_instagram,high_intent_shopper
j_105a62f698,u_d58b0691f66a,2023-06-26 04:07:04,189.8,2,2,organic_search_seo,repeat_customer
j_c24c410d12,u_e9fa595372d3,2023-07-08 06:55:41,108.13,2,19,paid_social_instagram,repeat_customer
j_5bbc2adff7,u_1fb1732e5891,2023-05-19 06:10:10,49.85,8,20,paid_search_google,price_sensitive
j_6c979cc866,u_4c03ba827829,2023-09-28 08:18:31,70.24,6,11,paid_search_google,new_visitor
j_bbc9976235,u_d3578d01e641,2023-09-17 14:23:25,70.25,9,28,organic_search_seo,brand_aware_browser
j_12ffa6e6f2,u_1ab7d55f63c9,2023-02-01 19:53:01,101.68,3,17,email_retargeting,repeat_customer
j_70eb2ec649,u_9b2832dd52d4,2023-10-13 04:22:16,41.35,1,0,display_programmatic,high_intent_shopper
j_fd3f865369,u_b19fc364d20f,2023-04-20 14:05:42,73.45,3,23,paid_social_instagram,new_visitor
j_28467df51c,u_308c19b691b4,2023-03-01 09:32:54,133.43,3,20,direct,brand_aware_browser
j_20b550a8b4,u_42f91d52d275,2023-04-29 15:44:38,86.76,2,12,display_programmatic,high_intent_shopper
j_27a7d73244,u_9cbe94dc0e8b,2023-09-25 12:08:39,156.94,2,20,email_retargeting,high_intent_shopper
j_e6a0dcd4ed,u_a64596806fdb,2023-03-21 20:22:41,61.01,10,29,influencer,new_visitor
j_0c5988ad1d,u_bb20544e4295,2023-03-31 04:10:11,64.98,1,0,display_programmatic,high_intent_shopper
j_667d2a9048,u_31f171a7a9da,2023-12-11 19:13:10,195.57,3,5,email_retargeting,repeat_customer
j_bbe5ed4595,u_ae6159789b4d,2023-07-29 00:22:50,83.36,1,0,paid_social_facebook,repeat_customer
j_1f986a4252,u_7926c1a70e81,2023-11-01 08:12:18,73.33,3,11,paid_search_google,brand_aware_browser
j_8531149bce,u_3a3061eed595,2023-04-04 01:48:04,126.94,2,3,influencer,brand_aware_browser
j_76403330aa,u_10aef82acdb3,2023-07-18 16:58:49,87.33,3,5,email_newsletter,high_intent_shopper
j_f4bee47b0f,u_d0996679142c,2023-11-09 21:21:57,87.93,3,21,paid_search_bing,high_intent_shopper
j_583b80f8bb,u_c8b7b505141c,2023-08-10 14:25:03,48.21,5,15,direct,high_intent_shopper
j_f0116c5962,u_d47e27516211,2023-04-16 17:15:26,189.77,3,22,paid_social_instagram,repeat_customer
j_7829c8b991,u_ba57f7bf349d,2023-03-15 23:49:17,112.04,3,24,paid_search_google,high_intent_shopper
j_5a13930951,u_b6461cd54d95,2023-10-07 23:28:37,57.73,1,0,display_programmatic,repeat_customer
j_10e6c3b445,u_7e698c5ffaeb,2023-10-02 05:55:54,18.92,7,18,paid_social_facebook,price_sensitive
j_ef2cc6f0f7,u_3e62ca20d612,2023-12-28 23:41:00,217.94,2,26,display_programmatic,high_intent_shopper
j_64c8688c92,u_0e27abc58616,2023-08-14 23:59:27,41.24,1,0,display_programmatic,high_intent_shopper
j_a982b06def,u_50a7353d517d,2023-08-26 15:07:51,174.01,1,0,paid_social_instagram,high_intent_shopper
j_4741d11f2a,u_00b74e0f89ae,2023-11-10 17:40:30,98.17,1,0,paid_social_facebook,high_intent_shopper
j_62285072c5,u_07e82536b9c3,2023-02-23 07:05:47,91.43,1,0,display_programmatic,repeat_customer
j_5dd010e05d,u_a9d817eae868,2023-09-09 00:06:31,245.5,1,0,paid_social_instagram,high_intent_shopper
j_7e27a7c76b,u_a3b893aec57d,2023-02-08 10:58:58,80.85,4,10,email_newsletter,high_intent_shopper
j_52287d6ce0,u_92451fcbb27f,2023-10-07 23:29:21,96.46,1,0,paid_social_instagram,high_intent_shopper
j_b436ec41f7,u_8b4101df7c3f,2023-12-23 15:00:10,179.34,1,0,paid_social_facebook,repeat_customer
j_f2cc410139,u_23c66bef0d00,2023-04-25 08:41:21,149.0,1,0,email_newsletter,repeat_customer
j_4b9f0de587,u_66573ee8a9c6,2023-05-05 19:31:58,131.05,2,4,paid_search_google,high_intent_shopper
j_c5381032ec,u_5a7b8759c859,2023-10-06 12:14:24,170.39,1,0,paid_social_facebook,repeat_customer
j_52f6554595,u_81239ddc4c06,2023-02-18 18:35:32,31.92,4,16,direct,high_intent_shopper
j_cca1db867c,u_2833600f5ec8,2023-08-28 10:13:31,74.69,4,14,direct,price_sensitive
j_5f0accf78a,u_574fd5c47cc8,2023-07-15 22:31:47,321.25,2,9,paid_search_google,repeat_customer
j_b56446a0dd,u_e80a6e51e461,2023-04-17 07:02:21,131.34,5,24,paid_social_facebook,brand_aware_browser
j_29540643b5,u_ca80329fbbe6,2023-05-29 04:45:47,79.08,1,0,paid_search_google,repeat_customer
j_bebb4b428c,u_12312f2f36bf,2023-02-10 17:16:23,79.33,3,17,paid_search_bing,high_intent_shopper
j_606204d034,u_a8c93049322b,2023-07-18 12:11:09,30.62,5,9,direct,new_visitor
j_75306f4cd9,u_ee3de5a162f9,2023-12-18 05:58:32,174.43,2,2,paid_search_google,repeat_customer
j_bea2aa8e45,u_ddaa90c13100,2023-06-29 23:20:08,58.4,1,0,paid_social_instagram,high_intent_shopper
j_440b869254,u_14c1d3a6e29e,2023-08-30 12:30:27,99.08,1,0,email_newsletter,repeat_customer
j_5906c38dba,u_c239872c8a9a,2023-04-29 12:31:50,304.9,1,0,paid_social_instagram,repeat_customer
j_9697bba689,u_639f9d54b78a,2023-09-22 12:10:56,125.19,1,0,organic_search_seo,repeat_customer
j_d51f88736a,u_5066c56b25e4,2023-11-06 12:54:45,185.64,1,0,display_programmatic,repeat_customer
j_bb30a9479b,u_8e70c3fdbb06,2023-10-29 20:13:08,72.7,3,12,paid_social_facebook,new_visitor
j_e32f191f00,u_918076f958df,2023-02-20 22:49:11,58.01,2,18,paid_search_google,repeat_customer
j_f3b0ace3fb,u_3e6f3398da88,2023-12-01 10:00:42,140.06,2,3,email_retargeting,repeat_customer
j_0c81b5161f,u_6ad66ce84b59,2023-08-11 23:26:00,226.34,1,0,display_programmatic,repeat_customer
j_b17529cdb8,u_ce7f8e7d27d9,2023-10-28 10:43:05,114.94,1,0,paid_social_instagram,high_intent_shopper
j_bd0041761d,u_e98653c632bf,2023-01-08 22:50:39,130.77,1,0,display_programmatic,repeat_customer
j_ed7c60d6d2,u_b2ebbe5d83e9,2023-12-21 02:38:47,239.16,1,0,email_newsletter,repeat_customer
j_b68282a28d,u_28a353a7471e,2023-02-19 19:23:17,204.12,3,6,paid_search_google,repeat_customer
j_5593686d22,u_0ee50ba030e6,2023-05-15 03:28:46,226.79,3,14,paid_search_google,repeat_customer
j_022aa668fb,u_7697242a0b68,2023-04-13 09:39:38,51.66,5,28,paid_search_google,new_visitor
j_0705579403,u_30005d6c1ed0,2023-10-16 07:21:51,299.76,2,19,paid_social_instagram,repeat_customer
j_c0eb6b6ac0,u_24bae7f48799,2023-11-29 03:36:17,72.88,1,0,email_newsletter,repeat_customer
j_da7b4ad928,u_e8e0ebf652cb,2023-11-11 22:08:10,155.61,2,18,display_programmatic,repeat_customer
j_acc23e1053,u_99fcadfb8ef7,2023-10-01 13:16:15,92.86,2,4,paid_social_facebook,high_intent_shopper
j_666dfdbb0e,u_d50aae30c569,2023-03-13 03:46:03,89.66,3,20,email_newsletter,repeat_customer
j_1bda8fd177,u_52975eca7674,2023-07-18 13:54:21,108.32,1,0,display_programmatic,high_intent_shopper
j_69bd1a87e4,u_74181941827f,2023-02-01 09:46:50,53.32,4,20,display_programmatic,price_sensitive
j_69c52920f0,u_2de92068087f,2023-11-21 16:07:49,72.75,6,17,paid_social_facebook,price_sensitive
j_7bb897da9b,u_14a8d3c4afcb,2023-03-23 13:05:10,168.1,1,0,paid_social_facebook,repeat_customer
j_9c835eaf9b,u_868d82f31394,2023-08-15 06:29:07,95.03,3,15,paid_search_google,repeat_customer
j_f92ffb0d30,u_1fe67a4a10ae,2023-11-30 15:10:31,79.15,8,22,paid_social_instagram,brand_aware_browser
j_28d1b065a7,u_f04425b9b909,2023-05-07 17:46:25,245.05,1,0,paid_social_instagram,repeat_customer
j_fb444a14ca,u_ca6f2bb5e91d,2023-10-26 04:13:59,98.92,3,27,paid_social_instagram,high_intent_shopper
j_fee3ae6e13,u_ec15202fe748,2023-11-24 17:46:23,41.7,2,13,organic_search_seo,brand_aware_browser
j_3f63198966,u_b556d5a3e53a,2023-08-15 18:53:05,121.44,1,0,paid_social_instagram,repeat_customer
j_75bd0cc837,u_ff4e7032ad7e,2023-05-23 11:32:12,101.6,1,0,email_newsletter,high_intent_shopper
j_22232c80ee,u_003cd3b39eb1,2023-10-24 06:59:49,74.78,1,0,paid_social_instagram,repeat_customer
j_938bd0fc3e,u_eceac822f952,2023-06-23 18:49:54,166.24,1,0,paid_social_facebook,repeat_customer
j_02e936f1e6,u_30fe4dc5bf64,2023-02-12 14:42:03,164.47,2,5,paid_social_instagram,repeat_customer
j_ddac9f6a87,u_99d8fe257183,2023-04-05 07:23:25,218.55,2,19,paid_social_facebook,repeat_customer
j_5073086f1e,u_3c51c50b1cbb,2023-10-17 22:59:53,92.89,1,0,paid_social_instagram,repeat_customer
j_b44a6e7a44,u_e2a0eb4cc4eb,2023-02-17 17:35:49,41.33,1,0,paid_social_facebook,price_sensitive
j_ef893ac770,u_e7ee9a1fd746,2023-10-14 15:47:24,153.31,1,0,paid_social_facebook,repeat_customer
j_c6f2c22b28,u_b8f59d1fe235,2023-04-14 13:02:39,133.06,2,6,paid_search_google,high_intent_shopper
j_cbe4cbc39f,u_b7abd2fef230,2023-08-12 15:56:01,32.75,4,21,email_newsletter,price_sensitive
j_420c4ff8cf,u_fc2880195885,2023-10-09 09:57:23,40.08,2,9,paid_search_google,high_intent_shopper
j_91ceb6deb5,u_b5f56b212022,2023-04-06 19:34:43,79.5,5,20,paid_social_facebook,price_sensitive
j_404e25340b,u_7bd14b5a7645,2023-10-03 20:06:18,73.01,5,11,paid_social_instagram,new_visitor
j_689e870a90,u_0b3b966eb6d0,2023-09-03 12:40:49,27.52,4,13,paid_search_google,price_sensitive
j_efa48af83d,u_97a02fe19a9b,2023-12-20 08:23:54,190.28,1,0,paid_social_facebook,repeat_customer
j_40e83d0773,u_d9d529a72ef1,2023-09-19 05:59:15,192.32,3,4,display_programmatic,repeat_customer
j_1dcb40a2ff,u_142e635e3f95,2023-10-19 15:53:07,99.37,1,0,influencer,high_intent_shopper
j_288ce78a7d,u_10f769b405fb,2023-12-27 14:20:00,120.07,2,12,influencer,high_intent_shopper
j_09a9298383,u_b6a138ce1da5,2023-03-01 00:45:53,305.4,1,0,paid_search_bing,high_intent_shopper
j_0be58726a4,u_3d3e60ea0473,2023-09-23 19:05:30,164.27,1,0,paid_social_instagram,repeat_customer
j_1dc4705c10,u_76ddf2dde883,2023-04-07 13:14:35,96.55,8,20,paid_social_instagram,brand_aware_browser
j_fc63558885,u_94e54078e67e,2023-04-22 00:59:00,71.23,1,0,display_programmatic,high_intent_shopper
j_ea15aa732f,u_7b5bbf2e2272,2023-02-04 21:56:06,210.95,1,0,paid_social_facebook,repeat_customer
j_37febfae10,u_9be290a5fb20,2023-12-05 21:41:10,147.72,5,10,paid_search_google,high_intent_shopper
j_c0e0590a04,u_ed3621244bbc,2023-12-09 03:08:34,63.89,9,22,paid_social_facebook,new_visitor
j_9c03f3e6d7,u_822a92904956,2023-06-08 17:43:08,94.25,1,0,email_retargeting,high_intent_shopper
j_0aae20b36f,u_46c322fe3ba8,2023-03-31 19:52:29,55.08,8,26,paid_search_google,price_sensitive
j_3df8180594,u_ee8febfe9621,2023-07-16 20:07:40,215.31,1,0,paid_social_instagram,repeat_customer
j_c00b0dbdac,u_133cc9f8be86,2023-10-19 21:59:32,200.13,3,4,paid_social_facebook,repeat_customer
j_e88a390c42,u_29d024631247,2023-03-10 07:02:48,100.67,3,22,paid_search_google,price_sensitive
j_1c31a84a60,u_86006d1beef4,2023-02-03 07:51:51,37.19,2,8,paid_search_google,price_sensitive
j_ddc5e53ed7,u_d30fd481d046,2023-12-12 07:04:17,55.65,2,18,paid_search_google,high_intent_shopper
j_b295d0d392,u_3ab4a624f89b,2023-06-08 12:17:25,79.51,2,7,paid_search_google,new_visitor
j_de7b878a16,u_ad0c5c37bc84,2023-05-29 20:50:43,130.22,1,0,paid_social_instagram,high_intent_shopper
j_c9333c7fec,u_95679f6b5186,2023-07-31 06:45:18,26.11,4,17,paid_search_google,price_sensitive
j_491bbf6f91,u_3d8efd36da7b,2023-04-25 07:59:16,67.63,3,13,direct,brand_aware_browser
j_767c5e0596,u_fb8c80c8e0f3,2023-12-16 09:04:20,61.77,2,7,email_retargeting,high_intent_shopper
j_9131bd5717,u_f12f0f3fcc0c,2023-08-10 02:11:08,53.85,5,12,paid_search_google,brand_aware_browser
j_eb9561f859,u_58625f6d73cb,2023-08-14 02:56:40,179.57,1,0,paid_social_instagram,repeat_customer
j_4e1b54d1c7,u_3f507d56ba0b,2023-10-10 12:41:25,39.14,4,21,paid_search_bing,price_sensitive
j_93d3a20313,u_1fbd31b632a7,2023-12-17 19:50:19,33.68,6,16,email_newsletter,price_sensitive
j_a53d3d9758,u_9728261ddf90,2023-03-24 10:09:25,102.16,6,26,paid_social_facebook,brand_aware_browser
j_347a3d8524,u_93f15911edc3,2023-04-05 13:27:11,248.63,1,0,paid_social_facebook,repeat_customer
j_9a34701c24,u_dbe823b88037,2023-07-31 18:57:36,154.25,2,6,paid_search_bing,high_intent_shopper
j_30954d2ab4,u_36f67bb99215,2023-03-18 07:40:25,223.71,3,10,email_retargeting,high_intent_shopper
j_0a6432d656,u_bd03d9e7b286,2023-11-11 09:16:09,55.65,2,9,email_retargeting,price_sensitive
j_38c0cbada0,u_035e609f1e7a,2023-04-19 18:24:21,62.91,1,0,paid_social_facebook,repeat_customer
j_118381c1b3,u_929574eceeae,2023-12-25 12:39:11,70.32,5,22,direct,price_sensitive
j_79c7bb8471,u_1307f42733a9,2023-07-20 19:30:30,94.02,1,0,display_programmatic,high_intent_shopper
j_3c37228d16,u_4944b4d9f13c,2023-03-09 13:31:51,49.39,2,11,paid_search_google,brand_aware_browser
j_1d598f655e,u_139b63fbe9fc,2023-02-18 08:42:04,120.78,1,0,email_newsletter,new_visitor
j_3e7015731f,u_a49947d07c47,2023-11-16 02:02:15,59.96,4,12,paid_search_google,price_sensitive
j_0c35fbb5f2,u_54815baacd99,2023-08-25 01:30:17,95.2,2,11,paid_search_google,high_intent_shopper
j_dfad0c43ab,u_56ec711b6ebe,2023-10-01 18:29:03,50.18,5,26,paid_search_google,brand_aware_browser
j_0f37a76f1f,u_a075d93107dd,2023-08-20 00:06:45,54.3,5,24,paid_search_google,brand_aware_browser
j_06ec5f1bbe,u_031d039ae722,2023-12-19 17:31:43,157.73,3,16,email_newsletter,high_intent_shopper
j_c07a511a4e,u_bb2e1cf4ea1f,2023-09-21 03:10:56,40.81,2,8,direct,price_sensitive
j_2d84e2f76d,u_d79fb0a90234,2023-03-27 07:49:08,110.32,2,11,paid_search_google,high_intent_shopper
j_6afffbf55c,u_9ba370a03024,2023-04-23 23:15:50,67.28,2,4,paid_search_google,price_sensitive
j_174537fbdd,u_de267b6d6b46,2023-03-31 09:26:22,79.58,8,26,email_retargeting,new_visitor
j_d15893ef45,u_31eb7b7c5419,2023-06-22 14:12:09,206.14,2,5,paid_social_facebook,high_intent_shopper
j_aac743ef6b,u_a426de02186c,2023-07-03 05:50:47,68.84,1,0,paid_social_instagram,high_intent_shopper
j_180b9957d3,u_7e69adb6c76f,2023-04-03 09:57:04,81.22,5,18,direct,brand_aware_browser
j_bf6db94323,u_673c03ddbe3a,2023-04-12 10:23:43,88.2,1,0,email_newsletter,high_intent_shopper
j_f55f7893c6,u_d027d6372916,2023-03-29 15:39:18,89.6,2,22,paid_social_instagram,high_intent_shopper
j_57ec141ef5,u_1dcea85981cd,2023-11-15 05:24:03,70.76,3,8,paid_social_facebook,brand_aware_browser
j_fc1cf5cacd,u_e89c62851d1a,2023-11-03 10:19:44,145.13,1,0,paid_social_facebook,high_intent_shopper
j_0652b31de3,u_e367a9146ebe,2023-11-21 08:57:38,71.04,3,9,paid_search_google,brand_aware_browser
j_f4c186a3b9,u_853ef2749baa,2023-02-06 20:37:42,50.66,3,8,paid_social_facebook,price_sensitive
j_f743067dab,u_0b6f8be822d1,2023-04-13 23:46:03,97.29,1,0,display_programmatic,repeat_customer
j_4e5d02c236,u_018f627b1b20,2023-11-03 06:16:24,134.98,4,16,paid_search_google,brand_aware_browser
j_0818f280e9,u_cd5860d15182,2023-05-15 05:09:35,55.67,2,7,email_retargeting,high_intent_shopper
j_5cc3305f3d,u_45e474172768,2023-12-15 01:16:32,26.44,1,0,email_retargeting,price_sensitive
j_5fe2b55970,u_5fa43530961a,2023-07-19 08:20:51,54.09,6,21,paid_search_google,brand_aware_browser
j_971b0d9915,u_3be9d7921187,2023-11-12 16:05:51,98.8,2,5,paid_search_google,repeat_customer
j_31bab16f62,u_611537a86cc6,2023-11-02 19:16:30,34.95,3,11,display_programmatic,brand_aware_browser
j_1bb7751e50,u_5489b2533699,2023-04-11 15:25:02,52.96,2,13,direct,high_intent_shopper
j_e33103d5ff,u_79e90ffc112f,2023-08-08 16:17:29,38.77,5,27,paid_search_google,price_sensitive
j_3ea9a0bdee,u_2596ce0878a1,2023-02-21 18:29:29,65.76,2,11,email_retargeting,high_intent_shopper
j_c77bb44d8c,u_ece0741ba739,2023-10-23 11:42:45,153.03,6,23,paid_search_google,high_intent_shopper
j_e90acf51ca,u_ea5c6b016472,2023-12-25 13:53:45,138.71,1,0,paid_social_instagram,high_intent_shopper
j_973e91418a,u_ab7aaff67eea,2023-02-17 09:56:53,139.56,1,0,direct,repeat_customer
j_9aeb1657a3,u_ee103ea1cc0e,2023-07-29 07:03:13,105.28,2,4,direct,repeat_customer
j_9335b9e2ca,u_f366870962d3,2023-10-07 05:46:57,139.93,1,0,paid_social_facebook,repeat_customer
j_e5f080c447,u_8f6aeb96dea0,2023-11-30 09:06:20,72.31,2,23,paid_search_google,high_intent_shopper
j_89420cab3f,u_c067817ffd42,2023-06-20 17:49:35,200.65,1,0,paid_social_facebook,repeat_customer
j_1dd62c2f2d,u_4bccb4b5d1db,2023-05-24 01:35:37,167.82,1,0,paid_social_instagram,repeat_customer
j_49a45d342a,u_1789f713ad7c,2023-11-20 19:35:01,69.65,2,1,paid_social_facebook,price_sensitive
j_b489ecface,u_b07b47b1b6a4,2023-08-07 14:10:37,105.19,2,5,display_programmatic,high_intent_shopper
j_539a42e050,u_39dd806a937a,2023-10-02 02:19:17,139.72,2,1,paid_social_instagram,repeat_customer
j_540eefb501,u_932f807a8320,2023-02-17 05:22:20,145.54,1,0,paid_social_facebook,high_intent_shopper
j_d472911371,u_6fad22797bea,2023-04-02 21:29:55,76.2,7,26,email_retargeting,price_sensitive
j_29144f8585,u_f259d8826a58,2023-12-05 09:43:38,138.35,3,6,paid_search_google,repeat_customer
j_e66fd38ba7,u_4ca148d7838d,2023-04-14 22:00:25,123.41,1,0,direct,repeat_customer
j_bd89b1d88d,u_1f07149e3d82,2023-12-12 02:06:00,64.68,1,0,paid_social_instagram,price_sensitive
j_b4381f9679,u_66b85d84dc19,2023-10-04 13:19:45,206.94,2,12,email_newsletter,high_intent_shopper
j_1542f83674,u_9622880c07c7,2023-07-29 09:45:54,124.29,1,0,paid_social_facebook,repeat_customer
j_c08459b288,u_208dcba0f25e,2023-01-27 03:50:27,82.38,1,0,paid_social_facebook,high_intent_shopper
j_a9fb696476,u_e2930f6e91a7,2023-10-10 02:48:32,124.36,2,8,email_newsletter,high_intent_shopper
j_f54428fa64,u_4b0e2d8f8a14,2023-09-13 19:28:15,75.91,1,0,organic_search_seo,high_intent_shopper
j_1c68944363,u_7942054c786c,2023-04-15 10:22:51,118.93,7,24,paid_search_google,high_intent_shopper
j_06408d5704,u_6dfba783db7f,2023-04-14 10:07:11,63.92,2,5,display_programmatic,price_sensitive
j_ba625c0140,u_2e3a3e62a11e,2023-10-15 20:56:22,56.31,5,9,paid_search_google,brand_aware_browser
j_5e75254089,u_f5829c364632,2023-06-11 17:14:20,100.25,1,0,paid_social_facebook,high_intent_shopper
j_a9f0a0a5ed,u_008654303fbe,2023-01-22 11:51:51,119.16,2,0,direct,repeat_customer
j_add022d93b,u_3d0d4387aba4,2023-08-13 23:10:01,51.79,4,18,paid_search_google,price_sensitive
j_f1b92cb47b,u_99de9f3de2ce,2023-04-26 01:25:20,35.97,3,5,paid_social_instagram,brand_aware_browser
j_699847f951,u_89429d01813e,2023-09-05 19:32:17,99.28,1,0,email_newsletter,high_intent_shopper
j_0b7e7df829,u_054212689369,2023-07-01 14:40:13,97.28,2,4,direct,high_intent_shopper
j_955f0688bb,u_604931b71be5,2023-06-08 16:32:39,150.67,4,19,email_newsletter,brand_aware_browser
j_c896ad26cb,u_e970e1ac1186,2023-06-23 03:40:31,94.69,3,10,paid_search_bing,repeat_customer
j_06c203fe55,u_48d2d1dfe58d,2023-08-05 14:32:11,38.83,2,13,paid_search_google,repeat_customer
j_26daaedace,u_717c4d205224,2023-11-16 12:32:54,44.07,3,13,paid_social_facebook,price_sensitive
j_dc2fa7694c,u_8708eb30fc1b,2023-11-25 14:02:11,235.79,1,0,organic_search_seo,repeat_customer
j_461a784585,u_57aa3319986d,2023-06-28 16:14:03,108.88,3,8,direct,high_intent_shopper
j_98a2c11d50,u_676b4b8d31da,2023-05-01 02:51:24,99.91,4,20,display_programmatic,brand_aware_browser
j_29a976b7d9,u_e3cb71417c96,2023-07-12 21:25:32,69.83,3,16,direct,price_sensitive
j_507f256bd0,u_0fd72e393f22,2023-04-22 10:03:05,167.86,1,0,display_programmatic,repeat_customer
j_0fb2eb4181,u_2b0bc21f5487,2023-05-28 02:28:16,129.98,5,20,display_programmatic,high_intent_shopper
j_ac077890c7,u_fb7e0e1ea051,2023-04-03 16:37:08,19.76,3,4,email_newsletter,price_sensitive
j_7c421295de,u_539eb0e7bb5e,2023-11-21 11:58:39,38.71,2,25,email_newsletter,high_intent_shopper
j_35a72b06b1,u_62acee6d18f1,2023-12-07 04:39:27,238.9,1,0,paid_social_facebook,repeat_customer
j_0a8bd939d0,u_df5b043dee89,2023-07-15 04:24:56,175.22,1,0,paid_social_facebook,repeat_customer
j_7cdcb8acd4,u_61718cbd78a2,2023-03-08 15:26:25,153.74,4,12,email_newsletter,brand_aware_browser
j_a847dd77e8,u_790e1b6f13b1,2023-11-22 16:32:51,59.92,8,16,paid_search_bing,new_visitor
j_ddd2800d49,u_67b2e1a76216,2023-08-20 06:23:31,144.18,1,0,paid_social_facebook,repeat_customer
j_683e390b92,u_44abceb8785f,2023-04-06 05:00:52,56.97,4,14,paid_search_google,price_sensitive
j_d417fdd2d5,u_0e6c8a0e9a27,2023-10-26 04:04:04,28.36,4,19,organic_search_seo,price_sensitive
j_bac3b2bdb5,u_d8854cb3145c,2023-09-07 13:02:34,63.21,1,0,email_newsletter,price_sensitive
j_0136303431,u_d1c8cdde16e7,2023-12-26 05:26:46,76.99,4,15,paid_search_google,new_visitor
j_d7525469e2,u_353745d904a0,2023-11-21 16:03:35,177.19,2,3,paid_search_bing,repeat_customer
j_1cd3736057,u_ee1d04238fc6,2023-01-31 01:48:53,134.41,2,3,paid_search_google,repeat_customer
j_ed28b0c3f2,u_0bcb1cdb5bf6,2023-12-20 09:44:54,59.71,5,13,paid_search_google,brand_aware_browser
j_8e935de0be,u_e7e2c16b3733,2023-07-07 03:48:30,82.24,2,14,paid_search_google,high_intent_shopper
j_69e611362a,u_2d9a5099ae06,2023-07-13 08:57:52,34.99,2,8,paid_social_instagram,high_intent_shopper
j_df918d6873,u_3594f2dd60d4,2023-12-04 05:59:47,121.39,2,3,paid_search_google,repeat_customer
j_f0f30cfa90,u_7b0bdd017c8e,2023-04-27 20:28:13,98.04,7,25,paid_search_google,brand_aware_browser
j_faf0da8b19,u_385e90baadbd,2023-10-04 08:14:36,108.88,4,23,email_retargeting,repeat_customer
j_e7f65f8c3f,u_ab2645b79c2b,2023-11-10 21:46:06,91.17,1,0,influencer,repeat_customer
j_2abed6a788,u_1ee70f9a25fe,2023-09-17 06:06:17,98.49,2,1,direct,high_intent_shopper
j_6dc89ab098,u_14a655b2a1a0,2023-11-13 09:58:58,42.99,1,0,display_programmatic,repeat_customer
j_869e466d05,u_c956a42a5998,2023-06-06 17:41:43,60.89,1,0,paid_social_instagram,brand_aware_browser
j_5932168d96,u_463631adaee2,2023-06-21 23:50:25,84.64,3,9,direct,high_intent_shopper
j_7e6bbf9585,u_65ea6a64e0c8,2023-02-09 04:27:51,58.05,2,1,paid_search_google,high_intent_shopper
j_912b6b8c45,u_45fd42c9e62e,2023-03-10 05:06:48,90.05,6,27,paid_search_google,new_visitor
j_1a8d407a6d,u_11edcdc25fd0,2023-10-17 02:20:17,46.66,1,0,display_programmatic,price_sensitive
j_6c46ade063,u_27e9cfb0bf22,2023-02-09 21:08:51,45.96,6,17,paid_social_instagram,price_sensitive
j_fd5552171b,u_2922638d30fd,2023-10-26 18:42:09,143.66,1,0,paid_social_facebook,high_intent_shopper
j_4744a66fb1,u_b97ab5f9cb2c,2023-04-24 13:05:20,68.04,2,6,paid_search_google,high_intent_shopper
j_8eb30fb76f,u_5433d755b351,2023-04-30 21:06:47,86.44,2,13,paid_search_bing,high_intent_shopper
j_181d9d5f59,u_6f42a366af2d,2023-04-29 12:22:49,32.12,3,5,paid_search_google,price_sensitive
j_e8b5e515bc,u_1da9460a0c8c,2023-06-25 17:10:19,268.9,1,0,influencer,repeat_customer
j_d990c535e9,u_6209c29a6797,2023-08-10 17:06:34,71.99,3,9,paid_search_bing,brand_aware_browser
j_e185306f47,u_e2c640d58bf9,2023-09-06 17:50:25,90.25,4,15,direct,high_intent_shopper
j_3ff480f24f,u_fb80a2fc16b3,2023-03-23 02:50:14,152.01,5,12,paid_search_google,new_visitor
j_370800fcc9,u_f1b3bf972ebd,2023-09-20 03:36:24,135.92,1,0,paid_social_facebook,repeat_customer
j_0af321d97d,u_069b9f85febe,2023-09-08 09:57:57,103.32,1,0,display_programmatic,high_intent_shopper
j_95ceec5e06,u_a6d1b9e9e4f2,2023-03-12 16:35:10,186.17,5,25,paid_search_google,high_intent_shopper
j_1d34eea977,u_efa976092c14,2023-12-25 09:01:26,162.07,2,15,display_programmatic,brand_aware_browser
j_27fb6a85af,u_042435faf93a,2023-10-04 11:59:01,112.2,1,0,paid_social_instagram,repeat_customer
j_866302c535,u_976fb1e4c2bb,2023-11-27 11:21:25,78.71,5,15,paid_social_facebook,price_sensitive
j_a7f86359bb,u_5f478e1d6c13,2023-11-04 11:50:04,74.75,3,12,paid_search_google,high_intent_shopper
j_ba4e5d2752,u_e4df2f35f7dd,2023-09-08 02:07:31,68.11,2,3,paid_search_google,repeat_customer
j_b023cb6638,u_a86e588a938e,2023-05-19 02:56:09,155.87,1,0,paid_social_facebook,high_intent_shopper
j_6c8f1162d1,u_d178fde14087,2023-06-27 19:34:27,86.56,5,24,paid_search_google,brand_aware_browser
j_ca7c5bfe66,u_05213a03a156,2023-06-26 19:58:26,70.8,8,23,email_newsletter,brand_aware_browser
j_e429b32dc0,u_e4a1fcb3cd8f,2023-03-08 08:00:41,129.78,1,0,paid_social_facebook,repeat_customer
j_969e60e687,u_f70f547f456d,2023-05-24 15:36:08,48.27,5,14,paid_search_google,brand_aware_browser
j_2f4ed08ffe,u_ff97ea3d1943,2023-06-08 08:09:06,58.4,1,0,display_programmatic,repeat_customer
j_6bf5515342,u_3f352c74d2cf,2023-09-13 21:45:49,123.49,1,0,paid_social_instagram,high_intent_shopper
j_7496c7c478,u_dda6a94a8c4c,2023-04-13 01:28:15,138.42,2,12,paid_search_bing,repeat_customer
j_944e97f1e5,u_8daed7fba6fd,2023-02-18 21:28:05,53.81,2,1,direct,high_intent_shopper
j_5ea5bb3ce0,u_6a6eb15370a4,2023-03-08 01:19:22,80.55,2,0,paid_social_instagram,high_intent_shopper
j_f3c84737a8,u_b3cf2da1214a,2023-11-25 18:45:13,61.11,2,3,paid_search_google,high_intent_shopper
j_5c2e4f7899,u_971af33b9ff9,2023-04-09 17:01:14,172.1,1,0,paid_social_instagram,repeat_customer
j_54691ec9b6,u_a1f9ede56774,2023-08-14 02:22:19,24.23,4,21,paid_search_google,price_sensitive
j_86234459ea,u_305d3db2bd57,2023-04-21 02:42:54,48.69,4,10,direct,price_sensitive
j_3bed76c436,u_8ed90a6d6cdb,2023-12-19 08:00:03,66.09,1,0,direct,high_intent_shopper
j_87041c5bd0,u_93685a40c1ed,2023-09-20 06:59:13,106.58,3,16,organic_search_seo,high_intent_shopper
j_7fe5ff3d96,u_a138a07a3a1e,2023-05-04 15:11:58,96.32,1,0,paid_search_google,high_intent_shopper
j_b4769d3cfa,u_45001e538828,2023-05-21 03:46:22,234.11,1,0,paid_social_facebook,repeat_customer
j_1e71e81fd1,u_7677bca70d89,2023-08-11 08:28:26,139.55,4,22,paid_social_instagram,high_intent_shopper
j_7deeb88ea5,u_f9266182a175,2023-08-11 19:07:15,65.98,1,0,email_newsletter,high_intent_shopper
j_e71d6a4848,u_f19d1f861854,2023-05-04 00:17:59,126.79,2,9,paid_search_google,repeat_customer
j_aabfa21c54,u_9734b31dc6c1,2023-02-04 14:52:39,74.05,1,0,paid_social_instagram,price_sensitive
j_558a62bf7b,u_57024e089bb1,2023-03-22 21:11:39,162.72,1,0,display_programmatic,repeat_customer
j_cb64af96b5,u_e7541f6316d5,2023-08-14 13:40:58,43.93,7,18,paid_social_facebook,brand_aware_browser
j_bb4f71e93e,u_2a92701858ff,2023-08-27 15:02:10,61.11,1,0,paid_social_instagram,high_intent_shopper
j_9904f4409e,u_74bc122dd2ff,2023-11-23 00:47:13,224.36,3,20,paid_search_google,repeat_customer
j_5f3ccc8849,u_75803d34ca26,2023-11-09 14:57:12,182.79,3,18,paid_search_google,repeat_customer
j_e5be1fb2b1,u_11279c866ef4,2023-12-05 14:41:00,134.19,1,0,display_programmatic,high_intent_shopper
j_0fbbee99c7,u_a9ff0d196c21,2023-09-13 09:05:42,97.09,3,9,direct,high_intent_shopper
j_e84dd5bc4e,u_c7942caa7a5c,2023-05-09 19:23:49,139.83,3,4,paid_search_google,high_intent_shopper
j_2e73b7c9c7,u_11ca8e16fb28,2023-10-02 06:40:09,220.44,1,0,paid_social_facebook,repeat_customer
j_e216f11d69,u_4bfd260f821f,2023-05-14 17:08:55,85.1,2,28,email_newsletter,high_intent_shopper
j_ef0cff4024,u_f6d5d17b8c06,2023-09-14 06:19:38,18.54,3,15,direct,price_sensitive
j_13a37f2ece,u_bcfebac77ad7,2023-04-20 10:57:03,129.01,1,0,paid_social_facebook,repeat_customer
j_076eaec4ec,u_c148d6ca80c5,2023-11-14 10:38:58,164.85,1,0,paid_social_instagram,repeat_customer
j_e41d53840d,u_b4d3fb0ce9e8,2023-12-03 08:45:05,80.12,7,19,organic_search_seo,new_visitor
j_6ccc188e9f,u_2f75c078a76f,2023-10-27 03:43:58,99.18,1,0,influencer,high_intent_shopper
j_e91af49186,u_68aa260a44cb,2023-05-05 01:13:01,308.51,4,14,display_programmatic,repeat_customer
j_40149299f1,u_549249024c58,2023-09-18 20:37:46,61.29,5,25,paid_search_google,new_visitor
j_d2f07274a6,u_4e2d3c9f1432,2023-04-22 23:57:11,25.84,3,22,organic_search_seo,price_sensitive
j_ce305e06c9,u_3ff47205bc7e,2023-05-25 10:09:19,227.44,2,0,display_programmatic,high_intent_shopper
j_cb493580d0,u_e25b90c909a0,2023-08-04 06:53:56,151.39,4,26,paid_search_google,high_intent_shopper
j_982078087c,u_4ce7b2f97939,2023-06-06 19:35:29,21.42,2,5,paid_social_facebook,price_sensitive
j_67ab5fa794,u_cce9e11094e4,2023-03-10 14:52:45,135.47,2,7,email_newsletter,repeat_customer
j_e190360b43,u_2fec10cbef7b,2023-07-31 12:43:17,167.95,2,23,email_newsletter,high_intent_shopper
j_1c4791a7f3,u_dc7c95c1cf6d,2023-07-01 11:01:13,72.16,1,0,paid_social_facebook,brand_aware_browser
j_161ed28922,u_2c34032db2ad,2023-04-19 12:36:18,227.74,3,19,direct,high_intent_shopper
j_6ecbdb593f,u_5d4c15c2a84d,2023-08-20 14:48:43,221.34,2,10,paid_search_google,repeat_customer
j_44b2556743,u_e3b9420fa3fe,2023-02-19 16:55:32,45.81,2,5,organic_search_seo,high_intent_shopper
j_c35b9d19a4,u_2ebb05dabdca,2023-09-23 03:00:29,67.24,5,18,paid_search_google,high_intent_shopper
j_373bc09d28,u_0471b46e247f,2023-12-07 07:49:18,126.97,3,5,influencer,new_visitor
j_f687fcf267,u_06f7b393083b,2023-03-21 19:23:37,138.65,6,17,organic_search_seo,brand_aware_browser
j_ea932877d5,u_5256174ed47d,2023-06-04 01:38:02,292.86,1,0,paid_social_instagram,repeat_customer
j_46125fe123,u_99bec0283ad5,2023-12-19 11:03:06,141.55,8,24,email_newsletter,new_visitor
j_315ae0b2da,u_5376fa3fec94,2023-06-05 19:00:52,130.32,3,17,paid_social_facebook,high_intent_shopper
j_42a68e85c3,u_14257015697e,2023-11-08 17:48:08,46.16,10,28,paid_social_instagram,new_visitor
j_0e389fd9f1,u_ea8a367da298,2023-05-12 11:07:21,77.08,1,0,paid_social_facebook,high_intent_shopper
j_2a70a25c2d,u_43923f61156c,2023-09-03 22:59:43,46.78,3,20,email_retargeting,price_sensitive
j_0475baf670,u_42122ee2fcc9,2023-12-20 01:44:10,86.25,3,14,paid_social_facebook,high_intent_shopper
j_0cedda74d5,u_566dcdab3055,2023-10-05 00:11:47,38.14,4,12,organic_search_seo,price_sensitive
j_c38e2ca4f6,u_8528bea30d0c,2023-06-02 16:51:29,301.87,2,13,organic_search_seo,repeat_customer
j_effcdde7ff,u_b26537197491,2023-06-05 13:48:50,114.07,2,18,paid_search_google,repeat_customer
j_e116dcc97b,u_8e6ed18daf13,2023-03-15 18:35:13,231.01,3,5,paid_search_google,repeat_customer
j_cb568416f6,u_c8c45260c89f,2023-02-07 07:37:49,102.97,3,22,paid_search_google,brand_aware_browser
j_9f4a398ea5,u_2a956ba68512,2023-09-23 03:48:22,53.95,3,11,paid_social_facebook,price_sensitive
j_5f82ce4ac4,u_a1b6264f9fb5,2023-12-18 08:53:08,68.52,4,12,paid_search_bing,brand_aware_browser
j_ad40e5e057,u_6bc8b8b1a8b4,2023-11-14 09:06:44,109.18,4,18,email_retargeting,repeat_customer
j_453c3c55b7,u_2ed65a734753,2023-03-12 04:29:28,44.8,3,16,display_programmatic,price_sensitive
j_3f5d6abe52,u_01925a7ffac6,2023-03-25 16:16:13,316.62,1,0,paid_social_facebook,repeat_customer
j_5dea8ecafe,u_2bae84582891,2023-12-28 13:32:10,202.9,1,0,paid_search_google,repeat_customer
j_cd8aed976d,u_c57e1883ad7f,2023-11-08 10:22:57,28.43,4,21,paid_social_facebook,price_sensitive
j_9b450b970f,u_3e831f981eee,2023-06-23 00:17:16,138.05,1,0,email_retargeting,high_intent_shopper
j_38cf4f22c3,u_811af1972430,2023-09-14 01:14:13,74.98,1,0,paid_social_facebook,repeat_customer
j_f40e6ecf94,u_490edcecd1a5,2023-03-06 14:25:22,58.47,4,10,email_newsletter,brand_aware_browser
j_31cc2cf6ec,u_bc6a55f80cc9,2023-08-30 06:47:02,76.49,1,0,paid_social_facebook,repeat_customer
j_67d4400521,u_3ffbb15cf246,2023-09-23 06:53:15,122.29,3,13,paid_search_google,high_intent_shopper
j_008e34f824,u_8d32c060a121,2023-04-14 16:44:47,71.23,2,0,email_retargeting,brand_aware_browser
j_b281258e30,u_78d66f2243fe,2023-03-04 14:40:50,159.9,1,0,paid_social_facebook,repeat_customer
j_903f6f794a,u_871f85a1d935,2023-09-12 15:25:48,22.19,3,7,paid_search_google,price_sensitive
j_664fa41103,u_bb7096ae5a19,2023-06-27 17:07:39,80.61,6,20,organic_search_seo,brand_aware_browser
j_bbb36bb5e3,u_d6a99f7a17ea,2023-04-08 07:14:14,48.57,9,20,paid_search_google,new_visitor
j_07ee98361e,u_7ce5ff1e89fc,2023-02-03 06:58:41,30.17,6,21,paid_social_facebook,brand_aware_browser
j_9f00d1087c,u_f7520d5635e0,2023-06-01 07:48:48,68.77,3,8,paid_search_google,high_intent_shopper
j_91102455f7,u_18b18b8b32ec,2023-07-31 11:34:54,88.62,6,26,influencer,high_intent_shopper
j_cd7aaccd0b,u_e7e56fd099fe,2023-12-13 14:49:46,128.8,3,14,paid_search_google,high_intent_shopper
j_b35ee988e7,u_2960f659e619,2023-10-20 13:42:25,98.63,7,25,direct,brand_aware_browser
j_39ed997cfd,u_269e5b571d94,2023-11-30 09:08:54,120.36,5,19,paid_search_google,brand_aware_browser
j_ab4d5d6eb7,u_0aed816ca057,2023-11-10 16:26:00,73.38,6,16,influencer,high_intent_shopper
j_5181cb2507,u_a24f9b6d6ba6,2023-03-13 12:24:00,98.87,1,0,email_retargeting,high_intent_shopper
j_771495a9e2,u_95625b99d97f,2023-04-11 03:45:00,183.72,2,19,paid_search_google,repeat_customer
j_ff4cb57b26,u_999a5e4119f3,2023-09-09 03:01:32,78.34,1,0,paid_social_facebook,high_intent_shopper
j_a8b4e0f9eb,u_6c9b53b0afbf,2023-06-15 00:25:12,61.56,4,17,email_retargeting,new_visitor
j_ff959d1a7c,u_ca7186568a6a,2023-10-29 19:15:57,149.63,1,0,paid_search_google,repeat_customer
j_bd616bf056,u_a567dcba9693,2023-12-08 11:33:17,66.85,5,19,paid_search_google,brand_aware_browser
j_fbcf4f89b1,u_6994511b6e5b,2023-12-24 21:10:12,126.73,1,0,organic_search_seo,repeat_customer
j_26f2f2da17,u_87a2025b7325,2023-03-10 01:29:07,100.24,1,0,paid_social_instagram,repeat_customer
j_649c11f1f6,u_286334cfc209,2023-03-17 02:53:38,139.07,3,2,direct,repeat_customer
j_2b92f253cd,u_7f893c7e00bc,2023-01-29 18:57:34,203.19,1,0,paid_social_facebook,repeat_customer
j_c7a9258e85,u_05166446051b,2023-09-10 10:34:09,140.28,1,0,paid_search_google,repeat_customer
j_c8cc36bad5,u_bd8852fb2ce0,2023-02-03 14:45:32,70.11,1,0,email_newsletter,repeat_customer
j_3afa2b304e,u_54e05958e6dd,2023-08-30 13:26:18,60.34,1,0,paid_social_instagram,price_sensitive
j_946d64ef60,u_0787ee9e8990,2023-12-07 01:31:54,136.92,2,10,paid_search_google,high_intent_shopper
j_e5a2f6a66c,u_c7f343da4ae5,2023-05-03 00:07:31,50.97,5,23,paid_search_google,brand_aware_browser
j_51be4d2e15,u_95238115b59d,2023-06-29 09:30:10,107.51,1,0,paid_search_google,repeat_customer
j_fc8c101236,u_80721ec0fd98,2023-10-17 13:23:42,45.42,7,23,paid_search_google,price_sensitive
j_f195e076c7,u_1f1289f6c861,2023-06-09 04:58:07,46.74,1,0,paid_social_facebook,repeat_customer
j_11e6ed2353,u_a9d42eaf42dd,2023-10-17 13:28:55,57.76,6,22,paid_search_google,high_intent_shopper
j_35a57b95c2,u_02069f8e7e60,2023-11-28 16:51:26,43.25,2,12,paid_search_google,high_intent_shopper
j_80f86ce5ff,u_b682859cc01b,2023-04-06 12:49:27,86.7,1,0,influencer,high_intent_shopper
j_456e8cb6e7,u_bd9ee442ef97,2023-09-29 19:51:33,88.73,1,0,paid_social_facebook,repeat_customer
j_950b874d06,u_dd7491bf1c75,2023-07-28 11:23:19,45.31,1,0,paid_social_facebook,high_intent_shopper
j_4bae1fb5dc,u_b211c4280cae,2023-10-18 13:20:11,157.41,1,0,email_newsletter,high_intent_shopper
j_b4463d922f,u_207312297db8,2023-06-21 10:00:33,39.01,1,0,paid_social_facebook,high_intent_shopper
j_4357703e15,u_6c5000e25b13,2023-05-11 22:23:19,52.37,5,27,email_retargeting,repeat_customer
j_531e5f7a4e,u_97028f2847be,2023-09-26 16:51:33,119.83,2,0,email_retargeting,brand_aware_browser
j_3c9bf39774,u_740e0f548f19,2023-07-12 02:08:50,330.13,1,0,email_retargeting,repeat_customer
j_ea9635326f,u_eaaaeb636723,2023-10-19 12:11:51,138.65,3,13,display_programmatic,repeat_customer
j_8169fca76a,u_85dc9ee7548b,2023-03-15 18:32:01,99.33,5,18,paid_social_facebook,new_visitor
j_1f37f28281,u_53921e956354,2023-09-22 19:37:16,84.98,6,24,email_newsletter,new_visitor
j_4862872162,u_c5ad7ee03c59,2023-08-24 21:31:33,164.54,4,27,paid_social_facebook,repeat_customer
j_ffbe46531d,u_61d28fb99797,2023-04-28 20:12:18,127.75,3,14,paid_search_google,repeat_customer
j_512a381718,u_877ae5cdb74d,2023-09-28 08:59:23,79.58,1,0,paid_search_google,repeat_customer
j_6615d5554a,u_cd59587476d0,2023-11-02 10:32:37,93.32,2,13,paid_search_google,high_intent_shopper
j_442b6d7fe6,u_24688ac18337,2023-04-17 22:27:00,53.93,1,0,paid_social_facebook,high_intent_shopper
j_a4a82995e3,u_8089ea7c8402,2023-08-31 14:01:14,119.45,1,0,display_programmatic,repeat_customer
j_6699af5c27,u_bd476c328000,2023-10-24 23:03:21,125.8,3,22,email_newsletter,repeat_customer
j_44cb7824e1,u_c1663d10c219,2023-10-17 22:00:54,164.7,1,0,paid_social_facebook,repeat_customer
j_a3cc24edaa,u_4f2cc80286f6,2023-02-03 16:13:29,84.75,3,28,paid_search_google,repeat_customer
j_114795a57a,u_e33115d7b069,2023-12-16 11:50:22,68.94,4,18,organic_search_seo,high_intent_shopper
j_6bbdb9aeda,u_902eaad688d0,2023-05-23 23:09:04,93.97,3,5,email_retargeting,high_intent_shopper
j_283c8bd5d8,u_a95651b901e6,2023-04-08 18:53:37,120.16,1,0,influencer,high_intent_shopper
j_2182268d01,u_cde45b498c98,2023-01-25 09:04:16,66.5,1,0,display_programmatic,brand_aware_browser
j_4efe8e1661,u_1820b85517b2,2023-06-01 00:36:44,79.58,3,16,direct,high_intent_shopper
j_e05ff1558b,u_3ccffdc3ef55,2023-09-19 00:29:13,81.72,3,17,email_retargeting,repeat_customer
j_4e5df1cdd5,u_f1dae795243c,2023-09-02 04:50:07,45.3,4,13,email_retargeting,new_visitor
j_d50eae37c4,u_9a554c62e06e,2023-01-27 15:26:56,62.68,3,7,direct,repeat_customer
j_24c7b40564,u_52bb7580c8d1,2023-12-27 21:51:29,53.83,3,17,email_retargeting,price_sensitive
j_43cc67de99,u_ef8896039be8,2023-02-17 03:52:40,52.33,3,22,paid_social_facebook,new_visitor
j_85be4f14b3,u_aa5fe46ab298,2023-06-22 23:40:01,122.08,3,14,direct,repeat_customer
j_c238afb197,u_136e11f7e4ab,2023-11-18 14:41:48,66.95,5,28,paid_search_bing,price_sensitive
j_850cc6d743,u_b95f90e81382,2023-04-18 13:09:19,153.3,2,2,direct,repeat_customer
j_e408db699b,u_5cfa13f2724a,2023-09-11 15:59:09,155.69,1,0,paid_social_instagram,repeat_customer
j_c444812991,u_deaa262fcf40,2023-07-06 22:00:48,130.7,1,0,display_programmatic,repeat_customer
j_fc978381aa,u_27e2e3afefb8,2023-03-31 13:06:43,82.91,1,0,direct,repeat_customer
j_a8985b8880,u_0049e8097770,2023-03-24 15:42:48,195.72,1,0,paid_social_instagram,repeat_customer
j_0045d8529f,u_c02302d71f51,2023-02-24 17:20:25,46.16,5,10,influencer,high_intent_shopper
j_f34386ad77,u_0a003a35384f,2023-10-07 01:19:18,87.29,2,16,direct,repeat_customer
j_5a4dda9546,u_c4277a198ad5,2023-03-02 14:55:23,71.95,1,0,organic_search_seo,high_intent_shopper
j_11df1e6967,u_bc3c1c312c98,2023-09-24 09:57:29,154.5,1,0,display_programmatic,repeat_customer
j_a3c9087115,u_65684f0def9d,2023-07-18 17:29:29,135.56,1,0,paid_social_facebook,high_intent_shopper
j_c7d7c7e881,u_2289b5b201e9,2023-09-05 18:15:25,92.31,1,0,paid_search_google,high_intent_shopper
j_fd9d994111,u_5b4f84123ab6,2023-07-25 01:01:20,96.92,3,5,organic_search_seo,repeat_customer
j_8f3cecd448,u_8b9ecee964f4,2023-03-04 17:18:41,47.7,2,4,paid_search_google,high_intent_shopper
j_404b37c6fb,u_2e39ec09c1d8,2023-09-06 15:56:32,102.52,6,21,email_retargeting,brand_aware_browser
j_410b24ecb1,u_cbedfb57211e,2023-09-08 23:40:47,88.81,2,3,paid_search_google,repeat_customer
j_8f7da91c38,u_808b9eb2e9fe,2023-05-01 14:32:38,50.9,3,13,paid_search_google,high_intent_shopper
j_37705f5b10,u_aa44e176f300,2023-04-13 19:47:41,153.82,3,21,email_newsletter,repeat_customer
j_a9b2680827,u_afab8e201ec4,2023-09-16 10:14:56,69.68,5,23,paid_social_instagram,high_intent_shopper
j_f4f5b139fa,u_4971989df6a6,2023-11-30 13:32:46,125.69,1,0,influencer,repeat_customer
j_6525058022,u_c16c4f83a430,2023-08-02 12:40:16,59.43,1,0,paid_social_facebook,repeat_customer
j_bf537fed95,u_5a2e6836aaeb,2023-06-20 05:05:48,69.23,1,0,paid_social_instagram,high_intent_shopper
j_efd9e57ff3,u_23783d283c9d,2023-05-29 12:50:03,61.26,1,0,paid_search_google,high_intent_shopper
j_3d6d52ed6c,u_ecb3df62f41e,2023-04-06 00:48:52,90.7,1,0,direct,high_intent_shopper
j_f3c284079d,u_49f72f27e395,2023-07-05 08:52:22,71.13,5,22,direct,brand_aware_browser
j_79a897d142,u_0fe343c25763,2023-06-05 01:47:20,84.54,1,0,paid_search_google,high_intent_shopper
j_3e3229f87b,u_e38eefcded1a,2023-05-19 13:22:55,191.05,1,0,email_retargeting,repeat_customer
j_840fd0bae5,u_eeafba6337db,2023-12-21 06:45:47,42.96,4,14,paid_social_facebook,brand_aware_browser
j_4b738e1719,u_ddc5a61868d5,2023-08-14 14:19:53,209.42,1,0,direct,repeat_customer
j_4573e4cdda,u_d9f9feb32b5d,2023-05-03 00:45:05,118.02,5,21,influencer,high_intent_shopper
j_777e704edc,u_49230f4ec25e,2023-06-29 01:47:03,86.63,1,0,display_programmatic,repeat_customer
j_80be19c96f,u_249ed7ed500b,2023-08-28 10:22:51,87.51,6,18,paid_social_facebook,high_intent_shopper
j_cdb31eda14,u_eccb10295fdd,2023-07-01 20:57:37,56.05,3,4,influencer,brand_aware_browser
j_de244f46b5,u_c619f53f3e89,2023-11-05 22:19:55,75.34,3,17,email_newsletter,high_intent_shopper
j_1c5bca199f,u_e9567dd16c98,2023-08-01 17:18:36,27.26,5,12,paid_social_instagram,price_sensitive
j_467dba5826,u_64d657ae7b0c,2023-03-08 08:27:04,233.21,1,0,display_programmatic,high_intent_shopper
j_63432641d1,u_a1e916f79678,2023-04-01 04:17:01,29.64,4,9,paid_search_google,brand_aware_browser
j_8125c261ed,u_128aa172d606,2023-02-11 08:27:42,73.28,3,6,direct,high_intent_shopper
j_07bb23389d,u_65f792603fd4,2023-09-17 15:00:52,37.9,4,24,email_newsletter,price_sensitive
j_dcae1db62a,u_119af1badae5,2023-03-13 22:40:52,166.99,1,0,paid_social_facebook,high_intent_shopper
j_878c2c257c,u_412e4221c3f0,2023-07-14 19:35:32,87.96,1,0,paid_social_facebook,repeat_customer
j_0da9703175,u_f24052437b4f,2023-05-27 07:12:23,59.49,3,12,paid_search_google,brand_aware_browser
j_299c54155f,u_222eaa5f61e3,2023-05-04 03:53:28,61.77,4,14,paid_social_instagram,high_intent_shopper
j_4ce4f11657,u_e2e61fe2d23a,2023-03-18 07:39:37,10.72,4,22,influencer,price_sensitive
j_332248aacb,u_b68790c5d1b5,2023-06-26 02:13:09,62.08,1,0,paid_social_facebook,repeat_customer
j_6d3f7ddfbd,u_86da09daf4ec,2023-12-25 04:02:31,137.31,5,21,paid_search_google,brand_aware_browser
j_23aa9de9e7,u_07c95004b307,2023-10-28 09:56:48,70.83,2,15,paid_search_bing,brand_aware_browser
j_6aee258e6b,u_86bc8a762711,2023-07-15 09:04:39,105.61,2,7,paid_search_google,repeat_customer
j_199ca6fb70,u_3489cbbef9dc,2023-05-13 21:03:35,71.0,6,26,email_newsletter,brand_aware_browser
j_4928d5eebe,u_b60808c00489,2023-06-08 16:21:31,82.87,1,0,display_programmatic,repeat_customer
j_75c57aea3a,u_1b685cda8438,2023-02-23 22:48:32,90.96,1,0,display_programmatic,brand_aware_browser
j_7b808dccc3,u_66445323e8bd,2023-09-22 00:24:04,75.76,5,16,paid_search_google,high_intent_shopper
j_75361ea29b,u_338b18dea6b3,2023-03-30 03:49:47,168.13,1,0,paid_search_google,repeat_customer
j_7acc0e22c8,u_6555ad926002,2023-06-04 14:27:36,96.8,3,21,paid_search_bing,high_intent_shopper
j_fefb683af3,u_85ffcdbe7c19,2023-12-13 08:06:58,48.37,5,17,paid_search_google,price_sensitive
j_bc9d85bac9,u_ccb9071865bf,2023-03-16 19:31:11,80.38,2,14,display_programmatic,price_sensitive
j_54855de6ea,u_9f3e4729ec28,2023-05-22 19:17:35,108.89,1,0,display_programmatic,repeat_customer
j_e679e0b81a,u_41a09a7c763b,2023-10-07 15:23:59,20.35,1,0,paid_social_facebook,price_sensitive
j_55603c28a8,u_8a261962b2dc,2023-11-20 19:19:19,96.45,4,22,paid_search_google,brand_aware_browser
j_8fcc169874,u_4b32a31769d3,2023-03-30 23:55:19,160.45,4,5,paid_social_facebook,high_intent_shopper
j_388a020ef3,u_c34b7bf955ae,2023-12-02 16:01:19,50.38,5,18,email_newsletter,price_sensitive
j_672b450075,u_4b1eee16b333,2023-10-09 16:59:59,98.91,3,11,organic_search_seo,high_intent_shopper
j_20d81e9b46,u_4bbcfbbd305e,2023-08-15 04:37:45,100.8,1,0,paid_social_facebook,high_intent_shopper
j_bb63bd40c3,u_8444eb520639,2023-06-25 08:23:08,46.91,2,0,email_newsletter,price_sensitive
j_726b0ffa79,u_578afac6015b,2023-05-20 17:36:14,136.07,1,0,paid_search_google,repeat_customer
j_f8667f2bb0,u_38d5e3dd8fd8,2023-04-13 02:44:26,32.93,5,12,paid_social_facebook,price_sensitive
j_cabcddaa74,u_97474644d551,2023-04-08 01:48:30,87.82,2,6,email_newsletter,high_intent_shopper
j_4f7bd00d5a,u_f7ac81580847,2023-07-17 16:05:46,32.65,4,13,direct,price_sensitive
j_0d80a180e5,u_0fe2d0730cdb,2023-02-18 14:51:02,67.3,4,24,paid_social_instagram,brand_aware_browser
j_0ada7d129d,u_9db6be3ac60a,2023-07-21 05:14:38,28.73,2,7,direct,repeat_customer
j_1cee38f83c,u_6143b50c388d,2023-03-09 13:41:50,57.71,3,14,paid_search_google,high_intent_shopper
j_0e43faed41,u_9a1f90272273,2023-06-24 22:20:38,70.02,6,24,paid_social_facebook,brand_aware_browser
j_17dae065e0,u_48cbae001545,2023-08-11 07:46:53,74.44,5,22,paid_search_google,brand_aware_browser
j_51e89f7107,u_82bd6134552d,2023-06-26 04:04:40,42.45,3,9,paid_social_instagram,brand_aware_browser
j_fac08906d9,u_6665364f7026,2023-03-29 09:17:40,61.29,1,0,paid_social_facebook,high_intent_shopper
j_250ace2ade,u_be7d3e6bf2ac,2023-05-14 19:17:30,133.59,4,21,paid_search_google,high_intent_shopper
j_c0101ac968,u_920f909ab4fa,2023-05-05 19:23:58,71.03,2,2,paid_search_google,repeat_customer
j_7194cf67f3,u_b5d508a9023b,2023-05-23 17:42:01,115.35,1,0,display_programmatic,high_intent_shopper
j_059548545c,u_147f5455e678,2023-02-22 14:45:10,69.11,3,15,email_retargeting,price_sensitive
j_906793b482,u_23c28da18b46,2023-10-25 22:23:34,42.48,2,7,direct,price_sensitive
j_263b4783ed,u_669ba25f130e,2023-02-03 12:08:42,86.4,3,9,paid_search_bing,repeat_customer
j_b9c74f158f,u_83655ad7a5af,2023-11-24 23:37:11,172.98,2,8,paid_search_google,high_intent_shopper
j_a4a08cba4a,u_a84cb3e0dad3,2023-09-16 10:17:38,141.8,1,0,paid_social_facebook,repeat_customer
j_a0bdcb9648,u_5e7ecaff7dcf,2023-04-29 19:25:33,62.83,5,22,email_newsletter,brand_aware_browser
j_a44e0ef89b,u_6e48dc302bd8,2023-03-13 12:28:22,104.0,2,9,organic_search_seo,high_intent_shopper
j_f710149177,u_f2bb58341f84,2023-09-15 01:45:55,126.87,4,14,paid_social_instagram,high_intent_shopper
j_8d34322c9b,u_3402566a4257,2023-02-10 02:44:25,279.09,1,0,influencer,repeat_customer
j_15a5818de2,u_ed9a29a82ecc,2023-11-13 14:42:14,37.8,10,23,email_retargeting,new_visitor
j_b15331ff4f,u_cb0a97d68b46,2023-05-11 17:15:43,107.34,3,21,influencer,repeat_customer
j_7a448fd2a0,u_c89fae1c3bf7,2023-08-28 17:42:55,118.37,3,13,email_retargeting,high_intent_shopper
j_6b26114a22,u_ba8d19ce71a0,2023-07-04 04:41:12,75.73,1,0,influencer,high_intent_shopper
j_24927ccb08,u_75ba577e6b95,2023-10-09 07:03:31,111.95,1,0,paid_social_instagram,high_intent_shopper
j_aa4a828497,u_0c9f39d6e2ac,2023-06-14 12:07:01,37.24,5,27,paid_social_facebook,price_sensitive
j_688570ae0d,u_5cc7dce870c2,2023-08-19 22:16:49,36.76,4,22,email_newsletter,price_sensitive
j_f3d6b06c70,u_398cbd71f599,2023-08-11 19:00:38,108.01,4,3,paid_social_facebook,repeat_customer
j_58369fde0b,u_dbf1431b2a3c,2023-02-16 22:38:59,87.9,3,25,paid_search_bing,price_sensitive
j_7ba65b5b13,u_784f71cc23c1,2023-05-01 05:22:41,114.16,2,8,paid_social_facebook,brand_aware_browser
j_0a4bef7fd3,u_9ac8c9699fb3,2023-01-17 13:38:07,85.19,1,0,paid_social_instagram,repeat_customer
j_4714000c9a,u_6ce4c4fd0d57,2023-10-05 23:48:52,81.73,3,13,paid_search_bing,high_intent_shopper
j_935a976b85,u_88d1acf16641,2023-07-28 00:51:23,40.01,3,12,paid_search_google,price_sensitive
j_cd5a3be88a,u_2c028b71c148,2023-10-10 14:59:10,92.01,5,19,email_retargeting,price_sensitive
j_2d5493b561,u_1f3bc847933b,2023-10-12 15:59:48,128.33,1,0,paid_search_bing,high_intent_shopper
j_db4a3559c6,u_bcdaa586e055,2023-09-18 07:43:48,22.92,5,23,paid_social_instagram,price_sensitive
j_7bc35583a1,u_c7be9746ab58,2023-04-19 03:42:44,181.55,5,14,paid_search_bing,brand_aware_browser
j_2cdf800265,u_1eaf12defe21,2023-12-15 07:42:55,107.09,1,0,email_newsletter,high_intent_shopper
j_7c08c562d9,u_0b299689e09a,2023-07-17 02:45:29,122.2,4,25,paid_search_bing,new_visitor
j_c033212887,u_b81292654aaf,2023-02-25 18:04:51,160.62,4,16,paid_search_bing,high_intent_shopper
j_5a981345a8,u_8a0ae3bfe35b,2023-06-07 15:32:26,132.08,1,0,display_programmatic,repeat_customer
j_65ff794b74,u_7f4642e62002,2023-11-23 11:21:01,90.79,1,0,email_newsletter,repeat_customer
j_33cf1c73fa,u_2ed6cce9f22e,2023-04-03 23:00:59,56.88,4,25,direct,price_sensitive
j_1ad6917c7a,u_5fcd761f40d6,2023-11-04 13:43:05,228.74,1,0,influencer,repeat_customer
j_ab39f8ec72,u_9dda2539b5e4,2023-05-11 05:17:50,50.86,4,22,organic_search_seo,new_visitor
j_b1d7b5cd0a,u_63488e45d80a,2023-06-07 01:32:36,213.12,2,18,paid_search_google,repeat_customer
j_7ac984760b,u_3e4fef39cceb,2023-08-08 13:02:26,153.88,1,0,paid_social_instagram,repeat_customer
j_1cc7caa136,u_3abfea366349,2023-12-12 18:50:11,162.4,1,0,display_programmatic,repeat_customer
j_3174d76d38,u_3b0fa71538fb,2023-04-07 08:21:29,42.93,2,5,email_retargeting,brand_aware_browser
j_2bd68d395d,u_3867954c1755,2023-04-02 04:05:41,121.12,1,0,influencer,high_intent_shopper
j_ac0bb7b3c3,u_aef30d7543b5,2023-11-17 22:36:24,109.55,1,0,paid_social_facebook,high_intent_shopper
j_2cf903bf5d,u_17d8706afb34,2023-06-10 12:25:29,110.6,1,0,paid_social_instagram,high_intent_shopper
j_df2f6f34c7,u_2adabfb251cc,2023-12-19 03:34:40,432.75,2,19,paid_social_facebook,repeat_customer
j_1c279e9037,u_ae79505382b5,2023-07-29 23:13:53,241.49,2,7,paid_social_instagram,repeat_customer
j_6c0481c904,u_ff439a0281c3,2023-02-09 19:25:39,28.02,2,14,display_programmatic,price_sensitive
j_551c4aae7d,u_466f784061cb,2023-07-27 16:54:10,36.18,4,14,paid_search_google,brand_aware_browser
j_fc094e089c,u_c17410d91bb4,2023-10-14 12:24:42,64.88,2,10,paid_social_facebook,high_intent_shopper
j_920f7dd21f,u_524f761b0d8d,2023-04-06 11:11:16,43.32,2,8,email_newsletter,high_intent_shopper
j_65bcd427a6,u_ab348be28140,2023-12-15 08:38:48,102.42,2,2,paid_search_google,high_intent_shopper
j_7b8cd7d4eb,u_616434b2653c,2023-12-03 03:38:56,91.01,2,5,paid_social_facebook,high_intent_shopper
j_cf93165b2b,u_47e8e2022a7c,2023-09-09 08:26:59,59.55,3,20,paid_search_google,price_sensitive
j_8e2691f947,u_cdcd96f8e9a0,2023-01-28 23:35:14,103.16,1,0,email_retargeting,repeat_customer
j_54ec5f0b8c,u_bf346f259f9e,2023-09-25 18:40:46,42.7,4,12,email_newsletter,high_intent_shopper
j_e9749c0a00,u_b0f1cdab7014,2023-09-07 22:25:39,156.19,1,0,display_programmatic,repeat_customer
j_3247f82a6a,u_68736bc7564c,2023-07-23 01:44:12,160.85,1,0,paid_social_facebook,high_intent_shopper
j_6390d5d4a8,u_a00c434b1dde,2023-07-16 19:13:19,102.38,5,16,email_retargeting,brand_aware_browser
j_18e901c86f,u_4e6d82ad433f,2023-02-04 01:52:29,62.03,5,22,influencer,price_sensitive
j_1e528706c8,u_cfb72b2b5427,2023-05-31 19:23:45,83.91,2,5,paid_social_facebook,repeat_customer
j_c62cb0d412,u_cba92f514b6d,2023-09-01 04:11:31,76.58,1,0,paid_social_facebook,high_intent_shopper
j_bbcbff7836,u_3c76ebf6e755,2023-09-05 19:54:56,93.84,4,13,email_newsletter,high_intent_shopper
j_c97655f9c2,u_bcaa566a3fac,2023-05-27 14:14:31,107.4,2,3,paid_search_google,high_intent_shopper
j_cf426e1271,u_ca9779b497ba,2023-05-04 04:22:56,35.32,2,9,direct,price_sensitive
j_845d73dfdc,u_2e99313a773e,2023-10-20 07:32:39,70.1,1,0,display_programmatic,repeat_customer
j_dbbcf2e5ed,u_a3c6b38224ee,2023-06-15 13:09:23,80.67,2,0,paid_social_facebook,price_sensitive
j_e27896ab6d,u_f4e5760c6c79,2023-10-09 19:19:10,99.62,3,5,paid_search_google,price_sensitive
j_6f6a96b1ed,u_4f023d276aa4,2023-05-12 13:59:31,48.39,1,0,paid_social_facebook,high_intent_shopper
j_93eb4ad293,u_88912ddc8255,2023-06-12 10:07:19,65.57,2,4,organic_search_seo,high_intent_shopper
j_6f4d578e6e,u_f8d11b37cd86,2023-05-19 04:40:08,140.74,5,18,paid_search_google,repeat_customer
j_a47d6c6b28,u_552e1664e2fe,2023-06-10 21:06:55,66.25,2,25,display_programmatic,new_visitor
j_6168e3bcfd,u_87f38856c5f3,2023-11-02 21:41:18,85.34,10,28,paid_search_google,brand_aware_browser
j_e69a46ef0a,u_6e6cefe0fbad,2023-08-19 14:45:00,48.75,3,9,direct,price_sensitive
j_99754633bf,u_3408b0cd5a60,2023-09-03 13:34:49,63.74,2,19,paid_social_facebook,high_intent_shopper
j_0178797349,u_481994ddebda,2023-07-07 16:40:50,91.92,1,0,paid_social_facebook,repeat_customer
j_d4559724a0,u_fe6672a3f974,2023-02-24 19:28:23,74.36,4,16,paid_search_google,brand_aware_browser
j_05dab1cdcb,u_2486057137c3,2023-09-26 22:54:12,35.58,1,0,email_newsletter,high_intent_shopper
j_cabac3b512,u_79f6a3420e87,2023-06-18 06:18:59,98.89,2,4,email_retargeting,price_sensitive
j_0e5ccf2ecc,u_dd87d13d4920,2023-02-18 02:30:14,78.53,1,0,email_newsletter,brand_aware_browser
j_cef4959c50,u_859e775e0993,2023-06-16 00:56:03,108.51,3,12,email_retargeting,new_visitor
j_650d1b2348,u_55fdfdd251f9,2023-08-18 18:05:29,71.77,2,22,paid_search_google,price_sensitive
j_00d500d71e,u_66a5f53815bc,2023-02-07 00:43:33,38.85,6,12,display_programmatic,new_visitor
j_876b2ddd42,u_662ed3d02bfe,2023-08-19 16:17:16,102.9,6,20,email_newsletter,brand_aware_browser
j_56a83a6aeb,u_8197cfabaf8a,2023-04-26 11:10:37,46.9,4,25,organic_search_seo,brand_aware_browser
j_ee21e30db7,u_df5d1d05dd65,2023-03-24 17:26:23,68.81,4,17,paid_search_google,brand_aware_browser
j_a8fec7abfb,u_a14d9321261b,2023-02-13 06:44:59,83.38,1,0,paid_social_facebook,high_intent_shopper
j_a584557e6d,u_e57405714ffc,2023-06-01 15:29:26,126.99,4,24,paid_search_google,repeat_customer
j_2168ca675d,u_1cec92d13d71,2023-02-22 00:46:35,106.49,5,25,paid_social_instagram,price_sensitive
j_d1ae1ff49c,u_3cfd49269033,2023-05-21 20:36:07,118.36,2,3,email_newsletter,repeat_customer
j_50d16cbc97,u_bb6fe240316d,2023-03-04 03:59:46,77.95,3,4,paid_social_instagram,high_intent_shopper
j_1cb1d746e4,u_53bc31286c52,2023-02-25 17:40:40,229.49,1,0,paid_social_facebook,repeat_customer
j_445a113301,u_b640353c232e,2023-07-02 22:36:39,146.34,1,0,paid_search_google,high_intent_shopper
j_dbacda991e,u_7a30d0f6cb86,2023-11-19 09:41:15,105.52,2,5,email_newsletter,high_intent_shopper
j_8a8c01cd18,u_6354da2c2609,2023-05-21 17:24:26,26.36,1,0,email_newsletter,price_sensitive
j_d50d3e648a,u_b2b5a8441ca0,2023-11-26 10:06:43,115.57,6,26,paid_search_google,high_intent_shopper
j_9920755dce,u_a4f7cf1d2128,2023-02-25 02:12:22,93.78,1,0,paid_social_facebook,new_visitor
j_c2e86c21e9,u_a8387d78e913,2023-10-16 03:15:50,136.98,2,10,paid_search_google,high_intent_shopper
j_2cb74ba506,u_4f44710f21a0,2023-10-28 06:16:58,103.35,1,0,email_newsletter,high_intent_shopper
j_deeea927f9,u_5af9488550d7,2023-07-23 22:05:22,81.25,3,25,paid_search_bing,repeat_customer
j_52a2f00a47,u_632d74ce9c03,2023-07-10 10:06:32,84.63,5,25,email_retargeting,brand_aware_browser
j_3ea06a5234,u_23b1f9688080,2023-06-01 05:02:52,72.35,4,19,display_programmatic,repeat_customer
j_e2dc5a4307,u_c2e751ac5861,2023-12-27 18:21:06,71.97,6,28,email_newsletter,new_visitor
j_115798f0a4,u_a6c2a4d866e8,2023-01-26 01:55:32,175.77,1,0,paid_social_instagram,repeat_customer
j_1035244691,u_bfb9b1c7061d,2023-02-19 19:55:53,89.39,2,6,paid_search_google,repeat_customer
j_1500bc2b3f,u_a3b024415925,2023-06-21 12:42:44,110.26,7,28,email_retargeting,new_visitor
j_b9c085825c,u_923f55c656c4,2023-10-19 03:34:08,139.63,5,12,email_newsletter,brand_aware_browser
j_81b83b87ed,u_b649eae23ae0,2023-02-28 15:02:05,70.68,1,0,email_newsletter,high_intent_shopper
j_7aedb11ebf,u_70318b4946e2,2023-06-06 04:53:13,87.7,2,23,paid_social_facebook,repeat_customer
j_fc8fd0b008,u_41271496bdd6,2023-02-25 09:17:28,103.27,3,7,influencer,high_intent_shopper
j_bd02dc9492,u_baeed31d7377,2023-12-12 20:57:34,58.41,5,13,paid_social_instagram,new_visitor
j_1ed9297f41,u_ae937bb9b6d5,2023-10-11 03:17:13,97.33,1,0,paid_social_facebook,repeat_customer
j_312c1ebe87,u_4e1c76b9b53a,2023-04-07 23:05:16,56.15,5,16,paid_search_google,brand_aware_browser
j_1ed4893878,u_ca778b463e74,2023-03-03 18:35:36,151.16,6,17,paid_search_bing,brand_aware_browser
j_8de9108a2c,u_500eaf0530fe,2023-02-25 15:22:13,80.98,2,8,paid_search_bing,brand_aware_browser
j_61bed59875,u_0742d7f8ac38,2023-06-16 19:41:47,56.48,4,21,paid_social_instagram,repeat_customer
j_57dd59cdbf,u_63de6e9e2fbf,2023-05-30 03:46:45,63.53,2,9,paid_search_google,high_intent_shopper
j_6e0c372364,u_4e206c38c24c,2023-04-08 00:54:33,79.95,2,7,email_newsletter,high_intent_shopper
j_92a43b5f79,u_aa0ccf56924c,2023-07-03 05:28:12,15.21,3,7,paid_search_google,price_sensitive
j_50ba79a2fd,u_b8926db1ee69,2023-02-04 03:40:23,189.4,1,0,paid_social_facebook,repeat_customer
j_52d0d7e54c,u_f40d89b4f775,2023-03-06 13:07:21,56.67,10,24,email_newsletter,new_visitor
j_e4af8acdf5,u_0135af91465a,2023-06-05 09:59:10,49.99,5,19,email_newsletter,brand_aware_browser
j_14a5a083ed,u_9832872ff50f,2023-07-26 02:29:21,51.8,6,17,paid_search_google,brand_aware_browser
j_5fed7af765,u_89ae1e57ecda,2023-08-23 22:00:37,176.53,1,0,paid_social_facebook,repeat_customer
j_09d6df93b9,u_6f83e585fb4a,2023-10-28 09:30:00,167.62,1,0,paid_social_instagram,repeat_customer
j_d127598eb9,u_73f8e3af9f0d,2023-12-01 16:54:47,39.01,7,21,paid_search_google,price_sensitive
j_a0773987bb,u_a1dce8734748,2023-11-22 10:10:52,125.59,4,17,email_newsletter,repeat_customer
j_b7854f82aa,u_5d44d84b46ea,2023-10-15 14:13:46,53.8,1,0,paid_social_instagram,high_intent_shopper
j_7a38aa5d66,u_5645120c3844,2023-07-04 11:25:28,105.41,1,0,display_programmatic,repeat_customer
j_19b465e0ef,u_4fa18b55ae9d,2023-04-12 10:22:20,45.84,3,3,paid_search_google,price_sensitive
j_52d300f2bb,u_bd83aa87157c,2023-02-03 15:53:14,214.76,1,0,paid_social_instagram,repeat_customer
j_7bbfe44c0c,u_f20fe4787bd8,2023-07-14 19:47:10,175.4,2,3,paid_social_facebook,repeat_customer
j_49dd0a84cc,u_93dc33e6355b,2023-02-27 10:36:00,196.73,1,0,paid_social_facebook,repeat_customer
j_a12dc74bc4,u_7b9c3df9cac7,2023-11-16 11:11:02,103.35,3,15,paid_social_facebook,new_visitor
j_86ee13043a,u_b7f386a39d8d,2023-01-29 17:03:37,168.44,1,0,paid_search_google,repeat_customer
j_760923d24c,u_1af3bcfaa46f,2023-11-16 11:04:45,94.23,2,8,organic_search_seo,repeat_customer
j_7a9becbde1,u_d9cc718b9a73,2023-02-23 09:55:59,30.52,1,0,paid_search_google,price_sensitive
j_628c4558c5,u_b3cebf1fc6ff,2023-07-30 15:06:28,47.56,1,0,display_programmatic,price_sensitive
j_52d2c3c45a,u_0184c5808055,2023-05-19 21:43:01,66.96,7,23,paid_search_google,price_sensitive
j_e4aea90301,u_71551fa7c886,2023-08-11 20:30:34,141.34,6,15,paid_social_instagram,brand_aware_browser
j_2271a182bc,u_a966ee6ec1a7,2023-09-21 07:47:47,204.52,4,27,organic_search_seo,high_intent_shopper
j_52ec52916a,u_7903171d00da,2023-05-24 21:28:53,108.28,2,4,email_retargeting,high_intent_shopper
j_bffca2b68b,u_637a2773b9d4,2023-01-28 20:03:19,105.5,4,15,organic_search_seo,repeat_customer
j_eb8fc873b8,u_735bdb523427,2023-09-21 11:16:19,138.79,1,0,paid_social_facebook,high_intent_shopper
j_27194ebe1b,u_ad820ffa7952,2023-05-21 23:41:18,80.93,8,25,paid_social_instagram,high_intent_shopper
j_6881e3ac1a,u_d5b24474f1fa,2023-07-15 10:52:38,16.31,3,6,paid_search_google,price_sensitive
j_8c51c35ad4,u_afe16e28a074,2023-12-02 06:01:30,42.56,3,15,paid_social_instagram,new_visitor
j_e35b8c4a50,u_4f21c1ff414d,2023-11-29 17:00:49,65.88,2,9,influencer,high_intent_shopper
j_f1baeb8af6,u_acaa0a6e6e27,2023-07-26 12:47:54,105.39,7,27,paid_search_google,new_visitor
j_096e003e78,u_99730253995c,2023-08-17 11:18:48,87.89,3,12,organic_search_seo,repeat_customer
j_fa0415942e,u_9874f063a25b,2023-04-02 00:24:37,50.73,2,24,paid_social_facebook,price_sensitive
j_ff30eb9cb0,u_5e31095a2237,2023-12-01 18:21:46,203.96,1,0,display_programmatic,high_intent_shopper
j_4c2cf2f711,u_061eb4524015,2023-11-30 21:33:07,42.7,6,20,organic_search_seo,new_visitor
j_1b8b35c685,u_d54dc1b3efc4,2023-05-30 17:45:06,73.48,1,0,email_retargeting,high_intent_shopper
j_20ba0bf441,u_ddd70efca602,2023-11-19 20:25:48,147.97,1,0,influencer,high_intent_shopper
j_258eac18be,u_9b8981a0b86f,2023-03-30 13:21:33,90.93,2,10,paid_search_google,high_intent_shopper
j_e90c9d2759,u_81291f2cde50,2023-12-07 21:33:08,46.23,3,19,paid_search_google,brand_aware_browser
j_46b0efc613,u_7e512ef476dc,2023-12-12 22:54:08,52.64,4,10,email_retargeting,brand_aware_browser
j_bba4015898,u_008272b42bf2,2023-09-10 21:04:43,38.82,3,18,email_newsletter,price_sensitive
j_a5a99743fb,u_7ee116d3c564,2023-04-28 20:52:09,71.51,1,0,paid_social_facebook,repeat_customer
j_3290156b47,u_353cdc48ac8c,2023-10-23 08:07:24,194.94,1,0,organic_search_seo,high_intent_shopper
j_b23fb9ce5b,u_2b69309b7f44,2023-05-25 05:19:44,130.94,8,27,paid_search_bing,new_visitor
j_6b9821253e,u_1b7b6485fa39,2023-07-27 06:03:54,114.67,1,0,email_newsletter,high_intent_shopper
j_11cd5585c3,u_580022080954,2023-04-21 04:55:09,84.03,1,0,paid_social_instagram,repeat_customer
j_a9670ab73e,u_e7797f488395,2023-11-15 07:05:50,97.62,1,0,paid_social_instagram,repeat_customer
j_9519c76190,u_0b929bc6db77,2023-12-01 00:09:53,45.54,4,14,email_newsletter,price_sensitive
j_77ead9ac70,u_00a8ff94ed6b,2023-11-16 15:26:09,71.18,1,0,display_programmatic,repeat_customer
j_ec5f9e6890,u_1499ad0868c0,2023-12-03 13:58:55,91.99,1,0,email_newsletter,price_sensitive
j_59a1bd62e6,u_3843b784700c,2023-09-11 00:39:39,94.3,2,23,direct,repeat_customer
j_8fdd7c9fc2,u_6631b9339512,2023-02-04 07:38:36,80.16,2,13,paid_search_google,high_intent_shopper
j_63140b969c,u_119ce2783920,2023-03-07 13:11:36,65.63,2,18,paid_search_google,high_intent_shopper
j_5d4819af5c,u_a0774930e109,2023-05-28 21:39:27,54.78,1,0,email_newsletter,repeat_customer
j_f5e9ec7e4b,u_165ba05de920,2023-09-18 15:53:41,117.05,4,13,display_programmatic,high_intent_shopper
j_378a106bb3,u_7fde1b369d6d,2023-11-12 02:23:58,61.05,8,19,email_retargeting,new_visitor
j_1a2b5aa70f,u_95377bb16c98,2023-10-20 20:15:36,48.48,3,25,organic_search_seo,brand_aware_browser
j_1007bd8219,u_ff595a5cd093,2023-10-15 06:39:35,53.09,2,0,direct,brand_aware_browser
j_6240585ee0,u_4e5c03fb50a2,2023-03-18 00:45:41,98.5,2,6,email_newsletter,high_intent_shopper
j_6f8551b867,u_9f34a282fb7f,2023-12-10 05:51:38,115.68,3,25,paid_search_google,repeat_customer
j_8306171c4f,u_ecd56c4c6137,2023-08-29 04:13:53,195.42,1,0,paid_social_facebook,new_visitor
j_fa92c97b9e,u_2a98bdf64456,2023-05-04 22:08:08,45.03,9,26,paid_search_google,new_visitor
j_f76e7c3abd,u_5df3ab9c457b,2023-03-02 12:26:40,198.44,2,0,email_retargeting,repeat_customer
j_28a25f73fb,u_67b9af1fcbe9,2023-09-05 09:16:37,95.06,3,11,paid_social_facebook,repeat_customer
j_5d2b9a909b,u_5550cfc3bb03,2023-05-24 18:45:51,89.15,3,21,email_newsletter,repeat_customer
j_7bce96390e,u_06635ab12ee9,2023-03-09 16:51:21,41.19,1,0,paid_social_facebook,high_intent_shopper
j_17dfc266e0,u_1f00c673ce27,2023-09-21 16:26:11,52.46,11,26,paid_social_instagram,brand_aware_browser
j_cfe4916ef2,u_240e9cfe203a,2023-01-23 23:34:04,131.79,2,10,influencer,high_intent_shopper
j_414f40c7d7,u_a824beffbdf2,2023-08-05 09:33:00,134.91,1,0,email_newsletter,repeat_customer
j_97467c3a43,u_98cbead71669,2023-10-28 23:42:47,150.95,1,0,paid_social_facebook,repeat_customer
j_3ba59940ba,u_f56d87231057,2023-03-06 06:36:41,80.07,2,11,direct,high_intent_shopper
j_832de0bc9d,u_8096bb66ad7e,2023-03-05 20:28:35,161.02,3,10,paid_search_google,high_intent_shopper
j_1236de4735,u_c2bf2dcf88f4,2023-06-01 09:49:44,54.69,1,0,paid_social_instagram,high_intent_shopper
j_f3f8323498,u_570bceeada80,2023-05-05 09:17:44,69.84,4,17,email_retargeting,price_sensitive
j_0559831241,u_da57487d55f3,2023-09-28 18:39:20,34.35,2,21,paid_search_google,price_sensitive
j_f0b9fc5dd3,u_42700bd9cf79,2023-05-10 21:26:24,98.22,3,14,paid_search_google,price_sensitive
j_43b5789a7b,u_8795d4d4458a,2023-02-07 07:34:46,105.04,8,22,paid_search_google,new_visitor
j_2b1a2bd488,u_5ddcf2bb53e8,2023-11-23 18:16:59,49.36,4,24,email_newsletter,price_sensitive
j_276e59549b,u_f3fac5422274,2023-03-08 17:42:03,71.61,1,0,influencer,repeat_customer
j_cc75cb8fc3,u_486d217ed3aa,2023-08-07 07:03:34,84.46,3,6,paid_search_bing,high_intent_shopper
j_b9db0cdece,u_5cadb7dae666,2023-11-17 22:32:10,101.84,3,2,email_retargeting,price_sensitive
j_460524cfab,u_ba039903335a,2023-10-31 21:55:58,136.11,3,4,organic_search_seo,repeat_customer
j_ed4564fe5c,u_234b19c7afe7,2023-10-31 03:40:26,86.51,1,0,influencer,high_intent_shopper
j_44c51b1e6f,u_8ad936b93dd5,2023-12-20 02:18:55,47.66,8,20,paid_social_facebook,brand_aware_browser
j_2329648aad,u_15a7e06a5ae2,2023-06-21 07:49:31,118.48,2,19,paid_search_google,high_intent_shopper
j_1b1f1ea583,u_9e65a10cc044,2023-02-22 05:38:09,161.09,3,23,paid_search_google,high_intent_shopper
j_f6f322bbf7,u_01f357a6803d,2023-04-20 19:31:30,35.23,2,9,paid_search_google,price_sensitive
j_cfe29d4f34,u_7746d0759cd7,2023-09-14 18:28:24,95.83,3,5,paid_search_google,brand_aware_browser
j_c1085d3a59,u_8be9f49b6a3f,2023-11-14 10:37:07,109.45,2,16,paid_social_facebook,repeat_customer
j_c105d0c1ed,u_be3364f957fa,2023-02-07 10:54:35,173.89,3,22,paid_search_google,high_intent_shopper
j_b1c96e5fdf,u_e2eb40a863b0,2023-10-07 15:32:11,151.38,1,0,paid_social_instagram,high_intent_shopper
j_6611cdf0f4,u_99399027801d,2023-10-02 01:42:42,22.76,3,20,paid_social_facebook,price_sensitive
j_e3189bfb62,u_adc309712079,2023-10-28 02:29:57,103.01,3,26,paid_search_google,price_sensitive
j_fb6c206354,u_cbfd8cc2ab77,2023-10-30 00:06:00,183.74,1,0,display_programmatic,repeat_customer
j_8fb6d90431,u_6a58a895b02e,2023-08-29 07:51:48,91.08,2,2,paid_search_google,repeat_customer
j_01c95bbf29,u_ca11617ac99b,2023-12-19 23:46:57,49.24,5,15,paid_search_bing,brand_aware_browser
j_ce381abb99,u_e9ad38b8b648,2023-10-16 12:15:41,90.01,7,27,paid_social_facebook,new_visitor
j_50ce2bbc2f,u_b5ddc0f0476b,2023-10-25 19:32:23,173.72,2,19,paid_social_instagram,repeat_customer
j_4f32b37b92,u_1dd766440afd,2023-05-13 01:15:44,63.81,4,25,paid_social_instagram,repeat_customer
j_4b86249781,u_05dee685669c,2023-06-27 14:31:39,290.11,2,13,direct,high_intent_shopper
j_78ea25baa9,u_3d66afe61250,2023-02-03 18:10:24,81.36,1,0,email_newsletter,repeat_customer
j_053a5b166c,u_bb59b8914e16,2023-10-05 05:50:52,38.52,3,18,paid_search_google,price_sensitive
j_2abc7fe5cb,u_a714d8bc30cd,2023-06-20 07:41:53,29.73,1,0,display_programmatic,high_intent_shopper
j_0c725eb278,u_522ecc5b235b,2023-02-26 22:24:23,37.89,4,17,display_programmatic,brand_aware_browser
j_e7371bb42d,u_6a96c3a44f92,2023-04-22 21:07:28,27.96,3,8,paid_search_bing,price_sensitive
j_a44dcb2267,u_e90d777dd3be,2023-07-17 09:39:51,119.73,2,8,paid_search_bing,high_intent_shopper
j_4617082f7d,u_d64bd6fe9c57,2023-05-29 19:04:29,83.43,5,22,paid_search_google,new_visitor
j_51bf68f52e,u_35152d71cb64,2023-11-21 17:44:16,228.07,1,0,paid_search_google,high_intent_shopper
j_8ba7f259ae,u_45078eee0bd4,2023-11-21 11:26:23,78.76,1,0,paid_social_instagram,brand_aware_browser
j_fd9fe30e5a,u_0357f93303a3,2023-06-03 03:33:24,43.82,5,24,paid_search_google,price_sensitive
j_8dd2201644,u_3c7e204a384f,2023-11-09 23:06:08,60.01,4,2,paid_search_bing,new_visitor
j_cee6707ef9,u_ea6df817149d,2023-03-22 08:36:26,58.41,1,0,paid_social_instagram,repeat_customer
j_426e0dc13c,u_f1a116e5d690,2023-05-11 03:08:33,135.69,1,0,paid_social_facebook,repeat_customer
j_1724aecaa5,u_4b48e235a5c7,2023-11-02 08:49:03,63.3,1,0,paid_social_instagram,high_intent_shopper
j_9f4e603660,u_8d579cb1cd2f,2023-07-18 11:55:03,223.24,1,0,organic_search_seo,repeat_customer
j_d96c054e55,u_2a8eeb69e47c,2023-04-15 05:20:33,175.38,1,0,paid_social_facebook,brand_aware_browser
j_82c0883824,u_3a2768e5a998,2023-09-15 21:58:08,82.75,1,0,display_programmatic,high_intent_shopper
j_f2a5a65463,u_aa5b79d8c9c1,2023-12-06 11:01:29,149.09,1,0,display_programmatic,repeat_customer
j_b2ac4df820,u_2b8fe195baa9,2023-10-18 10:40:43,62.34,2,9,paid_social_instagram,high_intent_shopper
j_bd143d39e6,u_3798c12f6878,2023-02-24 08:37:41,81.18,1,0,paid_social_facebook,repeat_customer
j_76bb19edbd,u_164136b6f906,2023-03-06 05:41:27,83.99,2,9,paid_social_facebook,high_intent_shopper
j_3161cbeb2f,u_39448616a7dd,2023-02-18 07:07:42,47.41,1,0,paid_social_facebook,price_sensitive
j_59c18582ba,u_c222df2f5249,2023-05-04 11:50:09,146.75,5,8,influencer,high_intent_shopper
j_c2fd226832,u_a187df1f931c,2023-12-19 08:56:19,99.07,4,7,organic_search_seo,brand_aware_browser
j_61e8f0771c,u_af2ef7b28c4b,2023-03-31 03:34:51,100.57,1,0,influencer,repeat_customer
j_82cab0b351,u_0f19200d23a6,2023-03-11 19:23:56,72.45,5,13,paid_social_instagram,price_sensitive
j_2b35f424d1,u_cd4317642a38,2023-07-09 14:30:12,46.95,2,0,paid_social_facebook,price_sensitive
j_e53605ab2d,u_1748239c3e41,2023-06-18 01:13:08,110.73,1,0,organic_search_seo,repeat_customer
j_ce57650b80,u_59b0c1abcfb2,2023-07-01 16:58:19,39.78,2,7,display_programmatic,price_sensitive
j_ab7f8693dc,u_efbd8f41ffd6,2023-12-10 22:24:36,97.04,2,0,influencer,repeat_customer
j_b679a9cdde,u_e2ca06e2e06e,2023-05-08 15:00:15,133.38,1,0,paid_social_facebook,repeat_customer
j_1114849dcc,u_724ab184436a,2023-08-11 03:27:09,118.81,1,0,paid_search_bing,repeat_customer
j_bead439fb2,u_ff1163295e22,2023-10-19 06:48:34,85.06,1,0,email_retargeting,high_intent_shopper
j_7c48f23103,u_e05e12f7df6d,2023-12-04 17:14:17,109.29,3,17,paid_search_bing,repeat_customer
j_b5965d1b31,u_0a20167b033f,2023-11-26 16:09:05,30.02,1,0,paid_social_facebook,new_visitor
j_b664a4a7ed,u_72f3ca481aa5,2023-11-02 08:06:49,64.8,1,0,display_programmatic,repeat_customer
j_3267a65eaa,u_baaa17895021,2023-02-19 09:45:24,66.79,6,23,paid_search_google,price_sensitive
j_9d84c8be82,u_6f9a7d73bb38,2023-06-11 18:11:17,97.75,1,0,paid_social_instagram,high_intent_shopper
j_ad5c71c382,u_4a1f1717aaa1,2023-08-21 22:33:23,112.74,2,1,organic_search_seo,high_intent_shopper
j_5acfd11b44,u_5982023537e4,2023-04-30 16:10:37,98.98,1,0,paid_social_facebook,brand_aware_browser
j_60661018a0,u_ce4b425b0871,2023-03-11 03:58:37,55.18,1,0,direct,high_intent_shopper
j_f0950a18bc,u_4664dc5e7f83,2023-02-25 19:37:34,158.08,2,13,organic_search_seo,high_intent_shopper
j_e3392fc84d,u_7281b14a3a7f,2023-03-07 11:54:03,145.64,1,0,paid_social_facebook,repeat_customer
j_2ed33109ac,u_8b3248a27f54,2023-12-12 16:56:42,134.84,3,22,paid_search_google,repeat_customer
j_807a2ed397,u_c26120f8330c,2023-06-05 01:29:40,66.35,4,21,paid_search_google,new_visitor
j_264eac4cd3,u_877faf07f9b5,2023-09-03 03:36:42,197.19,2,3,paid_search_google,high_intent_shopper
j_41623494ae,u_e2c692810ca7,2023-12-16 12:30:22,45.38,3,5,influencer,repeat_customer
j_22bc4c680b,u_d4e6edda3d7c,2023-04-10 10:52:33,38.55,4,23,paid_search_google,new_visitor
j_196872be2c,u_22d9e2acd7cb,2023-11-25 16:03:54,55.54,2,24,email_retargeting,high_intent_shopper
j_6d61ee22a4,u_4d975e7519d9,2023-05-05 10:02:10,83.04,5,25,paid_search_google,brand_aware_browser
j_52ea8d7669,u_aa381844c3e5,2023-04-24 08:03:24,35.63,6,22,email_retargeting,new_visitor
j_f488ae2d52,u_46d897c10c1e,2023-12-06 18:37:25,33.49,3,4,direct,price_sensitive
j_619e2867db,u_fde6c791fd30,2023-02-08 21:45:10,74.61,1,0,paid_social_facebook,brand_aware_browser
j_12164e6413,u_ff36f69dc541,2023-10-08 16:42:27,29.54,2,10,paid_search_google,price_sensitive
j_fe01edc3fb,u_da1646233e02,2023-05-04 14:51:40,33.57,1,0,paid_social_facebook,price_sensitive
j_af0de793da,u_11937bc99ea0,2023-03-20 20:40:15,237.77,1,0,display_programmatic,repeat_customer
j_c8b14527f4,u_49d522262253,2023-06-18 14:22:16,108.69,1,0,paid_social_facebook,high_intent_shopper
j_9f4bf3d764,u_d1eddf654011,2023-02-06 01:26:44,84.25,3,11,paid_search_bing,high_intent_shopper
j_d97548317d,u_aa50ddb26df3,2023-10-21 03:36:07,119.34,2,8,display_programmatic,brand_aware_browser
j_f31f54d9f2,u_707e7d2c70cd,2023-12-07 01:51:31,115.46,1,0,direct,high_intent_shopper
j_9297128cef,u_a88127d504bc,2023-11-24 21:41:43,216.55,4,19,email_newsletter,repeat_customer
j_ab633c6a1a,u_27ed6a4b968a,2023-09-23 07:47:35,78.03,2,6,paid_social_facebook,high_intent_shopper
j_6708ea4bbb,u_83f492a1d509,2023-05-18 14:35:49,252.45,6,14,organic_search_seo,repeat_customer
j_9363a5e525,u_92dcd35ebf5f,2023-05-24 09:41:06,42.34,1,0,display_programmatic,high_intent_shopper
j_1342f01a26,u_e5a6bc565897,2023-10-17 11:31:39,104.0,6,15,paid_search_google,new_visitor
j_ace9d24772,u_58d9090f2c5d,2023-07-01 16:44:40,31.21,1,0,paid_social_instagram,high_intent_shopper
j_4326169679,u_02114241a8e2,2023-07-25 15:49:19,244.54,3,7,paid_social_facebook,repeat_customer
j_1a84e99c79,u_13d581574520,2023-06-30 01:07:19,48.9,1,0,display_programmatic,high_intent_shopper
j_4132dd4956,u_38b5dd1428ba,2023-03-03 16:22:13,64.97,4,7,paid_search_google,new_visitor
j_914c4f3fff,u_baa038daa641,2023-08-29 18:46:18,100.47,2,22,display_programmatic,brand_aware_browser
j_47ab801853,u_4ce8d1a55b3e,2023-05-17 07:35:24,42.92,4,8,paid_search_bing,price_sensitive
j_429f92a2ae,u_fe1fdc3c72cf,2023-09-20 01:55:18,75.2,4,3,email_retargeting,brand_aware_browser
j_f68c09dff4,u_77bcc050b47d,2023-03-15 00:29:34,51.86,1,0,influencer,high_intent_shopper
j_6babf21028,u_bcda84b88edd,2023-04-04 03:57:58,167.47,1,0,direct,high_intent_shopper
j_d92e825a2b,u_be36f7afefe1,2023-07-17 02:54:35,93.49,2,0,paid_social_facebook,repeat_customer
j_bb7547f4ae,u_a562a9fde3dc,2023-04-01 19:09:02,54.91,2,2,direct,repeat_customer
j_67dbbe81cf,u_81113e1c6953,2023-05-15 14:52:42,56.27,4,9,paid_search_google,brand_aware_browser
j_37404bee14,u_9f17ae8496da,2023-01-25 15:37:28,180.23,1,0,paid_social_instagram,repeat_customer
j_fba877261f,u_1d7b9d1a8c90,2023-10-02 18:32:54,63.61,3,19,paid_search_google,price_sensitive
j_2426636f99,u_9927553534bf,2023-10-29 19:10:44,128.15,3,13,paid_search_google,high_intent_shopper
j_267b56b637,u_64206e721f35,2023-03-03 11:28:42,131.9,1,0,paid_social_instagram,high_intent_shopper
j_1e26d1898e,u_accc102bead3,2023-03-09 10:58:59,64.39,1,0,paid_search_google,high_intent_shopper
j_f275b6934c,u_fe8ece927cac,2023-02-03 22:28:15,73.04,1,0,paid_social_facebook,high_intent_shopper
j_6d04e7a2d6,u_d4393ce3b665,2023-05-01 15:43:54,59.95,3,9,paid_social_instagram,price_sensitive
j_2fad19c296,u_c893dda2deb0,2023-07-14 00:24:34,113.88,2,11,direct,repeat_customer
j_a30716d7e7,u_225918c1a076,2023-02-18 08:53:01,72.39,2,1,display_programmatic,high_intent_shopper
j_5a950e397f,u_60d9444aa075,2023-08-23 18:11:32,130.4,5,19,display_programmatic,brand_aware_browser
j_2b8f31d060,u_6a45615ff5d2,2023-01-24 20:31:12,103.42,1,0,email_newsletter,repeat_customer
j_1eacd47ddf,u_e8c93ebfafc2,2023-06-29 18:45:43,47.81,1,0,email_newsletter,high_intent_shopper
j_44ff1ac14c,u_e61ccfe544de,2023-04-25 23:49:00,232.05,1,0,paid_social_facebook,repeat_customer
j_9e19095f13,u_37073f561528,2023-10-23 02:46:23,76.13,1,0,organic_search_seo,repeat_customer
j_f4e58188e3,u_c99b318ca650,2023-02-01 22:05:04,61.38,9,22,organic_search_seo,new_visitor
j_230866c4c6,u_cc593ce348af,2023-04-08 19:35:37,73.66,5,24,email_newsletter,price_sensitive
j_73ca9abee0,u_9457bfdfff87,2023-05-20 01:34:13,153.16,1,0,paid_search_bing,repeat_customer
j_bd7e446a5d,u_9176ad8ddc90,2023-10-10 04:56:43,94.91,1,0,paid_social_facebook,high_intent_shopper
j_284d8b89ba,u_b05806a5f664,2023-06-02 03:55:13,100.7,1,0,paid_social_facebook,high_intent_shopper
j_3a752aa483,u_31b63b857f0e,2023-09-19 15:52:41,78.57,1,0,display_programmatic,repeat_customer
j_e3f56b892a,u_6b1ce0f4785c,2023-03-15 18:08:27,103.53,2,6,paid_social_facebook,high_intent_shopper
j_18f0a05ae8,u_455398c271cf,2023-03-07 21:08:46,33.35,2,19,paid_search_google,high_intent_shopper
j_378b76d695,u_9a06df73632c,2023-01-08 16:04:22,67.58,1,0,paid_social_facebook,repeat_customer
j_5cdcf63361,u_8746428de46d,2023-11-12 11:48:31,89.27,1,0,paid_social_instagram,repeat_customer
j_c5ec8eba23,u_59b0970f4551,2023-06-23 09:07:53,20.88,2,10,direct,price_sensitive
j_6892c03f46,u_08d30c78d0f5,2023-09-18 23:33:55,110.77,1,0,organic_search_seo,repeat_customer
j_a4917d90d9,u_be45173b3f83,2023-07-03 21:52:04,39.83,7,26,paid_social_facebook,price_sensitive
j_50d79138c4,u_d97b25eed1ad,2023-06-23 22:51:03,144.84,2,26,paid_social_facebook,repeat_customer
j_f8fc283b43,u_57fc1ffee28c,2023-10-12 07:43:21,182.23,2,10,email_newsletter,repeat_customer
